id,athlete_id,recruit_type,year,ranking,name,school,committed_to,position,height,weight,stars,rating,city,state_province,country,hometown_info_latitude,hometown_info_longitude,hometown_info_fips_code,position_group,nfl_display_name,nfl_position,nfl_position_group,college_name,college_conference,rookie_season,last_season,draft_round,made_nfl
145869,3122752,HighSchool,2013,267,Kenny Clark,Wilmer Amina Carter,UCLA,DT,74,280,4,0.9047,Rialto,CA,USA,34.1064001,-117.3703235,06071,DL,Kenny Clark,NT,DL,UCLA,Pacific Twelve Conference,2016,2025,1,TRUE
147201,3932336,HighSchool,2013,1610,Francis Bernard,Herriman,BYU,APB,72,205,3,0.81,Herriman,UT,USA,40.5140894,-112.0328198,49035,RB,Francis Bernard,LB,LB,Utah,Pacific Twelve Conference,2020,2021,NA,TRUE
141832,3122132,HighSchool,2014,2,Myles Garrett,Martin,Texas A&M,WDE,76,240,5,0.9992,Arlington,TX,USA,32.701938999999996,-97.10562379033699,48439,DL,Myles Garrett,DE,DL,Texas A&M,Southeastern Conference,2017,2025,1,TRUE
141833,3115962,HighSchool,2014,3,Jabrill Peppers,Paramus Catholic,Michigan,ATH,72,205,5,0.9992,Paramus,NJ,USA,40.9452911,-74.0735899,34003,ATH,Jabrill Peppers,FS,DB,Michigan,Big Ten Conference,2017,2025,1,TRUE
141835,3126352,HighSchool,2014,5,Da'Shawn Hand,Woodbridge,Alabama,SDE,76,265,5,0.9979,Woodbridge,VA,USA,38.6581723,-77.2497049,51153,DL,Da'Shawn Hand,DE,DL,Alabama,Southeastern Conference,2018,2025,4,TRUE
141836,3124020,HighSchool,2014,6,Quin Blanding,Bayside,Virginia,S,74,200,5,0.9967,Virginia Beach,VA,USA,36.8529841,-75.9774183,51810,DB,Quin Blanding,DB,DB,Virginia,Atlantic Coast Conference,2019,2019,NA,TRUE
141837,3120347,HighSchool,2014,7,Adoree' Jackson,Junipero Serra,USC,CB,69.5,182,5,0.996,Gardena,CA,USA,33.8963593,-118.3053037,06037,DB,Adoree' Jackson,CB,DB,USC,Pacific Twelve Conference,2017,2025,1,TRUE
141841,3126356,HighSchool,2014,11,Marlon Humphrey,Hoover,Alabama,CB,73,175,5,0.9942,Hoover,AL,USA,33.3848933,-86.8070484,01073,DB,Marlon Humphrey,CB,DB,Alabama,Southeastern Conference,2017,2025,1,TRUE
141842,3116761,HighSchool,2014,12,Andrew Brown,Oscar Smith,Virginia,DT,76,282,5,0.9941,Chesapeake,VA,USA,36.7183708,-76.2466798,51550,DL,Andrew Brown,DT,DL,Virginia,Atlantic Coast Conference,2018,2023,5,TRUE
141843,3116593,HighSchool,2014,13,Dalvin Cook,Miami Central,Florida State,RB,71,190,5,0.994,Miami,FL,USA,25.7742658,-80.1936589,12086,RB,Dalvin Cook,RB,RB,Florida State,Atlantic Coast Conference,2017,2024,2,TRUE
141844,3126349,HighSchool,2014,14,Rashaan Evans,Auburn,Alabama,OLB,75,220,5,0.9926,Auburn,AL,USA,32.6550905,-85.50364346309962,01081,LB,Rashaan Evans,ILB,LB,Alabama,Southeastern Conference,2018,2024,1,TRUE
141848,3128715,HighSchool,2014,18,Lorenzo Carter,Norcross,Georgia,WDE,77,232,5,0.9913,Norcross,GA,USA,33.9412127,-84.2135309,13135,DL,Lorenzo Carter,LB,LB,Georgia,Southeastern Conference,2018,2024,3,TRUE
141850,3128721,HighSchool,2014,20,Sony Michel,American Heritage,Georgia,RB,71,205,5,0.9905,Fort Lauderdale,FL,USA,26.1223084,-80.1433786,12011,RB,Sony Michel,RB,RB,Georgia,Southeastern Conference,2018,2022,1,TRUE
141852,3121423,HighSchool,2014,22,Raekwon McMillan,Liberty County,Ohio State,ILB,74,242,5,0.9896,Hinesville,GA,USA,31.8477298,-81.5960354,13179,LB,Raekwon McMillan,MLB,LB,Ohio State,Big Ten Conference,2017,2024,2,TRUE
141853,3121583,HighSchool,2014,23,Roc Thomas,Oxford,Auburn,RB,71,196,5,0.9894,Oxford,AL,USA,33.5853695,-85.91428175037092,01121,RB,Roc Thomas,RB,RB,Jacksonville State; Auburn,NA,2018,2018,NA,TRUE
141855,3123045,HighSchool,2014,25,Chad Thomas,Booker T. Washington,Miami,WDE,77,240,5,0.9887,Miami,FL,USA,25.7742658,-80.1936589,12086,DL,Chad Thomas,DE,DL,Miami,Atlantic Coast Conference,2018,2019,3,TRUE
141856,3117258,HighSchool,2014,26,Solomon Thomas,Coppell,Stanford,SDE,74.5,258,5,0.9885,Coppell,TX,USA,32.9552598,-97.0155703,48113,DL,Solomon Thomas,DE,DL,Stanford,Pacific Twelve Conference,2017,2025,1,TRUE
141860,3128348,HighSchool,2014,30,KD Cannon,Mount Pleasant,Baylor,WR,72,162,5,0.9858,Mount Pleasant,TX,USA,33.1570582,-94.9694007,48449,WR,KD Cannon,WR,WR,Baylor,NA,2017,2017,NA,TRUE
141861,3134681,HighSchool,2014,31,Malik McDowell,Southfield,Michigan State,SDE,79,290,5,0.9853,Detroit,MI,USA,42.3315509,-83.046640300000007,26163,DL,Malik McDowell,DT,DL,Michigan State,Big Ten Conference,2017,2021,2,TRUE
141863,3128720,HighSchool,2014,33,Nick Chubb,Cedartown,Georgia,RB,71,216,5,0.9846,Cedartown,GA,USA,34.0124425,-85.2559398,13233,RB,Nick Chubb,RB,RB,Georgia,Southeastern Conference,2018,2025,2,TRUE
141864,3122672,HighSchool,2014,34,Royce Freeman,Imperial,Oregon,RB,71.5,215,4,0.9831,Imperial,CA,USA,32.8475529,-115.5694391,06025,RB,Royce Freeman,RB,RB,Oregon,NA,2018,2025,3,TRUE
141866,3121433,HighSchool,2014,36,Damon Webb,Cass Technical,Ohio State,CB,71,180,4,0.983,Detroit,MI,USA,42.3315509,-83.046640300000007,26163,DB,Damon Webb,DB,DB,Ohio State,Big Ten Conference,2018,2018,NA,TRUE
141870,3126362,HighSchool,2014,40,Christian Miller,Spring Valley,Alabama,OLB,76,222,4,0.9804,Columbia,SC,USA,34.0007493,-81.0343313,45079,LB,Christian Miller,LB,LB,Alabama,Southeastern Conference,2019,2020,4,TRUE
141872,3122840,HighSchool,2014,42,Deshaun Watson,Gainesville,Clemson,DUAL,75,200,4,0.9794,Gainesville,GA,USA,34.2978794,-83.8240663,13139,QB,Deshaun Watson,QB,QB,Clemson,Atlantic Coast Conference,2017,2025,1,TRUE
141873,3122935,HighSchool,2014,43,Travis Rudolph,Cardinal Newman,Florida State,WR,73,185,4,0.9788,West Palm Beach,FL,USA,26.715364,-80.0532942,12099,WR,Travis Rudolph,WR,WR,Florida State,NA,2017,2018,NA,TRUE
141874,3116690,HighSchool,2014,44,Elijah Hood,Charlotte Catholic,North Carolina,RB,71.5,222,4,0.9773,Charlotte,NC,USA,35.2272,-80.843083,37119,RB,Elijah Hood,RB,RB,North Carolina,NA,2017,2018,7,TRUE
141882,3121408,HighSchool,2014,52,Dante Booker,St. Vincent-St. Mary,Ohio State,OLB,75,212,4,0.9743,Akron,OH,USA,41.083064,-81.518485,39153,LB,Dante Booker,LB,LB,Ohio State,NA,2019,2019,NA,TRUE
141883,3127287,HighSchool,2014,53,Budda Baker,Bellevue,Washington,ATH,69,174,4,0.9741,Bellevue,WA,USA,47.6144219,-122.1923372,53033,ATH,Budda Baker,S,DB,Washington,Pacific Twelve Conference,2017,2025,2,TRUE
141885,3121421,HighSchool,2014,55,Marshon Lattimore,Glenville,Ohio State,CB,72,175,4,0.9736,Cleveland,OH,USA,41.5051613,-81.6934446,39035,DB,Marshon Lattimore,CB,DB,Ohio State,Big Ten Conference,2017,2025,1,TRUE
141886,3121427,HighSchool,2014,56,Curtis Samuel,Erasmus Hall,Ohio State,ATH,72,185,4,0.972,Brooklyn,NY,USA,40.6501038,-73.9495823,36047,ATH,Curtis Samuel,WR,WR,Ohio State,Big Ten Conference,2017,2025,2,TRUE
141889,3121417,HighSchool,2014,59,Jamarco Jones,De La Salle Institute,Ohio State,OT,77,290,4,0.9708,Chicago,IL,USA,41.8755616,-87.6244212,17031,OL,Jamarco Jones,OT,OL,Ohio State,Big Ten Conference,2018,2025,5,TRUE
141891,3129308,HighSchool,2014,61,Quenton Nelson,Red Bank Catholic,Notre Dame,OT,77,295,4,0.9707,Red Bank,NJ,USA,40.3470543,-74.0643065,34025,OL,Quenton Nelson,G,OL,Notre Dame,Independent,2018,2025,1,TRUE
141900,3122839,HighSchool,2014,70,Artavis Scott,East Lake,Clemson,WR,70,175,4,0.9674,Tarpon Springs,FL,USA,28.148082950000003,-82.74380159717906,12103,WR,Artavis Scott,WR,WR,Clemson,Atlantic Coast Conference,2017,2020,NA,TRUE
141903,3126364,HighSchool,2014,73,Ross Pierschbacher,Cedar Falls,Alabama,OT,76,290,4,0.9657,Cedar Falls,IA,USA,42.5274123,-92.4453179,19013,OL,Ross Pierschbacher,C,OL,Alabama,Southeastern Conference,2019,2023,5,TRUE
141906,3121414,HighSchool,2014,76,Jalyn Holmes,Lake Taylor,Ohio State,WDE,77,225,4,0.965,Norfolk,VA,USA,36.8462923,-76.2929252,51710,DL,Jalyn Holmes,DT,DL,Ohio State,Big Ten Conference,2018,2025,4,TRUE
141907,3121413,HighSchool,2014,77,Johnnie Dixon,Dwyer,Ohio State,WR,70,187,4,0.9644,Palm Beach Gardens,FL,USA,26.8418256,-80.13590694666684,12099,WR,Johnnie Dixon,WR,WR,Ohio State,Big Ten Conference,2019,2019,NA,TRUE
141908,3128390,HighSchool,2014,78,Allen Lazard,Urbandale,Iowa State,WR,76.5,207,4,0.9641,Urbandale,IA,USA,41.6274552,-93.7380624,19153,WR,Allen Lazard,WR,WR,Iowa State,Big Twelve Conference,2018,2025,NA,TRUE
141909,3126350,HighSchool,2014,79,Joshua Frazier,Har-Ber,Alabama,DT,75,325,4,0.9636,Springdale,AR,USA,36.1867442,-94.1288142,05143,DL,Josh Frazier,DT,DL,Alabama,NA,2018,2018,7,TRUE
141911,3128698,HighSchool,2014,81,Bijhon Jackson,El Dorado,Arkansas,DT,73.75,334,4,0.9636,El Dorado,AR,USA,33.20763,-92.6662674,05139,DL,Bijhon Jackson,DT,DL,Arkansas,NA,2019,2019,NA,TRUE
141919,3122666,HighSchool,2014,89,Arrion Springs,Roosevelt,Oregon,CB,71,192,4,0.9603,San Antonio,TX,USA,29.4246002,-98.4951405,48029,DB,Arrion Springs,DB,DB,Oregon,NA,2018,2018,NA,TRUE
141921,3117251,HighSchool,2014,91,Christian McCaffrey,Valor Christian,Stanford,APB,72,195,4,0.9593,Littleton,CO,USA,39.613321,-105.0166498,08005,RB,Christian McCaffrey,RB,RB,Stanford,Pacific Twelve Conference,2017,2025,1,TRUE
141927,3122930,HighSchool,2014,97,Derrick Nnadi,Ocean Lakes,Florida State,DT,73,305,4,0.9553,Virginia Beach,VA,USA,36.8529841,-75.9774183,51810,DL,Derrick Nnadi,NT,DL,Florida State,Atlantic Coast Conference,2018,2025,3,TRUE
141931,3117256,HighSchool,2014,101,Dalton Schultz,Bingham,Stanford,TE,77,215,4,0.953,South Jordan,UT,USA,40.5621704,-111.929658,49035,TE,Dalton Schultz,TE,TE,Stanford,Pacific Twelve Conference,2018,2025,4,TRUE
141934,3116726,HighSchool,2014,104,Kentavius Street,J.H. Rose,NC State,SDE,74,264,4,0.9517,Greenville,NC,USA,35.612661,-77.3663538,37147,DL,Kentavius Street,DE,DL,N.C. State,Atlantic Coast Conference,2018,2025,4,TRUE
141938,3116387,HighSchool,2014,108,Steven Parker,Jenks,Oklahoma,S,74,188,4,0.9489,Jenks,OK,USA,36.0228734,-95.9683278,40143,DB,Steven Parker,DB,DB,Oklahoma,Big Twelve Conference,2018,2022,NA,TRUE
141940,3128713,HighSchool,2014,110,Isaiah Wynn,Lakewood,Georgia,OG,74,272,4,0.9473,St. Petersburg,FL,USA,27.7703796,-82.6695085,12103,OL,Isaiah Wynn,G,OL,Georgia,Southeastern Conference,2018,2024,1,TRUE
141947,3122838,HighSchool,2014,117,Trevion Thompson,Hillside,Clemson,WR,75,188,4,0.9451,Durham,NC,USA,35.996653,-78.9018053,37063,WR,Trevion Thompson,WR,WR,Clemson,NA,2019,2019,NA,TRUE
141948,3115979,HighSchool,2014,118,Bryan Mone,Highland,Michigan,DT,76,338,4,0.945,Salt Lake City,UT,USA,40.7596198,-111.8867975,49035,DL,Bryan Mone,NT,DL,Michigan,Big Ten Conference,2019,2023,NA,TRUE
141961,3116365,HighSchool,2014,131,Mark Andrews,Desert Mountain,Oklahoma,WR,78,230,4,0.9407,Scottsdale,AZ,USA,33.4942189,-111.9260184,04013,WR,Mark Andrews,TE,TE,Oklahoma,Big Twelve Conference,2018,2025,3,TRUE
141962,3117414,HighSchool,2014,132,Adarius Pickett,El Cerrito,UCLA,CB,71,175,4,0.9404,El Cerrito,CA,USA,37.9154056,-122.301411,06013,DB,Adarius Pickett,DB,DB,UCLA,NA,2019,2019,NA,TRUE
141964,3122915,HighSchool,2014,134,Demarcus Christmas,Manatee,Florida State,DT,76,287,4,0.9399,Bradenton,FL,USA,27.4989278,-82.5748194,12081,DL,Demarcus Christmas,DT,DL,Florida State,Atlantic Coast Conference,2019,2021,6,TRUE
141969,3121410,HighSchool,2014,139,Parris Campbell,St. Vincent-St. Mary,Ohio State,WR,72,184,4,0.9389,Akron,OH,USA,41.083064,-81.518485,39153,WR,Parris Campbell,WR,WR,Ohio State,Big Ten Conference,2019,2025,2,TRUE
141970,3116155,HighSchool,2014,140,Saeed Blacknall,Manalapan,Penn State,WR,75,210,4,0.9389,Englishtown,NJ,USA,40.2973319,-74.3582041,34025,WR,Saeed Blacknall,WR,WR,Penn State,Big Ten Conference,2018,2019,NA,TRUE
141972,3123048,HighSchool,2014,142,Brad Kaaya,Chaminade,Miami,PRO,76,215,4,0.9375,West Hills,CA,USA,34.2032325,-118.645476,06037,QB,Brad Kaaya,QB,QB,Miami,NA,2017,2018,6,TRUE
141977,3125208,HighSchool,2014,147,Andrew Trumbetti,Northern Valley Regional - Demarest,Notre Dame,SDE,77,250,4,0.9363,Demarest,NJ,USA,40.9573205,-73.9634708,34003,DL,Andrew Trumbetti,LB,LB,Notre Dame,NA,2018,2018,NA,TRUE
141983,3121587,HighSchool,2014,153,Dontavius Russell,Carrollton,Auburn,DT,75,300,4,0.9344,Carrollton,GA,USA,33.5801103,-85.0766113,13045,DL,Dontavius Russell,DT,DL,Auburn,Southeastern Conference,2019,2020,7,TRUE
141989,3116136,HighSchool,2014,159,Justin Jackson,Glenbard North,Northwestern,APB,71,180,4,0.9316,Carol Stream,IL,USA,41.9125286,-88.1347927,17043,RB,Justin Jackson,RB,RB,Northwestern,Big Ten Conference,2018,2022,7,TRUE
141991,3134314,HighSchool,2014,161,Austin Roberts,Carmel,UCLA,ATH,74,211,4,0.9308,Carmel,IN,USA,39.9788017,-86.1189257,18057,ATH,Austin Roberts,TE,TE,UCLA,NA,2018,2018,NA,TRUE
141995,3122141,HighSchool,2014,165,Otaro Alaka,Cy Falls,Texas A&M,OLB,75,205,4,0.9304,Houston,TX,USA,29.7589382,-95.3676974,48201,LB,Otaro Alaka,LB,LB,Texas A&M,Southeastern Conference,2019,2021,NA,TRUE
141998,3117253,HighSchool,2014,168,Bobby Okereke,Foothill,Stanford,OLB,75,215,4,0.9299,Santa Ana,CA,USA,33.7494951,-117.8732213,06059,LB,Bobby Okereke,ILB,LB,Stanford,Pacific Twelve Conference,2019,2025,3,TRUE
142002,3116602,HighSchool,2014,172,Trey Marshall,Columbia,Florida State,S,71,196,4,0.9293,Lake City,FL,USA,30.1896756,-82.6392899,12023,DB,Trey Marshall,DB,DB,Florida State,Atlantic Coast Conference,2018,2021,NA,TRUE
142003,3116165,HighSchool,2014,173,Chris Godwin,Middletown,Penn State,WR,73,193,4,0.9293,Middletown,DE,USA,39.4496857,-75.7166811,10003,WR,Chris Godwin Jr.,WR,WR,Penn State,Big Ten Conference,2017,2025,3,TRUE
142005,3134310,HighSchool,2014,175,Kenny Young,John Curtis,UCLA,ILB,74,220,4,0.9284,New Orleans,LA,USA,29.9499323,-90.0701156,22071,LB,Kenny Young,ILB,LB,UCLA,Pacific Twelve Conference,2018,2022,4,TRUE
142013,3121416,HighSchool,2014,183,Sam Hubbard,Archbishop Moeller,Ohio State,ATH,78,225,4,0.926,Cincinnati,OH,USA,39.1014537,-84.5124602,39061,ATH,Sam Hubbard,DE,DL,Ohio State,Big Ten Conference,2018,2024,3,TRUE
142020,3116144,HighSchool,2014,190,Clayton Thorson,Wheaton North,Northwestern,PRO,76,205,4,0.9244,Wheaton,IL,USA,41.8646959,-88.1101709,17043,QB,Clayton Thorson,QB,QB,Northwestern,Big Ten Conference,2019,2021,5,TRUE
142025,3128740,HighSchool,2014,195,Breeland Speaks,Callaway,Ole Miss,DT,75,270,4,0.9225,Jackson,MS,USA,32.2990384,-90.1847691,28049,DL,Breeland Speaks,DE,DL,Mississippi,Southeastern Conference,2018,2021,2,TRUE
142026,3121409,HighSchool,2014,196,Noah Brown,Pope John XXIII,Ohio State,ATH,74,212,4,0.9219,Sparta,NJ,USA,41.0401567,-74.6310081,34037,ATH,Noah Brown,WR,WR,Ohio State,Big Ten Conference,2017,2025,7,TRUE
142028,3134683,HighSchool,2014,198,Montae Nicholson,Gateway,Michigan State,S,75,200,4,0.9214,Monroeville,PA,USA,40.4211798,-79.7881025,42003,DB,Montae Nicholson,FS,DB,Michigan State,Big Ten Conference,2017,2019,4,TRUE
142034,3122136,HighSchool,2014,204,Armani Watts,North Forney,Texas A&M,S,70.5,179,4,0.9201,Forney,TX,USA,32.747893,-96.4719289,48257,DB,Armani Watts,DB,DB,Texas A&M,Southeastern Conference,2018,2022,4,TRUE
142040,3128630,HighSchool,2014,210,Chris Lammons,Plantation,South Carolina,CB,69.5,170,4,0.9179,Fort Lauderdale,FL,USA,26.1223084,-80.1433786,12011,DB,Chris Lammons,DB,DB,South Carolina,Southeastern Conference,2018,2025,NA,TRUE
142041,3117242,HighSchool,2014,211,Joey Alfieri,Jesuit,Stanford,OLB,75,220,4,0.9179,Portland,OR,USA,45.5202471,-122.6741949,41051,LB,Joey Alfieri,LB,LB,Stanford,NA,2019,2019,NA,TRUE
142046,3116164,HighSchool,2014,216,Mike Gesicki,Southern Reg,Penn State,TE,77,236,4,0.9159,Manahawkin,NJ,USA,39.695397,-74.2587527,34029,TE,Mike Gesicki,TE,TE,Penn State,Big Ten Conference,2018,2025,2,TRUE
142048,3129307,HighSchool,2014,218,Sam Mustipher,Our Lady of Good Counsel,Notre Dame,OG,75,285,4,0.9155,Olney,MD,USA,39.1532123,-77.0668408,24031,OL,Sam Mustipher,C,OL,Notre Dame,Independent,2019,2025,NA,TRUE
142053,3116132,HighSchool,2014,223,Garrett Dickerson,Bergen Catholic,Northwestern,WDE,76,240,4,0.9148,Oradell,NJ,USA,40.9543943,-74.0308504,34003,DL,Garrett Dickerson,TE,TE,Northwestern,Big Ten Conference,2018,2019,NA,TRUE
142066,3129302,HighSchool,2014,236,DeShone Kizer,Central Catholic,Notre Dame,PRO,77,207,4,0.9105,Toledo,OH,USA,41.6786754,-83.5127283,39095,QB,DeShone Kizer,QB,QB,Notre Dame,Independent,2017,2021,2,TRUE
142074,3121422,HighSchool,2014,244,Terry McLaurin,Cathedral,Ohio State,WR,72,190,4,0.9082,Indianapolis,IN,USA,39.7683331,-86.1583502,18097,WR,Terry McLaurin,WR,WR,Ohio State,Big Ten Conference,2019,2025,3,TRUE
142077,3122865,HighSchool,2014,247,Jackson Barton,Brighton,Utah,OT,79,286,4,0.9072,Salt Lake City,UT,USA,40.7596198,-111.8867975,49035,OL,Jackson Barton,OT,OL,Utah,Pacific Twelve Conference,2019,2024,7,TRUE
142079,3116389,HighSchool,2014,249,Samaje Perine,Hendrickson,Oklahoma,RB,71,233,4,0.907,Pflugerville,TX,USA,30.4393696,-97.6200043,48453,RB,Samaje Perine,RB,RB,Oklahoma,Big Twelve Conference,2017,2025,4,TRUE
142096,3125114,HighSchool,2014,266,Poona Ford,Hilton Head,Texas,DT,72,285,4,0.9023,Hilton Head Island,SC,USA,32.1618488,-80.7512616,45013,DL,Poona Ford,DT,DL,Texas,Big Twelve Conference,2018,2025,NA,TRUE
142100,3122842,HighSchool,2014,270,Adam Choice,Thomas County Central,Clemson,ATH,69,206,4,0.9015,Thomasville,GA,USA,30.8365815,-83.9787808,13275,ATH,Adam Choice,RB,RB,Clemson,NA,2019,2019,NA,TRUE
142105,3123054,HighSchool,2014,275,Trent Harris,Winter Park,Miami,WDE,74,226,4,0.9009,Winter Park,FL,USA,26.13784445,-81.75399813758739,12021,DL,Trent Harris,LB,LB,Miami,Atlantic Coast Conference,2018,2022,NA,TRUE
142107,3116407,HighSchool,2014,277,Mason Rudolph,Northwestern,Oklahoma State,PRO,76,210,4,0.9004,Rock Hill,SC,USA,34.9248667,-81.0250784,45091,QB,Mason Rudolph,QB,QB,Oklahoma State,Big Twelve Conference,2018,2025,3,TRUE
142111,3129310,HighSchool,2014,281,Drue Tranquill,Carroll,Notre Dame,S,74,210,4,0.899,Fort Wayne,IN,USA,41.0799898,-85.1386015,18003,DB,Drue Tranquill,LB,LB,Notre Dame,Independent,2019,2025,4,TRUE
142119,3128814,HighSchool,2014,289,Manny Wilkins,San Marin,Arizona State,DUAL,74,180,4,0.897,Novato,CA,USA,38.1061979,-122.5681191,06041,QB,Manny Wilkins,QB,QB,Arizona State,NA,2019,2019,NA,TRUE
142121,3115974,HighSchool,2014,290,Chase Winovich,Thomas Jefferson,Michigan,OLB,75,225,4,0.8967,Clairton,PA,USA,40.2922938,-79.8817181,42003,LB,Chase Winovich,DE,DL,Michigan,Big Ten Conference,2019,2023,3,TRUE
142124,3122421,HighSchool,2014,294,Keenen Brown,Alief Taylor,Oklahoma State,WR,74.5,205,4,0.8962,Houston,TX,USA,29.7589382,-95.3676974,48201,WR,Keenen Brown,TE,TE,Texas State-San Marcos; Oklahoma State,NA,2019,2019,NA,TRUE
142130,3116096,HighSchool,2014,300,Nick Gates,Bishop Gorman,Nebraska,OT,77,270,4,0.8957,Las Vegas,NV,USA,36.1672559,-115.1485163,32003,OL,Nick Gates,G,OL,Nebraska,Big Ten Conference,2018,2024,NA,TRUE
142137,3138826,HighSchool,2014,307,Fred Warner,Mission Hills,BYU,OLB,75,205,4,0.8952,San Marcos,CA,USA,33.1433723,-117.1661449,06073,LB,Fred Warner,MLB,LB,BYU,Independent,2018,2025,3,TRUE
142139,3122169,HighSchool,2014,309,Emmanuel Smith,Oakland,Vanderbilt,S,74,200,4,0.895,Murfreesboro,TN,USA,35.845999,-86.3920452,47149,DB,Emmanuel Smith,LB,LB,Vanderbilt,Southeastern Conference,2018,2020,NA,TRUE
142144,3128689,HighSchool,2014,314,Frank Ragnow,Chanhassen,Arkansas,OT,78,291,4,0.8944,Chanhassen,MN,USA,44.8618403,-93.5307207,27019,OL,Frank Ragnow,G,OL,Arkansas,Southeastern Conference,2018,2025,1,TRUE
142145,3128724,HighSchool,2014,315,Isaiah McKenzie,American Heritage,Georgia,WR,68,175,4,0.8944,Fort Lauderdale,FL,USA,26.1223084,-80.1433786,12011,WR,Isaiah McKenzie,WR,WR,Georgia,Southeastern Conference,2017,2024,5,TRUE
142148,3115981,HighSchool,2014,318,Ian Bunting,Hinsdale Central,Michigan,TE,79,230,4,0.8937,Hinsdale,IL,USA,41.794528,-87.92761808245767,17043,TE,Ian Bunting,TE,TE,California,Pacific Twelve Conference,2019,2022,NA,TRUE
142149,3128774,HighSchool,2014,319,Kalen Ballage,Falcon,Arizona State,ATH,74,215,4,0.8934,Peyton,CO,USA,39.0288809,-104.4830238,08041,ATH,Kalen Ballage,RB,RB,Arizona State,Pacific Twelve Conference,2018,2021,4,TRUE
142154,3134316,HighSchool,2014,324,Matt Dickerson,Junipero Serra,UCLA,DT,77,275,4,0.8928,San Mateo,CA,USA,37.5439684,-122.3066789,06081,DL,Matt Dickerson,DE,DL,UCLA,Pacific Twelve Conference,2018,2025,NA,TRUE
142157,3122593,HighSchool,2014,327,Devante Downs,Mountlake Terrace,California,OLB,75,230,4,0.8926,Mountlake Terrace,WA,USA,47.7909667,-122.3066395,53061,LB,Devante Downs,ILB,LB,California,Pacific Twelve Conference,2018,2020,7,TRUE
142160,3139591,HighSchool,2014,331,Quinton Flowers,Miami Jackson,South Florida,DUAL,72,203,4,0.8919,Miami,FL,USA,25.7742658,-80.1936589,12086,QB,Quinton Flowers,RB,RB,University of South Florida,NA,2018,2018,NA,TRUE
142162,3155647,HighSchool,2014,333,Mike Edwards,Winton Woods,Kentucky,S,71,180,4,0.8917,Cincinnati,OH,USA,39.1014537,-84.5124602,39061,DB,Mike Edwards,SAF,DB,Kentucky,Southeastern Conference,2019,2025,3,TRUE
142171,3122927,HighSchool,2014,342,Rick Leonard,Middletown,Florida State,SDE,79,260,4,0.8908,Middletown,MD,USA,39.4437567,-77.5454038,24021,DL,Rick Leonard,OT,OL,Florida State,Atlantic Coast Conference,2018,2021,4,TRUE
142173,3116149,HighSchool,2014,344,Marcus Allen,Dr. Henry Wise,Penn State,S,74,190,4,0.8905,Upper Marlboro,MD,USA,38.8165274,-76.7519753,24033,DB,Marcus Allen,LB,LB,Penn State,Big Ten Conference,2018,2022,5,TRUE
142179,3122420,HighSchool,2014,349,Jordan Brailford,Booker T. Washington,Oklahoma State,WDE,75,220,3,0.8894,Tulsa,OK,USA,36.1556805,-95.9929113,40143,DL,Jordan Brailford,LB,LB,Oklahoma State,Big Twelve Conference,2019,2022,7,TRUE
142181,3121415,HighSchool,2014,352,Malik Hooker,New Castle,Ohio State,ATH,74,185,3,0.8889,New Castle,PA,USA,40.9999202,-80.3471856,42073,ATH,Malik Hooker,FS,DB,Ohio State,Big Ten Conference,2017,2025,1,TRUE
142194,3129304,HighSchool,2014,365,Greer Martini,Woodberry Forest,Notre Dame,ILB,75,232,3,0.8871,Woodberry Forest,VA,USA,35.1668118,-80.7514585,37119,LB,Greer Martini,LB,LB,Notre Dame,NA,2018,2018,NA,TRUE
142195,3139485,HighSchool,2014,366,Justin Stockton,Steele,Texas Tech,RB,69,165,3,0.8869,Cibolo,TX,USA,29.5707831,-98.2330927,48187,RB,Justin Stockton,RB,RB,Texas Tech,NA,2018,2018,NA,TRUE
142198,3134312,HighSchool,2014,369,Kolton Miller,Roseville,UCLA,OT,80,280,3,0.8868,Roseville,CA,USA,38.7521235,-121.2880059,06061,OL,Kolton Miller,OT,OL,UCLA,Pacific Twelve Conference,2018,2025,1,TRUE
142202,3116695,HighSchool,2014,373,Cayson Collins,Phillip O. Berry Academy,North Carolina,OLB,74,230,3,0.8861,Charlotte,NC,USA,35.2272,-80.843083,37119,LB,Cayson Collins,LB,LB,North Carolina,NA,2018,2018,NA,TRUE
142207,3124069,HighSchool,2014,378,Isaiah Ford,Trinity Christian Academy,Virginia Tech,WR,74,170,3,0.8849,Jacksonville,FL,USA,30.3321838,-81.655651,12031,WR,Isaiah Ford,WR,WR,Virginia Tech,Atlantic Coast Conference,2017,2021,7,TRUE
142211,3121660,HighSchool,2014,382,Quincy Wilson,University School,Florida,S,73,196,3,0.8843,Fort Lauderdale,FL,USA,26.1223084,-80.1433786,12011,DB,Quincy Wilson,CB,DB,Florida,Southeastern Conference,2017,2022,2,TRUE
142212,3123075,HighSchool,2014,383,Braxton Berrios,Leesville Road,Miami,WR,68,170,3,0.8843,Raleigh,NC,USA,35.7803977,-78.6390989,37183,WR,Braxton Berrios,WR,WR,Miami,Atlantic Coast Conference,2018,2025,6,TRUE
142215,3122794,HighSchool,2014,386,Connor Strachan,St. Sebastian's,Boston College,ILB,74,240,3,0.8842,Needham,MA,USA,42.283431,-71.2328329,25021,LB,Connor Strachan,LB,LB,Boston College,Atlantic Coast Conference,2021,2021,NA,TRUE
142218,3139477,HighSchool,2014,389,Patrick Mahomes II,Whitehouse,Texas Tech,PRO,75,180,3,0.8836,Whitehouse,TX,USA,32.2268666,-95.2259279,48423,QB,Patrick Mahomes,QB,QB,Texas Tech,Big Twelve Conference,2017,2025,1,TRUE
142220,3116724,HighSchool,2014,391,Germaine Pratt,High Point Central,NC State,S,75,190,3,0.8836,High Point,NC,USA,35.9556924,-80.0053176,37081,DB,Germaine Pratt,LB,LB,N.C. State,Atlantic Coast Conference,2019,2025,3,TRUE
142225,3116642,HighSchool,2014,396,Reggie Bonnafon,Trinity,Louisville,DUAL,74,195,3,0.8831,Louisville,KY,USA,38.2542376,-85.759407,21111,QB,Reggie Bonnafon,RB,RB,Louisville,Atlantic Coast Conference,2018,2022,NA,TRUE
142227,3116618,HighSchool,2014,398,Stepheny Durham,Atlantic Coast,Georgia Tech,CB,71,185,3,0.8825,Jacksonville,FL,USA,30.3321838,-81.655651,12031,DB,Step Durham,DB,DB,Georgia Tech,NA,2018,2018,NA,TRUE
142229,3122799,HighSchool,2014,400,Jon Hilliman,St. Peter's Prep,Boston College,RB,73,210,3,0.8823,Jersey City,NJ,USA,40.7281575,-74.0776417,34017,RB,Jon Hilliman,RB,RB,Rutgers,NA,2019,2019,NA,TRUE
142241,3128815,HighSchool,2014,412,Renell Wren,Lutheran North,Arizona State,WDE,77,245,3,0.8806,St. Louis,MO,USA,38.6268039,-90.1994097,29510,DL,Renell Wren,DT,DL,Arizona State,Pacific Twelve Conference,2019,2023,4,TRUE
142244,3122793,HighSchool,2014,415,Harold Landry,Pine Forest,Boston College,WDE,75,242,3,0.8804,Fayetteville,NC,USA,35.0525759,-78.878292,37051,DL,Harold Landry III,LB,LB,Boston College,Atlantic Coast Conference,2018,2025,2,TRUE
142249,3134315,HighSchool,2014,420,Jacob Tuioti-Mariner,St. John Bosco,UCLA,SDE,74,248,3,0.8799,Bellflower,CA,USA,33.8825705,-118.1167679,06037,DL,Jacob Tuioti-Mariner,LB,LB,UCLA,Pacific Twelve Conference,2018,2021,NA,TRUE
142254,3128268,HighSchool,2014,423,Tegray Scales,Colerain,Indiana,OLB,74,215,3,0.8794,Cincinnati,OH,USA,39.1014537,-84.5124602,39061,LB,Tegray Scales,LB,LB,Indiana,Big Ten Conference,2018,2022,NA,TRUE
142259,3124079,HighSchool,2014,430,Cam Phillips,DeMatha Catholic,Virginia Tech,WR,73,181,3,0.8783,Hyattsville,MD,USA,38.9529442,-76.9408647,24033,WR,Cam Phillips,WR,WR,Virginia Tech,Atlantic Coast Conference,2018,2018,NA,TRUE
142266,3128747,HighSchool,2014,436,DeMarquis Gates,Lovejoy,Ole Miss,OLB,74,212,3,0.8775,Hampton,GA,USA,33.3870578,-84.2829784,13151,LB,DeMarquis Gates,LB,LB,Mississippi,Southeastern Conference,2022,2023,NA,TRUE
142275,3116746,HighSchool,2014,446,Justin Jones,South Cobb,NC State,WDE,74.5,260,3,0.8767,Austell,GA,USA,33.8126059,-84.6343783,13067,DL,Justin Jones,DT,DL,N.C. State,Atlantic Coast Conference,2018,2025,3,TRUE
142389,3116179,HighSchool,2014,556,Nick Scott,Fairfax,Penn State,ATH,71,188,3,0.8661,Fairfax,VA,USA,38.8462236,-77.3063733,51600,ATH,Nick Scott,SAF,DB,Penn State,Big Ten Conference,2019,2025,7,TRUE
142387,3122690,HighSchool,2014,556,Henry Mondeaux,Jesuit,Oregon,TE,76,255,3,0.8661,Portland,OR,USA,45.5202471,-122.6741949,41051,TE,Henry Mondeaux,DT,DL,Oregon,Pacific Twelve Conference,2018,2023,NA,TRUE
142394,3116172,HighSchool,2014,566,Trace McSorley,Briar Woods,Penn State,DUAL,72,182,3,0.8656,Ashburn,VA,USA,39.0437192,-77.4874899,51107,QB,Trace McSorley,QB,QB,Penn State,Big Ten Conference,2019,2023,6,TRUE
142405,3124015,HighSchool,2014,577,Chris Slayton,Crete-Monee,Syracuse,WDE,77,260,3,0.8647,Crete,IL,USA,41.4445334,-87.6313829,17197,DL,Chris Slayton,DT,DL,Syracuse,Atlantic Coast Conference,2019,2023,7,TRUE
142407,3145005,HighSchool,2014,577,Matt Nelson,Xavier,Iowa,TE,80,250,3,0.8647,Cedar Rapids,IA,USA,41.9758872,-91.6704053,19113,TE,Matt Nelson,OT,OL,Iowa,Big Ten Conference,2019,2025,NA,TRUE
142414,3122607,HighSchool,2014,586,Shay Fields,St. John Bosco,Colorado,WR,71,160,3,0.8642,Bellflower,CA,USA,33.8825705,-118.1167679,06037,WR,Shay Fields,WR,WR,Colorado,NA,2018,2018,NA,TRUE
142422,3125073,HighSchool,2014,595,Elijah Lee,Blue Springs,Kansas State,OLB,75,210,3,0.8636,Blue Springs,MO,USA,39.017316,-94.282265,29095,LB,Elijah Lee,OLB,LB,Kansas State,Big Twelve Conference,2017,2022,7,TRUE
142528,3127294,HighSchool,2014,701,Greg Gaines,La Habra,Washington,DT,74,302,3,0.8581,La Habra,CA,USA,33.9330156,-117.944777,06059,DL,Greg Gaines,DT,DL,Washington,Pacific Twelve Conference,2019,2025,4,TRUE
142532,3116175,HighSchool,2014,701,Amani Oruwariye,Gaither,Penn State,CB,73,180,3,0.8581,Tampa,FL,USA,27.9477595,-82.458444,12057,DB,Amani Oruwariye,CB,DB,Penn State,Big Ten Conference,2019,2025,5,TRUE
142536,3124005,HighSchool,2014,710,Zaire Franklin,La Salle College,Syracuse,OLB,73,215,3,0.8578,Glenside,PA,USA,40.1023326,-75.1521195,42091,LB,Zaire Franklin,OLB,LB,Syracuse,Atlantic Coast Conference,2018,2025,7,TRUE
142535,3123050,HighSchool,2014,710,Chris Herndon,Norcross,Miami,TE,76,230,3,0.8578,Norcross,GA,USA,33.9412127,-84.2135309,13135,TE,Chris Herndon,TE,TE,Miami,Atlantic Coast Conference,2018,2021,4,TRUE
142554,3126489,HighSchool,2014,728,Taylor Stallworth,Murphy,South Carolina,DT,74,285,3,0.8569,Mobile,AL,USA,30.6943566,-88.0430541,01097,DL,Taylor Stallworth,DT,DL,South Carolina,Southeastern Conference,2018,2023,NA,TRUE
142556,3116733,HighSchool,2014,733,Bradley Chubb,Hillgrove,NC State,OLB,76,225,3,0.8567,Powder Springs,GA,USA,33.8595492,-84.683824,13067,LB,Bradley Chubb,OLB,LB,N.C. State,Atlantic Coast Conference,2018,2025,1,TRUE
142565,3139605,HighSchool,2014,737,Marlon Mack,Booker,South Florida,ATH,72,195,3,0.8564,Sarasota,FL,USA,27.3364347,-82.5306527,12115,ATH,Marlon Mack,RB,RB,University of South Florida,American Athletic Conference,2017,2023,4,TRUE
142563,3116135,HighSchool,2014,737,Blake Hance,Jacksonville,Northwestern,TE,78,265,3,0.8564,Jacksonville,IL,USA,39.7343037,-90.2288356,12031,TE,Blake Hance,OL,OL,Northwestern,Big Ten Conference,2019,2025,NA,TRUE
142568,3128685,HighSchool,2014,737,Armon Watts,Christian Brothers College,Arkansas,DT,76,260,3,0.8564,St. Louis,MO,USA,38.6268039,-90.1994097,29510,DL,Armon Watts,DT,DL,Arkansas,Southeastern Conference,2019,2024,6,TRUE
142586,3139453,HighSchool,2014,763,Dakota Allen,Summer Creek,Texas Tech,ILB,72.5,220,3,0.855,Humble,TX,USA,29.9988312,-95.2621553,48201,LB,Dakota Allen,LB,LB,Texas Tech,Big Twelve Conference,2019,2022,7,TRUE
142605,3122851,HighSchool,2014,779,Taylor Hearn,Williston Elko,Clemson,OT,77,305,3,0.8539,Williston,SC,USA,33.4026478,-81.4201063,45011,OL,Taylor Hearn,G,OL,Clemson,NA,2018,2018,NA,TRUE
142609,3138834,HighSchool,2014,779,Sione Takitaki,Heritage,BYU,FB,74,240,3,0.8539,Brentwood,CA,USA,37.9317766,-121.6960266,06013,OTHER,Sione Takitaki,LB,LB,BYU,Independent,2019,2025,3,TRUE
142608,3115968,HighSchool,2014,779,Brandon Watson,Eastern Christian,Michigan,CB,72,185,3,0.8539,Elkton,MD,USA,39.6065073,-75.8330934,24015,DB,Brandon Rusnak,DB,DB,Michigan,Big Ten Conference,2019,2021,NA,TRUE
142615,3116384,HighSchool,2014,792,Carson Meier,Union,Oklahoma,TE,78,220,3,0.8536,Tulsa,OK,USA,36.1556805,-95.9929113,40143,TE,Carson Meier,TE,TE,Oklahoma,Big Twelve Conference,2019,2019,NA,TRUE
142621,3122678,HighSchool,2014,793,Justin Hollins,Martin,Oregon,WDE,77,207,3,0.8533,Arlington,TX,USA,32.701938999999996,-97.10562379033699,48439,DL,Justin Hollins,LB,LB,Oregon,Pacific Twelve Conference,2019,2024,5,TRUE
142617,3126311,HighSchool,2014,793,Deatrick Nichols,Miami Central,South Florida,CB,70,180,3,0.8533,Miami,FL,USA,25.7742658,-80.1936589,12086,DB,Deatrick Nichols,CB,DB,University of South Florida,NA,2018,2018,NA,TRUE
142631,3123944,HighSchool,2014,807,Qadree Ollison,Canisius,Pittsburgh,RB,73,225,3,0.8525,Buffalo,NY,USA,42.8867166,-78.8783922,36029,RB,Qadree Ollison,RB,RB,Pittsburgh,Atlantic Coast Conference,2019,2023,5,TRUE
142633,3128303,HighSchool,2014,807,Josh Woods,McDonogh School,Maryland,S,75,180,3,0.8525,Owings Mills,MD,USA,39.4010753,-76.796299,24005,DB,Josh Woods,LB,LB,Maryland,Big Ten Conference,2018,2025,NA,TRUE
142650,3116375,HighSchool,2014,826,Dimitri Flowers,Churchill,Oklahoma,ATH,74,215,3,0.8514,San Antonio,TX,USA,29.4246002,-98.4951405,48029,ATH,Dimitri Flowers,RB,RB,Oklahoma,Big Twelve Conference,2018,2018,NA,TRUE
142658,3116158,HighSchool,2014,832,Jason Cabinda,Hunterdon Central,Penn State,ATH,73,220,3,0.8511,Flemington,NJ,USA,40.5130953,-74.8591333,34019,ATH,Jason Cabinda,FB,RB,Penn State,Big Ten Conference,2018,2023,NA,TRUE
142664,3126486,HighSchool,2014,842,Deebo Samuel,Chapman Hi,South Carolina,WR,71,180,3,0.8506,Inman,SC,USA,35.0470617,-82.0901088,45083,WR,Deebo Samuel Sr.,WR,WR,South Carolina,Southeastern Conference,2019,2025,2,TRUE
142668,3123076,HighSchool,2014,843,David Njoku,Cedar Grove,Miami,ATH,76,220,3,0.8506,Cedar Grove,NJ,USA,40.8517662,-74.229035,34013,ATH,David Njoku,TE,TE,Miami,Atlantic Coast Conference,2017,2025,1,TRUE
142671,3116187,HighSchool,2014,849,Ja'Whaun Bentley,DeMatha Catholic,Purdue,WDE,74,245,3,0.8503,Hyattsville,MD,USA,38.9529442,-76.9408647,24033,DL,Ja'Whaun Bentley,LB,LB,Purdue,Big Ten Conference,2018,2025,5,TRUE
142724,3121542,HighSchool,2014,902,D'Cota Dixon,New Smyrna Beach,Wisconsin,S,71,179,3,0.8481,New Smyrna Beach,FL,USA,29.0258132,-80.9271271,12127,DB,D'Cota Dixon,SAF,DB,Wisconsin,NA,2019,2020,NA,TRUE
142727,3127306,HighSchool,2014,902,Dante Pettis,JSerra Catholic,Washington,WR,73,170,3,0.8481,San Juan Capistrano,CA,USA,33.5016932,-117.6625509,06059,WR,Dante Pettis,WR,WR,Washington,Pacific Twelve Conference,2018,2025,2,TRUE
142730,3139456,HighSchool,2014,907,Cameron Batson,Millwood,Texas Tech,WR,68.5,165,3,0.8478,Oklahoma City,OK,USA,35.4729886,-97.5170536,40109,WR,Cameron Batson,WR,WR,Texas Tech,Big Twelve Conference,2018,2022,NA,TRUE
142734,3122441,HighSchool,2014,912,Justin Phillips,Pearland,Oklahoma State,ILB,72,210,3,0.8475,Pearland,TX,USA,29.5639758,-95.2864299,48039,LB,Justin Phillips,LB,LB,Oklahoma State,Big Twelve Conference,2019,2020,NA,TRUE
142743,3124022,HighSchool,2014,920,Jordan Ellis,Peachtree Ridge,Virginia,RB,71,211,3,0.8469,Suwanee,GA,USA,34.0514898,-84.0712997,13135,RB,Jordan Ellis,RB,RB,Virginia,NA,2019,2019,NA,TRUE
142765,3122882,HighSchool,2014,936,Marcus Williams,Eleanor Roosevelt,Utah,WR,72,185,3,0.8458,Los Angeles,CA,USA,34.0536909,-118.2427666,06037,WR,Marcus Williams,FS,DB,Utah,Pacific Twelve Conference,2017,2025,2,TRUE
142762,3116105,HighSchool,2014,936,Joshua Kalu,Alief Taylor,Nebraska,S,72,171,3,0.8458,Houston,TX,USA,29.7589382,-95.3676974,48201,DB,Joshua Kalu,DB,DB,Nebraska,Big Ten Conference,2018,2023,NA,TRUE
142758,3124092,HighSchool,2014,936,John Wolford,Bishop Kenny,Wake Forest,PRO,74,207,3,0.8458,Jacksonville,FL,USA,30.3321838,-81.655651,12031,QB,John Wolford,QB,QB,Wake Forest,Atlantic Coast Conference,2019,2025,NA,TRUE
142926,3124067,HighSchool,2014,1104,Terrell Edmunds,Dan River,Virginia Tech,CB,74,186,3,0.8383,Ringgold,VA,USA,36.608194,-79.2952978,51143,DB,Terrell Edmunds,S,DB,Virginia Tech,Atlantic Coast Conference,2018,2025,1,TRUE
142923,3123857,HighSchool,2014,1104,Aston Walter,Crosby,Rice,ATH,68,170,3,0.8383,Crosby,TX,USA,29.9118885,-95.0621941,48201,ATH,Austin Walter,RB,RB,Rice,Conference USA,2019,2023,NA,TRUE
142934,3116159,HighSchool,2014,1111,Christian Campbell,Central,Penn State,S,72,181,3,0.8378,Phenix City,AL,USA,32.4709761,-85.0007653,01113,DB,Chris Campbell,DB,DB,Penn State,NA,2018,2018,6,TRUE
142933,3116748,HighSchool,2014,1111,B.J. Hill,West Stanly,NC State,SDE,75,262,3,0.8378,Oakboro,NC,USA,35.2257007,-80.3289521,37167,DL,B.J. Hill,DE,DL,N.C. State,Atlantic Coast Conference,2018,2025,3,TRUE
142943,3127379,HighSchool,2014,1123,Kevin Wilkins,St. Joseph Regional,Rutgers,OG,76,278,3,0.8372,Ramsey,NJ,USA,41.0573188,-74.1409771,34003,OL,Kevin Wilkins,DE,DL,Rutgers,Big Ten Conference,2019,2019,NA,TRUE
142942,3127367,HighSchool,2014,1123,Saquan Hampton,Hamilton North-Nottingham,Rutgers,CB,74,185,3,0.8372,Trenton,NJ,USA,40.2170575,-74.7429463,34021,DB,Saquan Hampton,SAF,DB,Rutgers,Big Ten Conference,2019,2021,6,TRUE
142949,3116734,HighSchool,2014,1130,Tony Adams,Independence,NC State,OG,74,296,3,0.8367,Charlotte,NC,USA,35.2272,-80.843083,37119,OL,Tony Adams,G,OL,N.C. State,NA,2018,2018,NA,TRUE
142959,3125232,HighSchool,2014,1138,Nick Bawden,Los Gatos,San Diego State,PRO,74,231,3,0.8361,Los Gatos,CA,USA,37.226611,-121.9746797,06085,QB,Nick Bawden,RB,RB,San Diego State,Mountain West Conference,2018,2023,7,TRUE
142965,3121541,HighSchool,2014,1143,Michael Deiter,Genoa Area,Wisconsin,OG,78,300,3,0.8358,Genoa,OH,USA,41.5181064,-83.359094,39123,OL,Michael Deiter,C,OL,Wisconsin,Big Ten Conference,2019,2025,3,TRUE
142966,3126368,HighSchool,2014,1143,JK Scott,J.K. Mullen,Alabama,K,76,185,3,0.8358,Denver,CO,USA,39.7392364,-104.9848623,08031,ST,J.K. Scott,P,SPEC,Alabama,Southeastern Conference,2018,2025,5,TRUE
142971,3126095,HighSchool,2014,1152,Jon'Vea Johnson,West Side,Toledo,WR,72,170,3,0.8353,Gary,IN,USA,41.6021292,-87.3371372,18089,WR,Jon'Vea Johnson,WR,WR,Toledo,Mid-American Conference,2019,2021,NA,TRUE
142978,3128429,HighSchool,2014,1158,Courtland Sutton,Brenham,SMU,S,74.5,190,3,0.835,Brenham,TX,USA,30.1668828,-96.3977442,48477,DB,Courtland Sutton,WR,WR,SMU,American Athletic Conference,2018,2025,2,TRUE
143005,3126179,HighSchool,2014,1181,Matthew Adams,Hightower,Houston,OLB,72,201,3,0.8336,Missouri City,TX,USA,29.6185669,-95.5377215,48157,LB,Matthew Adams,OLB,LB,Houston,American Athletic Conference,2018,2024,7,TRUE
143120,3124086,HighSchool,2014,1304,Greg Stroman,Unity Reed,Virginia Tech,ATH,72,162,3,0.8278,Manassas,VA,USA,38.7509488,-77.4752667,51683,ATH,Greg Stroman,CB,DB,Virginia Tech,Atlantic Coast Conference,2018,2024,7,TRUE
143117,3139108,HighSchool,2014,1304,Greg Roberts,Nacogdoches,Baylor,WDE,78,215,3,0.8278,Nacogdoches,TX,USA,31.6035129,-94.6554874,48347,DL,Greg Roberts,LB,LB,Baylor,Big Twelve Conference,2019,2020,NA,TRUE
143132,3122766,HighSchool,2014,1319,Jay Ferguson,West Feliciana,Louisiana Tech,WDE,76,225,3,0.8269,Saint Francisville,LA,USA,30.7881,-91.3768,29045,DL,Jaylon Ferguson,LB,LB,Louisiana Tech,Conference USA,2019,2021,3,TRUE
143243,3116721,HighSchool,2014,1431,Jaylen Samuels,Mallard Creek,NC State,FB,72,225,3,0.8214,Charlotte,NC,USA,35.2272,-80.843083,37119,OTHER,Jaylen Samuels,RB,RB,N.C. State,Atlantic Coast Conference,2018,2021,5,TRUE
143245,3123969,HighSchool,2014,1434,Ito Smith,McGill Toolen,Southern Miss,RB,70,187,3,0.8211,Mobile,AL,USA,30.6943566,-88.0430541,01097,RB,Ito Smith,RB,RB,Southern Mississippi,Conference USA,2018,2021,4,TRUE
143253,3126182,HighSchool,2014,1441,Isaiah Johnson,Rudder,Houston,WR,74.5,188,3,0.8206,Bryan,TX,USA,30.6743643,-96.3699632,48041,WR,Isaiah Johnson,CB,DB,Houston,American Athletic Conference,2019,2021,4,TRUE
143261,3129446,HighSchool,2014,1452,Robert Spillane,Fenwick,Western Michigan,ATH,74,215,3,0.8203,Oak Park,IL,USA,41.8878145,-87.7887615,17031,ATH,Robert Spillane,LB,LB,Western Michigan,Mid-American Conference,2018,2025,NA,TRUE
143265,3127273,HighSchool,2014,1455,Frankie Luvu,Tafuna,Washington State,OLB,74,215,3,0.82,Pago Pago,AS,USA,-14.2754786,-170.7048298,60010,LB,Frankie Luvu,LB,LB,Washington State,Pacific Twelve Conference,2018,2025,NA,TRUE
143281,3122899,HighSchool,2014,1457,Richie James,Riverview,Middle Tennessee,ATH,70,170,3,0.82,Sarasota,FL,USA,27.3364347,-82.5306527,12115,ATH,Richie James,WR,WR,Middle Tennessee State,Conference USA,2018,2023,7,TRUE
143293,3122154,HighSchool,2014,1480,Khari Blasingame,Buckhorn,Vanderbilt,S,73,204,3,0.8194,New Market,AL,USA,34.895672000000005,-86.41498977939412,01089,DB,Khari Blasingame,FB,RB,Vanderbilt,Southeastern Conference,2019,2024,NA,TRUE
143302,3138765,HighSchool,2014,1492,Michael Dogbe,Parsippany Hills,Temple,OLB,76,230,3,0.8189,Morris Plains,NJ,USA,40.8364845,-74.47818854051508,34027,LB,Michael Dogbe,DE,DL,Temple,American Athletic Conference,2019,2023,7,TRUE
143320,3128675,HighSchool,2014,1512,Randy Ramsey,Dillard,Arkansas,S,75.5,210,3,0.8178,Fort Lauderdale,FL,USA,26.1223084,-80.1433786,12011,DB,Randy Ramsey,LB,LB,Arkansas,Southeastern Conference,2019,2021,NA,TRUE
143330,3140643,HighSchool,2014,1518,Ben Niemann,Sycamore,Iowa,OLB,75,201,3,0.8178,Sycamore,IL,USA,41.9889173,-88.6867538,17037,LB,Ben Niemann,LB,LB,Iowa,Big Ten Conference,2018,2025,NA,TRUE
143343,3123954,HighSchool,2014,1533,Brian O'Neill,Salesianum,Pittsburgh,TE,78,235,3,0.8169,Wilmington,DE,USA,39.7459468,-75.546589,10003,TE,Brian O'Neill,OT,OL,Pittsburgh,Atlantic Coast Conference,2018,2025,2,TRUE
143361,3116072,HighSchool,2014,1550,Steven Richardson,Mount Carmel,Minnesota,DT,72,285,3,0.8161,Chicago,IL,USA,41.8755616,-87.6244212,17031,DL,Steven Richardson,DT,DL,Minnesota,NA,2018,2018,NA,TRUE
143364,3123963,HighSchool,2014,1557,Cornell Armstrong,Bassfield,Southern Miss,CB,72,170,3,0.8159,Bassfield,MS,USA,31.4965591,-89.7395195,28065,DB,Cornell Armstrong,DB,DB,Southern Mississippi,Conference USA,2018,2025,6,TRUE
143388,3124608,HighSchool,2014,1579,James Butler,St. Francis,Nevada,RB,69,204,3,0.8144,Wheaton,IL,USA,41.8646959,-88.1101709,17043,RB,James Butler,RB,RB,Iowa,NA,2018,2019,NA,TRUE
143443,3115928,HighSchool,2014,1631,Malik Turner,Sacred Heart Griffin,Illinois,WR,73,205,3,0.8115,Springfield,IL,USA,39.7990175,-89.6439575,17167,WR,Malik Turner,WR,WR,Illinois,Big Ten Conference,2018,2025,NA,TRUE
143477,3119195,HighSchool,2014,1674,Chase Edmonds,Central Dauphin East,Fordham,RB,70,190,3,0.81,Harrisburg,PA,USA,40.2663107,-76.8861122,42043,RB,Chase Edmonds,RB,RB,Fordham,Patriot League,2018,2025,4,TRUE
143479,3127274,HighSchool,2014,1674,Hercules Mata'afa,Lahainaluna,Washington State,OLB,75,225,3,0.81,Lahaina,HI,USA,20.8738769,-156.6776784,15009,LB,Hercules Mata'afa,DE,DL,Washington State,Pacific Twelve Conference,2018,2021,NA,TRUE
143493,3127588,HighSchool,2014,1690,Sean Modster,Santa Margarita Catholic,Boise State,WR,72,185,3,0.8089,Rancho Santa Margarita,CA,USA,33.6408845,-117.6029341,06059,WR,Sean Modster,WR,WR,Boise State,NA,2019,2019,NA,TRUE
143511,3127586,HighSchool,2014,1708,Jeremy McNichols,Lakewood,Boise State,WR,70,185,3,0.8081,Lakewood,CA,USA,33.8503463,-118.1171914,06037,WR,Jeremy McNichols,RB,RB,Boise State,Mountain West Conference,2017,2025,5,TRUE
143540,3123233,HighSchool,2014,1733,Oshane Ximines,Hertford County,Old Dominion,OLB,75,220,3,0.8061,Ahoskie,NC,USA,36.2868223,-76.9846808,37091,LB,Oshane Ximines,LB,LB,Old Dominion,Conference USA,2019,2024,3,TRUE
143537,3128843,HighSchool,2014,1733,Alex McGough,Gaither,Florida International,PRO,75,198,3,0.8061,Tampa,FL,USA,27.9477595,-82.458444,12057,QB,Alex McGough,QB,QB,Florida International,Conference USA,2018,2024,7,TRUE
143543,3126246,HighSchool,2014,1740,Dontrell Hilliard,Scotlandville Magnet,Tulane,ATH,72,180,3,0.8059,Baton Rouge,LA,USA,30.4459596,-91.18738,22033,ATH,Dontrell Hilliard,RB,RB,Tulane,American Athletic Conference,2018,2022,NA,TRUE
143556,3116729,HighSchool,2014,1754,Garrett Bradbury,Charlotte Christian,NC State,TE,75,240,3,0.8053,Charlotte,NC,USA,35.2272,-80.843083,37119,TE,Garrett Bradbury,C,OL,N.C. State,Atlantic Coast Conference,2019,2025,1,TRUE
143607,3138733,HighSchool,2014,1803,Sean Chandler,Camden,Temple,CB,70,175,3,0.8019,Camden,NJ,USA,39.9448402,-75.1198911,34007,DB,Sean Chandler,DB,DB,Temple,American Athletic Conference,2018,2023,NA,TRUE
143623,3125280,HighSchool,2014,1817,Corliss Waitman,Milton,South Alabama,P,73,170,3,0.8011,Milton,FL,USA,30.6324149,-87.0396881,12113,ST,Corliss Waitman,P,SPEC,South Alabama,Sun Belt Conference,2020,2025,NA,TRUE
143626,3116431,HighSchool,2014,1823,Ty Summers,Reagan,TCU,ATH,74,210,3,0.8008,San Antonio,TX,USA,29.4246002,-98.4951405,48029,ATH,Ty Summers,LB,LB,TCU,Big Twelve Conference,2019,2025,7,TRUE
143641,3144984,HighSchool,2014,1831,Josh Jackson,Lake Dallas,Iowa,CB,72,170,3,0.8006,Lake Dallas,TX,USA,33.1192875,-97.0255641,48121,DB,Josh Jackson,CB,DB,Iowa,Big Ten Conference,2018,2022,2,TRUE
143647,3116052,HighSchool,2014,1841,Jonathan Celestin,Mundy's Mill,Minnesota,OLB,73,210,3,0.8003,Jonesboro,GA,USA,33.5215013,-84.3538128,13063,LB,Jonathan Celestin,LB,LB,Minnesota,Big Ten Conference,2018,2018,NA,TRUE
143683,3125790,HighSchool,2014,1885,Amari Coleman,New Lothrop,Central Michigan,CB,70,170,3,0.7981,New Lothrop,MI,USA,43.116695,-83.969967,26155,DB,Amari Coleman,CB,DB,Central Michigan,NA,2018,2018,NA,TRUE
143702,3126002,HighSchool,2014,1905,Christian Blake,Cardinal Gibbons,Northern Illinois,WR,73,165,3,0.7969,Fort Lauderdale,FL,USA,26.1223084,-80.1433786,12011,WR,Christian Blake,WR,WR,Northern Illinois,Mid-American Conference,2018,2021,NA,TRUE
143711,3122818,HighSchool,2014,1914,Tommy Sweeney,Don Bosco Prep,Boston College,TE,77.5,220,2,0.7964,Ramsey,NJ,USA,41.0573188,-74.1409771,34003,TE,Tommy Sweeney,TE,TE,Boston College,Atlantic Coast Conference,2019,2024,7,TRUE
143735,3124574,HighSchool,2014,1928,Nick Nelson,Suitland,Hawai'i,CB,71,182,2,0.7956,District Heights,MD,USA,38.8576128,-76.8894171,24033,DB,Nick Nelson,CB,DB,Wisconsin; Hawaii,Big Ten Conference,2018,2021,4,TRUE
143795,3128853,HighSchool,2014,1998,Anthony Wint,Homestead,Florida International,OLB,72,210,2,0.7911,Homestead,FL,USA,25.4718946,-80.4759905,12086,LB,Anthony Wint,LB,LB,Florida International,NA,2018,2018,NA,TRUE
143799,3138760,HighSchool,2014,2001,Ventell Bryant,Jefferson,Temple,WR,75,180,2,0.7911,Tampa,FL,USA,27.9477595,-82.458444,12057,WR,Ventell Bryant,WR,WR,Temple,American Athletic Conference,2019,2020,NA,TRUE
143801,3139926,HighSchool,2014,2003,Kameron Kelly,Wylie,San Diego State,DUAL,74,190,2,0.7907,Wylie,TX,USA,33.0151201,-96.5388789,48085,QB,Kam Kelly,FS,DB,San Diego State,NA,2019,2019,NA,TRUE
143858,3126197,HighSchool,2014,2054,Steven Dunbar,Archbishop Rummel,Houston,WR,74,185,2,0.7893,Metairie,LA,USA,30.001852,-90.1767149159888,22051,WR,Steven Dunbar,WR,WR,Houston,NA,2018,2018,NA,TRUE
143875,3139033,HighSchool,2014,2054,Mike Boone,Baker County,Cincinnati,WR,69,185,2,0.7893,Glen St. Mary,FL,USA,30.2757913,-82.1606689,12003,WR,Mike Boone,RB,RB,Cincinnati,American Athletic Conference,2018,2024,NA,TRUE
143904,3119471,HighSchool,2014,2087,Emmanuel Butler,Mountain Pointe,Northern Arizona,WR,75,200,2,0.7889,Phoenix,AZ,USA,33.4484367,-112.0741417,04013,WR,Emmanuel Butler,WR,WR,Northern Arizona,Big Sky Conference,2019,2019,NA,TRUE
143948,3126120,HighSchool,2014,2148,Asantay Brown,Mona Shores,Western Michigan,ATH,72.5,189,2,0.7881,Muskegon,MI,USA,43.2341813,-86.2483921,26121,ATH,Asantay Brown,LB,LB,Western Michigan,NA,2018,2018,NA,TRUE
143949,3126096,HighSchool,2014,2152,Trevon Mathis,Woodland Hills,Toledo,S,71,160,2,0.7878,Pittsburgh,PA,USA,40.4416941,-79.9900861,42003,DB,Trevon Mathis,CB,DB,Toledo,NA,2019,2019,NA,TRUE
143952,3121544,HighSchool,2014,2155,T.J. Edwards,Lakes Community,Wisconsin,ATH,73,220,2,0.7878,Lake Villa,IL,USA,42.4169651,-88.0739708,17097,ATH,T.J. Edwards,LB,LB,Wisconsin,Big Ten Conference,2019,2025,NA,TRUE
143965,3124702,HighSchool,2014,2166,Nik Needham,Buena Park,UTEP,CB,72,175,2,0.7867,Buena Park,CA,USA,33.870413,-117.9962165,06059,DB,Nik Needham,DB,DB,Texas-El Paso,Conference USA,2019,2025,NA,TRUE
143995,3136374,HighSchool,2014,2174,Phil Haynes,Virginia Episcopal School,Wake Forest,SDE,78,270,2,0.7859,Lynchburg,VA,USA,37.4137536,-79.1422464,51680,DL,Phil Haynes,G,OL,Wake Forest,Atlantic Coast Conference,2019,2023,4,TRUE
143980,3128396,HighSchool,2014,2174,Willie Harvey,Pedro Menendez,Iowa State,OLB,72.5,215,2,0.7859,St. Augustine,FL,USA,29.8946952,-81.3145395,12109,LB,Willie Harvey,LB,LB,Iowa State,Big Twelve Conference,2019,2021,NA,TRUE
144030,3124520,HighSchool,2014,2227,Josh Watson,Blue Springs,Colorado State,ILB,74,230,2,0.7833,Blue Springs,MO,USA,39.017316,-94.282265,29095,LB,Josh Watson,LB,LB,Colorado State,Mountain West Conference,2019,2021,NA,TRUE
144050,3126035,HighSchool,2014,2242,Max Scharping,Southwest,Northern Illinois,OT,78,250,2,0.7826,Green Bay,WI,USA,44.5126379,-88.0125794,55009,OL,Max Scharping,G,OL,Northern Illinois,Mid-American Conference,2019,2025,2,TRUE
144054,3138764,HighSchool,2014,2242,Jacob Martin,Cherokee Trail,Temple,SDE,75,225,2,0.7826,Aurora,CO,USA,39.729432,-104.8319196,08005,DL,Jacob Martin,DE,DL,Temple,American Athletic Conference,2018,2025,6,TRUE
144051,3126176,HighSchool,2014,2242,Howard Wilson,DeSoto,Houston,S,72,180,2,0.7826,DeSoto,TX,USA,32.6061241,-96.865612653687,48113,DB,Howard Wilson,CB,DB,Houston,NA,2017,2018,4,TRUE
144085,3127292,HighSchool,2014,2288,Will Dissly,Bozeman,Washington,WDE,75,230,2,0.7808,Wise River,MT,USA,45.7922414,-112.9495953,30001,DL,Will Dissly,TE,TE,Washington,Pacific Twelve Conference,2018,2025,4,TRUE
144117,3141066,HighSchool,2014,2293,Danny Johnson,East Feliciana,Southern,CB,71,170,2,0.78,Jackson,LA,USA,30.8374,-91.2176,28049,DB,Danny Johnson,DB,DB,Southern,Southwestern Athletic Conference,2018,2023,NA,TRUE
144161,3123667,HighSchool,2014,2358,A.J. Howard,Harris County,App State,ATH,71,180,2,0.7785,Hamilton,GA,USA,32.7579107,-84.8749311,13145,ATH,A.J. Howard,DB,DB,Appalachian State,NA,2018,2019,NA,TRUE
144157,3126204,HighSchool,2014,2358,Genard Avery,Grenada,Memphis,ILB,72,232,2,0.7785,Grenada,MS,USA,33.7690049,-89.8084192,28043,LB,Genard Avery,DE,DL,Memphis,American Athletic Conference,2018,2024,5,TRUE
144163,3124779,HighSchool,2014,2358,Joel Iyiegbuniwe,South Warren,Western Kentucky,S,74,205,2,0.7785,Bowling Green,KY,USA,36.9903199,-86.4436018,21227,DB,Joel Iyiegbuniwe,LB,LB,Western Kentucky,Conference USA,2018,2022,4,TRUE
144166,3123966,HighSchool,2014,2358,Picasso Nelson,Oak Grove,Southern Miss,WR,71,185,2,0.7785,Hattiesburg,MS,USA,31.3271189,-89.2903392,28035,WR,Picasso Nelson,DB,DB,Southern Mississippi,Conference USA,2019,2020,NA,TRUE
144187,3139448,HighSchool,2014,2373,Ryan Bee,Hillsdale,Marshall,SDE,78,250,2,0.7783,Jeromesville,OH,USA,40.8042159,-82.1956859,39005,DL,Ryan Bee,DE,DL,Marshall,Conference USA,2019,2020,NA,TRUE
144208,3125402,HighSchool,2014,2411,Austin Fort,Campbell County,Wyoming,PRO,76,210,2,0.7767,Gillette,WY,USA,44.290635,-105.501876,56005,QB,Austin Fort,TE,TE,Wyoming,Mountain West Conference,2019,2021,NA,TRUE
144211,3120070,HighSchool,2014,2414,Nate Davis,Stone Bridge,Charlotte,OG,74,250,2,0.7767,Ashburn,VA,USA,39.0437192,-77.4874899,51107,OL,Nate Davis,G,OL,Charlotte,Conference USA,2019,2024,3,TRUE
144241,3128439,HighSchool,2014,2441,Jordan Franks,Wakulla,UCF,WR,76,205,2,0.7752,Crawfordville,FL,USA,30.1760358,-84.3751778,12129,WR,Jordan Franks,TE,TE,UCF,American Athletic Conference,2018,2022,NA,TRUE
144246,3123867,HighSchool,2014,2441,Calvin Anderson,Westlake,Rice,OT,77,240,2,0.7752,Austin,TX,USA,30.2711286,-97.7436995,48453,OL,Calvin Anderson,OT,OL,Texas; Rice,Big Twelve Conference,2019,2025,NA,TRUE
144269,3126081,HighSchool,2014,2466,Ola Adeniyi,Fort Bend Bush,Toledo,ILB,74,225,2,0.7733,Richmond,TX,USA,29.5821811,-95.7607832,48157,LB,Ola Adeniyi,OLB,LB,Toledo,Mid-American Conference,2018,2022,NA,TRUE
144329,3138835,HighSchool,2014,2523,Tejan Koroma,Allen,BYU,OC,72,250,2,0.7719,Allen,TX,USA,33.1031744,-96.6705503,48085,OTHER,Tejan Koroma,C,OL,BYU,NA,2018,2018,NA,TRUE
144343,3123226,HighSchool,2014,2546,Jonathan Duhart,Manchester,Old Dominion,WR,75,190,2,0.7711,Midlothian,VA,USA,37.5062673,-77.649268,51041,WR,Jonathan Duhart,WR,WR,Old Dominion,NA,2019,2019,NA,TRUE
144348,3116195,HighSchool,2014,2546,Cole Herdman,Flint Hill School,Purdue,TE,76,225,2,0.7711,Oakton,VA,USA,38.896729,-77.29866437219505,51059,TE,Cole Herdman,TE,TE,Purdue,NA,2019,2019,NA,TRUE
144393,3120540,HighSchool,2014,2596,Drew Belcher,Reading Memorial,Maine,PRO,75,215,2,0.7689,Reading,MA,USA,42.5256502,-71.0953314,25017,QB,Drew Belcher,TE,TE,Maine,NA,2019,2019,NA,TRUE
144404,3123863,HighSchool,2014,2599,Emmanuel Ellerbee,Strake Jesuit,Rice,ILB,73.5,220,2,0.7685,Houston,TX,USA,29.7589382,-95.3676974,48201,LB,Emmanuel Ellerbee,LB,LB,Rice,Conference USA,2018,2021,NA,TRUE
144396,3124058,HighSchool,2014,2599,Marcus Davenport,Stevens,UTSA,WDE,77,190,2,0.7685,San Antonio,TX,USA,29.4246002,-98.4951405,48029,DL,Marcus Davenport,DE,DL,Texas-San Antonio,Conference USA,2018,2025,1,TRUE
144430,3127378,HighSchool,2014,2624,Isaiah Wharton,Gateway,Rutgers,CB,73,185,2,0.7683,Kissimmee,FL,USA,28.2918995,-81.4075838,12097,DB,Isaiah Wharton,DB,DB,Rutgers,NA,2019,2019,NA,TRUE
144645,3124587,HighSchool,2014,2648,Jahlani Tavai,Mira Costa,Hawai'i,ATH,75,230,2,0.7667,Manhattan Beach,CA,USA,33.8915985,-118.3951241,06037,ATH,Jahlani Tavai,LB,LB,Hawaii,Mountain West Conference,2019,2025,2,TRUE
144726,3124052,HighSchool,2014,2927,Kevin Strong,Cleveland,UTSA,DT,73,280,2,0.7652,Cleveland,TX,USA,30.3417711,-95.0854786,48291,DL,Kevin Strong,DT,DL,Texas-San Antonio,Conference USA,2019,2024,NA,TRUE
144767,3139447,HighSchool,2014,2975,Ryan Yurachek,Carolina Forest,Marshall,TE,73,229,2,0.7626,Myrtle Beach,SC,USA,33.6956461,-78.8900409,45051,TE,Ryan Yurachek,RB,RB,Marshall,NA,2018,2018,NA,TRUE
144803,3122906,HighSchool,2014,2998,Darius Harris,Horn Lake,Middle Tennessee,OLB,76,218,2,0.7611,Horn Lake,MS,USA,34.9553719,-90.0348139,28033,LB,Darius Harris,LB,LB,Middle Tennessee State,Conference USA,2019,2025,NA,TRUE
144860,3124537,HighSchool,2014,3049,KeeSean Johnson,Palo Alto,Fresno State,WR,74,185,2,0.7593,Palo Alto,CA,USA,37.4443293,-122.1598465,06085,WR,KeeSean Johnson,WR,WR,Fresno State,Mountain West Conference,2019,2022,6,TRUE
144858,3125403,HighSchool,2014,3049,Brian Hill,Belleville West,Wyoming,RB,74,210,2,0.7593,Belleville,IL,USA,38.5200504,-89.9839935,17163,RB,Brian Hill,RB,RB,Wyoming,Mountain West Conference,2017,2021,5,TRUE
144886,3125705,HighSchool,2014,3083,Kyron Brown,Boynton Beach Community,Akron,CB,71,165,2,0.7583,Boynton Beach,FL,USA,26.5256179,-80.0666026,12099,DB,Kyron Brown,CB,DB,Akron,Mid-American Conference,2019,2023,NA,TRUE
144891,3125248,HighSchool,2014,3083,Jeremy Reaves,Pensacola Catholic,South Alabama,CB,72,175,2,0.7583,Pensacola,FL,USA,30.421309,-87.2169149,12033,DB,Jeremy Reaves,SAF,DB,South Alabama,Sun Belt Conference,2018,2025,NA,TRUE
144909,3139036,HighSchool,2014,3112,Cortez Broughton,Veterans,Cincinnati,DT,75,285,2,0.7578,Kathleen,GA,USA,32.495294,-83.6099696,13153,DL,Cortez Broughton,DT,DL,Cincinnati,American Athletic Conference,2019,2022,7,TRUE
144971,3123658,HighSchool,2014,3147,Austin Exford,Shiloh,App State,S,74,195,2,0.7533,Snellville,GA,USA,33.857328,-84.0199108,13135,DB,Austin Exford,DB,DB,Appalachian State,NA,2019,2019,NA,TRUE
144959,3124634,HighSchool,2014,3147,Malik Reed,Dothan,Nevada,WDE,74,230,2,0.7533,Dothan,AL,USA,31.2237434,-85.3933906,01069,DL,Malik Reed,LB,LB,Nevada,Mountain West Conference,2019,2023,NA,TRUE
145033,3124849,HighSchool,2014,3232,Chandon Sullivan,Winder-Barrow,Georgia State,WR,71,180,2,0.7483,Winder,GA,USA,33.9919085,-83.7184368,13013,WR,Chandon Sullivan,DB,DB,Georgia State,Sun Belt Conference,2018,2023,NA,TRUE
145035,3126115,HighSchool,2014,3232,Cody Thompson,Huron,Toledo,WR,73,180,2,0.7483,Huron,OH,USA,41.400803499999995,-82.56245634211697,39043,WR,Cody Thompson,WR,WR,Toledo,Mid-American Conference,2019,2024,NA,TRUE
145076,3124964,HighSchool,2014,3280,Marcus Green,North Pontotoc,UL Monroe,WR,69,180,2,0.7433,Ecru,MS,USA,34.3531595,-89.0231192,28115,WR,Marcus Green,WR,WR,Louisiana-Monroe,Sun Belt Conference,2019,2020,6,TRUE
145197,3124030,HighSchool,2014,3336,Chris Peace,Denbigh,Virginia,OLB,75,220,2,0.7333,Newport News,VA,USA,36.9786449,-76.4321089,51700,LB,Chris Peace,LB,LB,Virginia,NA,2019,2019,NA,TRUE
145209,3128264,HighSchool,2014,3336,Robert McCray III,Rockdale County,Indiana,SDE,75,245,2,0.7333,Conyers,GA,USA,33.6676103,-84.0176904,13247,DL,Robert McCray,DE,DL,Indiana,Big Ten Conference,2018,2019,NA,TRUE
145199,3128252,HighSchool,2014,3336,Chris Covington,Raby,Indiana,ATH,74,205,2,0.7333,Chicago,IL,USA,41.8755616,-87.6244212,17031,ATH,Chris Covington,LB,LB,Indiana,Big Ten Conference,2018,2020,6,TRUE
145129,3125356,HighSchool,2014,3336,Jalen Davis,Helix,Utah State,CB,69,150,2,0.7333,La Mesa,CA,USA,32.7678288,-117.0230839,06073,DB,Jalen Davis,CB,DB,Utah State,Mountain West Conference,2018,2025,NA,TRUE
145203,3126080,HighSchool,2014,3336,Papi White,Seminole,Ohio,RB,69,168,2,0.7333,Ada,OK,USA,34.7743383,-96.6783651,40123,RB,Papi White,WR,WR,Ohio,NA,2019,2019,NA,TRUE
145535,3125354,HighSchool,2014,3534,Hunter Sharp,Antelope Valley,Utah State,WR,73,190,2,0.7,Lancaster,CA,USA,34.6981064,-118.1366153,06037,WR,Hunter Sharp,WR,WR,Utah State; Antelope Valley Junior College,NA,2016,2018,NA,TRUE
138318,3912545,HighSchool,2015,4,Iman Marshall,Long Beach Poly,USC,CB,73,190,5,0.9985,Long Beach,CA,USA,33.7690164,-118.1916048,06037,DB,Iman Marshall,CB,DB,USC,Pacific Twelve Conference,2019,2021,4,TRUE
138319,3691739,HighSchool,2015,5,Derwin James,Haines City,Florida State,S,74,201,5,0.9982,Auburndale,FL,USA,28.10708845,-81.80358011667643,12105,DB,Derwin James,FS,DB,Florida State,Atlantic Coast Conference,2018,2025,1,TRUE
138322,3693166,HighSchool,2015,8,Josh Sweat,Oscar Smith,Florida State,WDE,77,240,5,0.9949,Chesapeake,VA,USA,36.7183708,-76.2466798,51550,DL,Josh Sweat,OLB,LB,Florida State,Atlantic Coast Conference,2018,2025,4,TRUE
138323,3843234,HighSchool,2015,9,Kevin Toliver II,Trinity Christian Academy,LSU,CB,74,185,5,0.9949,Jacksonville,FL,USA,30.3321838,-81.655651,12031,DB,Kevin Toliver,DB,DB,LSU,Southeastern Conference,2018,2021,NA,TRUE
138324,3821576,HighSchool,2015,10,Malik Jefferson,Poteet,Texas,OLB,74.5,215,5,0.9934,Mesquite,TX,USA,32.7666103,-96.599472,48113,LB,Malik Jefferson,LB,LB,Texas,Big Twelve Conference,2018,2023,3,TRUE
138325,3886377,HighSchool,2015,11,Josh Rosen,St. John Bosco,UCLA,PRO,76,205,5,0.9932,Bellflower,CA,USA,33.8825705,-118.1167679,06037,QB,Josh Rosen,QB,QB,UCLA,Pacific Twelve Conference,2018,2022,1,TRUE
138326,3925357,HighSchool,2015,12,Calvin Ridley,Monarch,Alabama,WR,72,170,5,0.9931,Pompano Beach,FL,USA,26.2378597,-80.1247667,12011,WR,Calvin Ridley,WR,WR,Alabama,Southeastern Conference,2018,2025,1,TRUE
138328,3917316,HighSchool,2015,14,Daylon Mack,Gladewater,Texas A&M,DT,73,330,5,0.9915,Gladewater,TX,USA,32.5365333,-94.9427169,48183,DL,Daylon Mack,DT,DL,Texas A&M,Southeastern Conference,2019,2020,5,TRUE
138329,3921563,HighSchool,2015,15,Tarvarus McFadden,American Heritage,Florida State,CB,74,198,5,0.9915,Fort Lauderdale,FL,USA,26.1223084,-80.1433786,12011,DB,Tarvarus McFadden,DB,DB,Florida State,NA,2018,2018,NA,TRUE
138332,3728254,HighSchool,2015,18,Deon Cain,Tampa Bay Tech,Clemson,WR,73.5,194,5,0.9906,Tampa,FL,USA,27.9477595,-82.458444,12057,WR,Deon Cain,WR,WR,Clemson,Atlantic Coast Conference,2018,2024,6,TRUE
138334,3925358,HighSchool,2015,20,Kendall Sheffield,Fort Bend Marshall,Alabama,CB,72,181,5,0.99,Missouri City,TX,USA,29.6185669,-95.5377215,48157,DB,Kendall Sheffield,DB,DB,Ohio State; Blinn College; Alabama,Big Ten Conference,2019,2025,4,TRUE
138335,3912562,HighSchool,2015,21,Rasheem Green,Junipero Serra,USC,DT,77,275,5,0.9899,Gardena,CA,USA,33.8963593,-118.3053037,06037,DL,Rasheem Green,DE,DL,USC,Pacific Twelve Conference,2018,2023,3,TRUE
138337,3728250,HighSchool,2015,23,Mitch Hyatt,North Gwinnett,Clemson,OT,77,272,5,0.9896,Suwanee,GA,USA,34.0514898,-84.0712997,13135,OL,Mitch Hyatt,OT,OL,Clemson,Atlantic Coast Conference,2019,2021,NA,TRUE
138338,3728266,HighSchool,2015,24,Christian Wilkins,Suffield Academy,Clemson,DT,76,290,5,0.9893,Suffield,CT,USA,41.9816944,-72.6506604,09003,DL,Christian Wilkins,DT,DL,Clemson,Atlantic Coast Conference,2019,2024,1,TRUE
138339,3895856,HighSchool,2015,25,Christian Kirk,Saguaro,Texas A&M,WR,70,191,5,0.9891,Scottsdale,AZ,USA,33.4942189,-111.9260184,04013,WR,Christian Kirk,WR,WR,Texas A&M,Southeastern Conference,2018,2025,2,TRUE
138341,3915174,HighSchool,2015,27,Terry Godwin,Callaway,Georgia,ATH,72,168,5,0.9879,Hogansville,GA,USA,33.1731769,-84.914936,13285,ATH,Terry Godwin,WR,WR,Georgia,Southeastern Conference,2019,2021,7,TRUE
138344,3925345,HighSchool,2015,30,Minkah Fitzpatrick,St. Peter's Prep,Alabama,CB,73,198,5,0.9872,Jersey City,NJ,USA,40.7281575,-74.0776417,34017,DB,Minkah Fitzpatrick,FS,DB,Alabama,Southeastern Conference,2018,2025,1,TRUE
138345,3925347,HighSchool,2015,31,Damien Harris,Madison Southern,Alabama,RB,71,205,5,0.9865,Berea,KY,USA,37.568694,-84.2963224,21151,RB,Damien Harris,RB,RB,Alabama,Southeastern Conference,2019,2023,3,TRUE
138350,3886528,HighSchool,2015,36,Kyle Phillips,Hillsboro,Tennessee,SDE,75.5,250,5,0.9843,Nashville,TN,USA,36.1622296,-86.7743531,47037,DL,Kyle Phillips,DE,DL,Tennessee,Southeastern Conference,2019,2023,NA,TRUE
138352,3693033,HighSchool,2015,38,Jacques Patrick,Timber Creek,Florida State,RB,73.5,230,4,0.9829,Orlando,FL,USA,28.5421109,-81.3790304,12095,RB,Jacques Patrick,RB,RB,Florida State,Atlantic Coast Conference,2020,2023,NA,TRUE
138354,3912550,HighSchool,2015,40,Ronald Jones II,McKinney North,USC,RB,72,185,4,0.9827,McKinney,TX,USA,33.1976496,-96.6154471,48085,RB,Ronald Jones,RB,RB,USC,Pacific Twelve Conference,2018,2023,2,TRUE
138355,3912553,HighSchool,2015,41,Porter Gustin,Salem Hills,USC,OLB,77,245,4,0.9827,Salem,UT,USA,40.0529736,-111.6734537,49049,LB,Porter Gustin,LB,LB,USC,Pacific Twelve Conference,2019,2022,NA,TRUE
138357,3916925,HighSchool,2015,43,Kerryon Johnson,Madison Academy,Auburn,ATH,72,200,4,0.981,Madison,AL,USA,34.6928726,-86.7511427,01089,ATH,Kerryon Johnson,RB,RB,Auburn,Southeastern Conference,2018,2021,2,TRUE
138358,3859100,HighSchool,2015,44,Deionte Thompson,West Orange-Stark,Alabama,S,74,181,4,0.9806,Orange,TX,USA,30.0929879,-93.7365549,48361,DB,Deionte Thompson,SAF,DB,Alabama,Southeastern Conference,2019,2022,5,TRUE
138359,3843750,HighSchool,2015,45,Derrius Guice,Baton Rouge Catholic,LSU,RB,70.5,213,4,0.9793,Baton Rouge,LA,USA,30.4459596,-91.18738,22033,RB,Derrius Guice,RB,RB,LSU,NA,2018,2019,2,TRUE
138362,3915189,HighSchool,2015,48,Roquan Smith,Macon County,Georgia,OLB,74,207,4,0.9769,Montezuma,GA,USA,32.3051576,-84.0274073,13193,LB,Roquan Smith,ILB,LB,Georgia,Southeastern Conference,2018,2025,1,TRUE
138364,3843769,HighSchool,2015,50,Donte Jackson,Riverdale,LSU,ATH,71,164,4,0.976,New Orleans,LA,USA,29.9499323,-90.0701156,22071,ATH,Donte Jackson,CB,DB,LSU,Southeastern Conference,2018,2025,2,TRUE
138369,3886601,HighSchool,2015,55,Shy Tuttle,North Davidson,Tennessee,DT,75,320,4,0.9744,Lexington,NC,USA,35.8240265,-80.2533838,37057,DL,Shy Tuttle,DT,DL,Tennessee,Southeastern Conference,2019,2025,NA,TRUE
138371,3895834,HighSchool,2015,57,Jalen Dalton,West Forsyth,North Carolina,WDE,77,235,4,0.9737,Clemmons,NC,USA,36.0215258,-80.3819984,37067,DL,Jalen Dalton,DT,DL,North Carolina,Atlantic Coast Conference,2019,2024,NA,TRUE
138373,3912544,HighSchool,2015,59,Marvell Tell III,Crespi,USC,S,73.5,188,4,0.9725,Encino,CA,USA,34.1591324,-118.5016166,06037,DB,Marvell Tell,CB,DB,USC,Pacific Twelve Conference,2019,2023,5,TRUE
138375,3915507,HighSchool,2015,61,Jerome Baker,Benedictine,Ohio State,ATH,74,203,4,0.9697,Cleveland,OH,USA,41.5051613,-81.6934446,39035,ATH,Jerome Baker,OLB,LB,Ohio State,Big Ten Conference,2018,2025,3,TRUE
138377,3932433,HighSchool,2015,63,Alize Mack,Bishop Gorman,Notre Dame,TE,76.5,218,4,0.9693,Las Vegas,NV,USA,36.1672559,-115.1485163,32003,TE,Alize Mack,TE,TE,Notre Dame,Independent,2019,2019,7,TRUE
138379,3728308,HighSchool,2015,65,Jonathan Ledbetter,Tucker,Georgia,SDE,76,265,4,0.968,Tucker,GA,USA,33.8532701,-84.2200729,13089,DL,Jonathan Ledbetter,DE,DL,Georgia,Southeastern Conference,2019,2023,NA,TRUE
138382,3915403,HighSchool,2015,68,Brady White,Hart,Arizona State,PRO,72.5,180,4,0.9673,Santa Clarita,CA,USA,34.3916641,-118.542586,06037,QB,Tim White,WR,WR,Arizona State; College of the Canyons,NA,2017,2019,NA,TRUE
138384,3931391,HighSchool,2015,70,Trent Irwin,Hart,Stanford,WR,73.5,189,4,0.9655,Newhall,CA,USA,37.3485422,-121.9203988069216,06085,WR,Trenton Irwin,WR,WR,Stanford,Pacific Twelve Conference,2019,2025,NA,TRUE
138387,3886812,HighSchool,2015,73,Jake Browning,Folsom,Washington,PRO,74,185,4,0.9633,Folsom,CA,USA,38.6779591,-121.1760583,06067,QB,Jake Browning,QB,QB,Washington,Pacific Twelve Conference,2019,2025,NA,TRUE
138389,3915536,HighSchool,2015,75,Mike Weber,Cass Technical,Ohio State,RB,69.5,219,4,0.9627,Detroit,MI,USA,42.3315509,-83.046640300000007,26163,RB,Mike Weber,RB,RB,Ohio State,Big Ten Conference,2019,2020,7,TRUE
138390,3929847,HighSchool,2015,76,Holton Hill,Lamar,Texas,CB,74,184,4,0.9626,Houston,TX,USA,29.7589382,-95.3676974,48201,DB,Holton Hill,DB,DB,Texas,Big Twelve Conference,2018,2021,NA,TRUE
138394,3929855,HighSchool,2015,80,Chris Warren III,Rockwall,Texas,RB,74,240,4,0.9622,Rockwall,TX,USA,32.9312336,-96.4597089,48397,RB,Chris Warren,RB,RB,Texas,Big Twelve Conference,2018,2018,NA,TRUE
138395,3728262,HighSchool,2015,81,Ray-Ray McCloud,Sickles,Clemson,ATH,69,175,4,0.9621,Tampa,FL,USA,27.9477595,-82.458444,12057,ATH,Ray-Ray McCloud,WR,WR,Clemson,Atlantic Coast Conference,2018,2025,6,TRUE
138397,3917846,HighSchool,2015,83,Mark Walton,Booker T. Washington,Miami,RB,70,179,4,0.9607,Miami,FL,USA,25.7742658,-80.1936589,12086,RB,Mark Walton,RB,RB,Miami,NA,2018,2019,4,TRUE
138398,3676003,HighSchool,2015,84,JoJo Wicker,Long Beach Poly,Arizona State,SDE,74,278,4,0.9599,Long Beach,CA,USA,33.7690164,-118.1916048,06037,DL,JoJo Wicker,DT,DL,Arizona State,NA,2018,2019,NA,TRUE
138401,3843843,HighSchool,2015,87,Arden Key,Hapeville Charter,LSU,WDE,77,230,4,0.9593,Lithonia,GA,USA,33.7123305,-84.1051939,13089,DL,Arden Key,LB,LB,LSU,Southeastern Conference,2018,2025,3,TRUE
138402,3728310,HighSchool,2015,88,Natrez Patrick,Mays,Georgia,WDE,75,259,4,0.9587,Atlanta,GA,USA,33.7490987,-84.3901849,13121,DL,Natrez Patrick,ILB,LB,Georgia,Southeastern Conference,2019,2021,NA,TRUE
138403,3863089,HighSchool,2015,89,Tristen Hoge,Highland,Notre Dame,OC,76,276,4,0.9585,Pocatello,ID,USA,42.8688613,-112.4401098,16005,OTHER,Tristen Hoge,G,OL,BYU; Notre Dame,Independent,2021,2021,NA,TRUE
138404,3728248,HighSchool,2015,90,Albert Huggins,Orangeburg-Wilkinson,Clemson,DT,75,283,4,0.9583,Orangeburg,SC,USA,33.4918203,-80.8556476,45075,DL,Albert Huggins,DT,DL,Clemson,Atlantic Coast Conference,2019,2023,NA,TRUE
138405,3929845,HighSchool,2015,91,Kris Boyd,Gilmer,Texas,CB,71.5,185,4,0.9571,Gilmer,TX,USA,32.7312256,-94.9469309,48459,DB,Kris Boyd,CB,DB,Texas,Big Twelve Conference,2019,2025,7,TRUE
138407,3728261,HighSchool,2015,93,Mark Fields,Hough,Clemson,CB,71,190,4,0.9564,Cornelius,NC,USA,35.4817982,-80.8589501,37119,DB,Mark Fields,CB,DB,Clemson,Atlantic Coast Conference,2019,2020,NA,TRUE
138408,3932449,HighSchool,2015,94,Dexter Williams,West Orange,Notre Dame,RB,72,192,4,0.9564,Winter Garden,FL,USA,28.5656649,-81.5856742,12095,RB,Dexter Williams,RB,RB,Notre Dame,Independent,2019,2021,6,TRUE
138412,3924327,HighSchool,2015,98,Drew Lock,Lee's Summit,Missouri,PRO,75.5,205,4,0.9553,Lee's Summit,MO,USA,38.9107156,-94.3821295,29095,QB,Drew Lock,QB,QB,Missouri,Southeastern Conference,2019,2025,2,TRUE
138415,3915532,HighSchool,2015,101,Isaiah Prince,Eleanor Roosevelt,Ohio State,OT,78,272,4,0.9533,Greenbelt,MD,USA,39.0099993,-76.9125366,24033,OL,Isaiah Prince,OT,OL,Ohio State,Big Ten Conference,2019,2024,6,TRUE
138419,3895798,HighSchool,2015,105,Jordan Whitehead,Central Valley,Pittsburgh,CB,71,185,4,0.9518,Monaca,PA,USA,40.6872885,-80.2714505,42007,DB,Jordan Whitehead,FS,DB,Pittsburgh,Atlantic Coast Conference,2018,2024,4,TRUE
138422,3929956,HighSchool,2015,108,Tim Settle,Unity Reed,Virginia Tech,DT,74,361,4,0.9512,Manassas,VA,USA,38.7509488,-77.4752667,51683,DL,Tim Settle,DT,DL,Virginia Tech,Atlantic Coast Conference,2018,2025,5,TRUE
138425,3916430,HighSchool,2015,111,Nyheim Hines,Garner,NC State,APB,69,187,4,0.9486,Garner,NC,USA,35.7112642,-78.6141709,37183,RB,Nyheim Hines,RB,RB,N.C. State,Atlantic Coast Conference,2018,2025,4,TRUE
138427,4035518,HighSchool,2015,113,Prince Tega Wanogho Jr.,Edgewood Academy,Auburn,SDE,80,250,4,0.9481,Elmore,AL,USA,32.5387448,-86.3149712,01051,DL,Prince Tega Wanogho,OT,OL,Auburn,Southeastern Conference,2020,2023,6,TRUE
138428,3915196,HighSchool,2015,114,D'Andre Walker,Langston Hughes,Georgia,WDE,74.5,209,4,0.9468,Fairburn,GA,USA,33.5670562,-84.5810418,13121,DL,D'Andre Walker,OLB,LB,Georgia,NA,2019,2020,5,TRUE
138429,3728258,HighSchool,2015,115,Clelin Ferrell,Benedictine,Clemson,WDE,77,225,4,0.9467,Richmond,VA,USA,37.5385087,-77.43428,51760,DL,Clelin Ferrell,DE,DL,Clemson,Atlantic Coast Conference,2019,2025,1,TRUE
138431,3915115,HighSchool,2015,117,Jordan Scarlett,St. Thomas Aquinas,Florida,RB,70.5,202,4,0.9464,Fort Lauderdale,FL,USA,26.1223084,-80.1433786,12011,RB,Jordan Scarlett,RB,RB,Florida,Southeastern Conference,2019,2021,5,TRUE
138433,3929630,HighSchool,2015,119,Saquon Barkley,Whitehall,Penn State,RB,71,190,4,0.9458,Whitehall,PA,USA,40.657478049999995,-75.50746464724347,42077,RB,Saquon Barkley,RB,RB,Penn State,Big Ten Conference,2018,2025,1,TRUE
138436,3916928,HighSchool,2015,122,Jeff Holland,Trinity Christian Academy,Auburn,OLB,74,230,4,0.945,Jacksonville,FL,USA,30.3321838,-81.655651,12031,LB,Jeff Holland,LB,LB,Auburn,Southeastern Conference,2018,2019,NA,TRUE
138438,3929653,HighSchool,2015,124,John Reid,St. Joseph's,Penn State,CB,70,180,4,0.9445,Philadelphia,PA,USA,39.9527237,-75.1635262,42101,DB,John Reid,CB,DB,Penn State,Big Ten Conference,2020,2022,4,TRUE
138442,3929645,HighSchool,2015,128,Juwan Johnson,Glassboro,Penn State,WR,76,216,4,0.9428,Glassboro,NJ,USA,39.7027677,-75.1119434,34015,WR,Juwan Johnson,TE,TE,Oregon; Penn State,Pacific Twelve Conference,2020,2025,NA,TRUE
138448,3915525,HighSchool,2015,134,Dre'Mont Jones,St. Ignatius,Ohio State,SDE,75,266,4,0.9409,Cleveland,OH,USA,41.5051613,-81.6934446,39035,DL,Dre'Mont Jones,DE,DL,Ohio State,Big Ten Conference,2019,2025,3,TRUE
138454,3916945,HighSchool,2015,140,Darius Slayton,Greater Atlanta Christian School,Auburn,WR,73,182,4,0.9379,Norcross,GA,USA,33.9412127,-84.2135309,13135,WR,Darius Slayton,WR,WR,Auburn,Southeastern Conference,2019,2025,5,TRUE
138455,3915778,HighSchool,2015,141,Josh Smith,Oakland,Vanderbilt,ILB,75,228,4,0.9378,Murfreesboro,TN,USA,35.845999,-86.3920452,47149,LB,Josh Smith,LB,LB,Vanderbilt,NA,2019,2019,NA,TRUE
138459,3925348,HighSchool,2015,145,Hale Hentges,Helias,Alabama,TE,77,230,4,0.935,Jefferson City,MO,USA,38.577359,-92.1724265,29051,TE,Hale Hentges,TE,TE,Alabama,Southeastern Conference,2019,2020,NA,TRUE
138462,3912547,HighSchool,2015,148,Sam Darnold,San Clemente,USC,DUAL,75.5,208,4,0.9338,San Clemente,CA,USA,33.4270275,-117.6124179,06059,QB,Sam Darnold,QB,QB,USC,NA,2018,2025,1,TRUE
138464,3915186,HighSchool,2015,150,Chauncey Rivers,Stephenson,Georgia,WDE,74.5,247,4,0.9333,Stone Mountain,GA,USA,33.8080924,-84.1706273,13089,DL,Chauncey Rivers,LB,LB,Mississippi State; East Mississippi JC; Georgia,Southeastern Conference,2020,2021,NA,TRUE
138465,3705353,HighSchool,2015,151,Rodney Anderson,Katy,Oklahoma,APB,72.5,204,4,0.9332,Katy,TX,USA,29.7857853,-95.8243956,48157,RB,Rodney Anderson,RB,RB,Oklahoma,NA,2019,2019,6,TRUE
138470,3863182,HighSchool,2015,156,Jerry Tillery,Evangel Christian Academy,Notre Dame,OT,78,308,4,0.9325,Shreveport,LA,USA,32.5221828,-93.7651944,22017,OL,Jerry Tillery,DT,DL,Notre Dame,Independent,2019,2025,1,TRUE
138477,3932442,HighSchool,2015,163,Equanimeous St. Brown,Servite,Notre Dame,WR,77,205,4,0.9298,Anaheim,CA,USA,33.8347516,-117.911732,06059,WR,Equanimeous St. Brown,WR,WR,Notre Dame,Independent,2018,2024,6,TRUE
138479,3886598,HighSchool,2015,165,Jauan Jennings,Blackman,Tennessee,DUAL,76,188,4,0.9289,Murfreesboro,TN,USA,35.845999,-86.3920452,47149,QB,Jauan Jennings,WR,WR,Tennessee,Southeastern Conference,2020,2025,7,TRUE
138486,3706968,HighSchool,2015,172,Bobby Evans,Allen,Oklahoma,OT,76,280,4,0.926,Allen,TX,USA,33.1031744,-96.6705503,48085,OL,Bobby Evans,G,OL,Oklahoma,Big Twelve Conference,2019,2022,3,TRUE
138487,3916937,HighSchool,2015,173,Darrell Williams,Hoover,Auburn,OLB,75,226,4,0.9259,Hoover,AL,USA,33.3848933,-86.8070484,01073,LB,Darrell Williams,LB,LB,Auburn,NA,2019,2019,NA,TRUE
138490,3929924,HighSchool,2015,176,Zach Gentry,Eldorado,Michigan,PRO,79,230,4,0.9248,Albuquerque,NM,USA,35.0841034,-106.6509851,35001,QB,Zach Gentry,TE,TE,Michigan,Big Ten Conference,2019,2023,5,TRUE
138498,3843406,HighSchool,2015,184,Nick Brossette,University Lab,LSU,RB,72,207,4,0.9224,Baton Rouge,LA,USA,30.4459596,-91.18738,22033,RB,Nick Brossette,RB,RB,LSU,NA,2019,2019,NA,TRUE
138501,3701669,HighSchool,2015,187,Cameron Smith,Granite Bay,USC,ILB,75,225,4,0.922,Granite Bay,CA,USA,38.7632346,-121.1638361,06061,LB,Cameron Smith,ILB,LB,USC,Pacific Twelve Conference,2019,2020,5,TRUE
138505,3929846,HighSchool,2015,191,DeShon Elliott,Rockwall-Heath,Texas,S,73,200,4,0.9218,Rockwall,TX,USA,32.9312336,-96.4597089,48397,DB,DeShon Elliott,SAF,DB,Texas,Big Twelve Conference,2018,2025,6,TRUE
138508,3932423,HighSchool,2015,194,Miles Boykin,Providence Catholic,Notre Dame,WR,76,220,4,0.9209,New Lenox,IL,USA,41.5119761,-87.9656098,17197,WR,Miles Boykin,WR,WR,Notre Dame,Independent,2019,2025,3,TRUE
138509,3859006,HighSchool,2015,195,Ronnie Harrison,Florida State University School,Alabama,S,75,205,4,0.9206,Tallahassee,FL,USA,30.4380832,-84.2809332,12073,DB,Ronnie Harrison,LB,LB,Alabama,Southeastern Conference,2018,2025,3,TRUE
138518,3728253,HighSchool,2015,204,Austin Bryant,Thomas County Central,Clemson,WDE,77,250,4,0.919,Thomasville,GA,USA,30.8365815,-83.9787808,13275,DL,Austin Bryant,DE,DL,Clemson,Atlantic Coast Conference,2019,2023,4,TRUE
138524,3672862,HighSchool,2015,210,Jaquan Johnson,Killian,Miami,S,70,182,4,0.9163,Miami,FL,USA,25.7742658,-80.1936589,12086,DB,Jaquan Johnson,DB,DB,Miami,Atlantic Coast Conference,2019,2023,6,TRUE
138547,3931398,HighSchool,2015,233,Bryce Love,Wake Forest,Stanford,APB,70,180,4,0.9113,Wake Forest,NC,USA,35.9803138,-78.5103731,37183,RB,Bryce Love,RB,RB,Stanford,Pacific Twelve Conference,2019,2020,4,TRUE
138550,3895830,HighSchool,2015,236,William Sweet,First Coast,North Carolina,OT,77,280,4,0.9098,Jacksonville,FL,USA,30.3321838,-81.655651,12031,OL,William Sweet,OT,OL,North Carolina,Atlantic Coast Conference,2019,2020,NA,TRUE
138553,3915373,HighSchool,2015,239,Micah Abernathy,Greater Atlanta Christian School,Tennessee,CB,73,187,4,0.9095,Atlanta,GA,USA,33.7490987,-84.3901849,13121,DB,Micah Abernathy,DB,DB,Tennessee,Southeastern Conference,2022,2024,NA,TRUE
138562,3915190,HighSchool,2015,248,Jayson Stanley,Creekside,Georgia,WR,74,198,4,0.9081,Fairburn,GA,USA,33.5670562,-84.5810418,13121,WR,Jayson Stanley,DB,DB,Georgia,Southeastern Conference,2019,2021,NA,TRUE
138568,3722362,HighSchool,2015,254,Brett Rypien,Shadle Park,Boise State,PRO,74,185,4,0.9075,Spokane,WA,USA,47.6579425,-117.4212265,53063,QB,Brett Rypien,QB,QB,Boise State,Mountain West Conference,2019,2025,NA,TRUE
138575,3919607,HighSchool,2015,261,Darrion Daniels,Bishop Dunne,Oklahoma State,DT,75.5,290,4,0.9063,Dallas,TX,USA,32.7762719,-96.7968559,48113,DL,Darrion Daniels,DL,DL,Nebraska; Oklahoma State,Big Ten Conference,2020,2021,NA,TRUE
138577,3915535,HighSchool,2015,263,Denzel Ward,Nordonia,Ohio State,CB,71,165,4,0.9062,Macedonia,OH,USA,41.313667,-81.50845,39153,DB,Denzel Ward,CB,DB,Ohio State,Big Ten Conference,2018,2025,1,TRUE
138579,3921564,HighSchool,2015,265,Auden Tate,Wharton,Florida State,WR,76.5,215,4,0.9054,Tampa,FL,USA,27.9477595,-82.458444,12057,WR,Auden Tate,WR,WR,Florida State,Atlantic Coast Conference,2018,2022,7,TRUE
138600,3915230,HighSchool,2015,286,CJ Conrad,Keystone,Kentucky,TE,77,225,4,0.9018,LaGrange,OH,USA,41.2373401,-82.1198013,39093,TE,C.J. Conrad,TE,TE,Kentucky,NA,2019,2019,NA,TRUE
138603,3843603,HighSchool,2015,289,Jazz Ferguson,West Feliciana,LSU,WR,77,205,4,0.9015,Saint Francisville,LA,USA,30.7881,-91.3768,29045,WR,Jazz Ferguson,WR,WR,Northwestern State (LA); LSU,NA,2019,2019,NA,TRUE
138608,3895788,HighSchool,2015,294,Darrin Hall,Fitch,Pittsburgh,RB,72,205,4,0.9005,Youngstown,OH,USA,41.1035786,-80.6520161,39099,RB,Darrin Hall,RB,RB,Pittsburgh,NA,2019,2019,NA,TRUE
138611,3929636,HighSchool,2015,297,Irvin Charles,Paul VI,Penn State,WR,76,212,4,0.9001,Haddonfield,NJ,USA,39.8915022,-75.0376707,34007,WR,Irvin Charles,WR,WR,"Indiana PA,  University of; Penn State",Pennsylvania State Athletic Conference,2022,2025,NA,TRUE
138614,3932420,HighSchool,2015,300,Josh Adams,Central Bucks South,Notre Dame,RB,74,208,4,0.9001,Warrington,PA,USA,40.2492741,-75.1340604,42017,RB,Josh Adams,RB,RB,Notre Dame,Independent,2018,2021,NA,TRUE
138618,3862861,HighSchool,2015,304,Te'von Coney,Palm Beach Gardens,Notre Dame,ILB,73,222,4,0.8995,Palm Beach Gardens,FL,USA,26.8418256,-80.13590694666684,12099,LB,Te'Von Coney,LB,LB,Notre Dame,Independent,2019,2019,NA,TRUE
138621,3915776,HighSchool,2015,307,Kyle Shurmur,La Salle College,Vanderbilt,PRO,76,215,4,0.8992,Glenside,PA,USA,40.1023326,-75.1521195,42091,QB,Kyle Shurmur,QB,QB,Vanderbilt,Southeastern Conference,2019,2021,NA,TRUE
138625,3929922,HighSchool,2015,311,Tyrone Wheatley Jr.,Canisius,Michigan,TE,78,260,4,0.8983,Manlius,NY,USA,43.0020107,-75.9768632,36067,TE,Tyrone Wheatley Jr.,OT,OL,Stony Brook,Mid-Eastern Athletic Conference,2021,2025,NA,TRUE
138642,3843217,HighSchool,2015,328,Chandler Cox,Apopka,Auburn,FB,72.5,222,4,0.8942,Apopka,FL,USA,28.6779683,-81.5115214,12095,OTHER,Chandler Cox,FB,RB,Auburn,Southeastern Conference,2019,2020,7,TRUE
138646,3894849,HighSchool,2015,332,James Daniels,Warren G Harding,Iowa,OC,76,304,4,0.8939,Warren,OH,USA,41.237557,-80.818417,39155,OTHER,James Daniels,G,OL,Iowa,Big Ten Conference,2018,2025,2,TRUE
138648,3916923,HighSchool,2015,334,Carlton Davis,Norland,Auburn,CB,74,184,4,0.8934,Miami,FL,USA,25.7742658,-80.1936589,12086,DB,Carlton Davis III,CB,DB,Auburn,Southeastern Conference,2018,2025,2,TRUE
138650,3886608,HighSchool,2015,336,Jon Dietzen,Seymour,Wisconsin,OT,77,345,4,0.8929,Seymour,WI,USA,44.514988,-88.3303798,55087,OL,Jon Dietzen,G,OL,Wisconsin,Big Ten Conference,2021,2021,NA,TRUE
138655,3917849,HighSchool,2015,341,Lawrence Cager,Calvert Hall College,Miami,WR,77,195,4,0.8926,Towson,MD,USA,39.4018552,-76.602388,24005,WR,Lawrence Cager,TE,TE,Georgia; Miami,Southeastern Conference,2020,2025,NA,TRUE
138658,3929818,HighSchool,2015,344,Andrew Dowell,St. Edward,Michigan State,RB,73,211,4,0.892,Lakewood,OH,USA,41.4819932,-81.7981908,39035,RB,Andrew Dowell,LB,LB,Michigan State,Big Ten Conference,2019,2023,NA,TRUE
138665,3915097,HighSchool,2015,351,Antonio Callaway,Booker T. Washington,Florida,WR,71,185,4,0.8901,Miami,FL,USA,25.7742658,-80.1936589,12086,WR,Antonio Callaway,WR,WR,Florida,Southeastern Conference,2018,2022,4,TRUE
138667,3915416,HighSchool,2015,352,D.J. Moore,Imhotep Institute,Maryland,WR,72,180,3,0.89,Philadelphia,PA,USA,39.9527237,-75.1635262,42101,WR,DJ Moore,WR,WR,Maryland,NA,2018,2025,1,TRUE
138676,3917847,HighSchool,2015,362,Kendrick Norton,Trinity Christian Academy,Miami,OG,75,305,3,0.8888,Jacksonville,FL,USA,30.3321838,-81.655651,12031,OL,Kendrick Norton,DT,DL,Miami,NA,2018,2019,7,TRUE
138679,3931399,HighSchool,2015,365,Justin Reid,Dutchtown,Stanford,S,72,193,3,0.8884,Geismar,LA,USA,30.2043633,-91.0226013,22005,DB,Justin Reid,S,DB,Stanford,Pacific Twelve Conference,2018,2025,3,TRUE
138687,3932430,HighSchool,2015,371,Jalen Guyton,Allen,Notre Dame,WR,73,190,3,0.8869,Allen,TX,USA,33.1031744,-96.6705503,48085,WR,Jalen Guyton,WR,WR,North Texas; Trinity Valley CC,Conference USA,2019,2024,NA,TRUE
138693,3931400,HighSchool,2015,379,Quenton Meeks,Del Norte,Stanford,CB,74,195,3,0.8861,Crescent City,CA,USA,41.8528065,-124.14986198309553,06015,DB,Quenton Meeks,CB,DB,Stanford,Pacific Twelve Conference,2018,2020,NA,TRUE
138711,3886818,HighSchool,2015,396,Myles Gaskin,O'Dea,Washington,RB,69,185,3,0.8819,Seattle,WA,USA,47.6038321,-122.3300624,53033,RB,Myles Gaskin,RB,RB,Washington,Pacific Twelve Conference,2019,2025,7,TRUE
138710,3895828,HighSchool,2015,396,Anthony Ratliff-Williams,Butler,North Carolina,DUAL,73,205,3,0.8819,Matthews,NC,USA,35.1170873,-80.723718,37119,QB,Anthony Ratliff-Williams,WR,WR,North Carolina,Atlantic Coast Conference,2019,2019,NA,TRUE
138712,3916387,HighSchool,2015,398,Lamar Jackson,Boynton Beach Community,Louisville,DUAL,75,185,3,0.8819,Boynton Beach,FL,USA,26.5256179,-80.0666026,12099,QB,Lamar Jackson,QB,QB,Louisville,Atlantic Coast Conference,2018,2025,1,TRUE
138793,3929927,HighSchool,2015,479,Karan Higdon,Riverview,Michigan,RB,70,190,3,0.8744,Sarasota,FL,USA,27.3364347,-82.5306527,12115,RB,Karan Higdon,RB,RB,Michigan,Big Ten Conference,2019,2019,NA,TRUE
138797,3929817,HighSchool,2015,483,Felton Davis III,Highland Springs,Michigan State,WR,75,175,3,0.8744,Highland Springs,VA,USA,37.5460121,-77.3278441,51087,WR,Felton Davis,WR,WR,Michigan State,NA,2019,2019,NA,TRUE
138803,3912551,HighSchool,2015,484,Aca'Cedric Ware,Cedar Hill,USC,RB,72,196,3,0.8742,Cedar Hill,TX,USA,32.5888072,-96.9553675,48113,RB,Aca'Cedric Ware,RB,RB,USC,Pacific Twelve Conference,2019,2020,NA,TRUE
139071,3917292,HighSchool,2015,764,Justin Johnson,Hoover,Mississippi State,WR,76,205,3,0.8578,Hoover,AL,USA,33.3848933,-86.8070484,01073,WR,Justin Johnson,TE,TE,Mississippi State,NA,2019,2020,NA,TRUE
139084,3917872,HighSchool,2015,772,RJ McIntosh,Cardinal Gibbons,Miami,SDE,77,275,3,0.8572,Fort Lauderdale,FL,USA,26.1223084,-80.1433786,12011,DL,R.J. McIntosh,DT,DL,Miami,Atlantic Coast Conference,2018,2022,5,TRUE
139163,3676833,HighSchool,2015,861,KaVontae Turpin,Neville,TCU,WR,69,165,3,0.8536,Monroe,LA,USA,32.5093109,-92.1193012,22073,WR,KaVontae Turpin,WR,WR,TCU,Big Twelve Conference,2022,2025,NA,TRUE
139190,3916071,HighSchool,2015,885,Gary Jennings Jr.,Colonial Forge,West Virginia,WR,74,205,3,0.8525,Stafford,VA,USA,38.4222681,-77.4084067,51179,WR,Gary Jennings,WR,WR,West Virginia,Big Twelve Conference,2019,2021,4,TRUE
139189,3924318,HighSchool,2015,885,Emanuel Hall,Centennial,Missouri,WR,74,190,3,0.8525,Franklin,TN,USA,35.925193,-86.8689365,47187,WR,Emanuel Hall,WR,WR,Missouri,Southeastern Conference,2019,2020,NA,TRUE
139186,3929641,HighSchool,2015,885,Kevin Givens,Altoona,Penn State,WDE,74,245,3,0.8525,Altoona,PA,USA,40.518681,-78.394736,42013,DL,Kevin Givens,DT,DL,Penn State,Big Ten Conference,2019,2025,NA,TRUE
139491,3914328,HighSchool,2015,1201,Andy Isabella,Mayfield,Massachusetts,ATH,70,175,3,0.84,Cleveland,OH,USA,41.5051613,-81.6934446,39035,ATH,Andy Isabella,WR,WR,UMass Amherst,Mid-American Conference,2019,2024,2,TRUE
139503,3916721,HighSchool,2015,1217,LeVante Bellamy,Brebeuf Jesuit Preparatory School,Western Michigan,WR,69,165,3,0.8396,Indianapolis,IN,USA,39.7683331,-86.1583502,18097,WR,Levante Bellamy,RB,RB,Western Michigan,Mid-American Conference,2020,2021,NA,TRUE
139515,3931782,HighSchool,2015,1229,Chase Litton,Wharton,Marshall,PRO,77,190,3,0.8389,Tampa,FL,USA,27.9477595,-82.458444,12057,QB,Chase Litton,QB,QB,Marshall,NA,2018,2019,NA,TRUE
139689,3914267,HighSchool,2015,1412,Taj McGowan,Hallandale,UCF,RB,73,192,3,0.8328,Hallandale,FL,USA,25.985600599999998,-80.13999671464335,12011,RB,Taj McGowan,RB,RB,UCF,NA,2019,2019,NA,TRUE
139732,3821683,HighSchool,2015,1452,Austin Seibert,Belleville West,Oklahoma,K,70,195,3,0.8308,Belleville,IL,USA,38.5200504,-89.9839935,17163,ST,Austin Seibert,K,SPEC,Oklahoma,Big Twelve Conference,2019,2024,5,TRUE
139771,3893625,HighSchool,2015,1498,Nick Ralston,Argyle,Arizona State,RB,72,215,3,0.8286,Argyle,TX,USA,33.110156,-97.17940980147037,48121,RB,Nick Ralston,FB,RB,Louisiana-Lafayette,Sun Belt Conference,2021,2021,NA,TRUE
139793,3915308,HighSchool,2015,1521,Jake Burt,St. John's Prep,Boston College,TE,77,230,3,0.8275,Danvers,MA,USA,42.5750946,-70.9300507,25009,TE,Jake Burt,TE,TE,Boston College,Atlantic Coast Conference,2020,2020,NA,TRUE
139795,3915291,HighSchool,2015,1523,Lukas Denis,Everett,Boston College,CB,71,170,3,0.8272,Everett,MA,USA,42.40843,-71.0536625,25017,DB,Lukas Denis,DB,DB,Boston College,Atlantic Coast Conference,2023,2023,NA,TRUE
139816,3931395,HighSchool,2015,1540,Jake Bailey,Santa Fe Christian Schools,Stanford,P,74,185,3,0.8261,Solana Beach,CA,USA,32.9905597,-117.2691316,06073,ST,Jake Bailey,P,SPEC,Stanford,Pacific Twelve Conference,2019,2025,5,TRUE
139838,3916564,HighSchool,2015,1567,Tyree Jackson,Mona Shores,Buffalo,DUAL,76,210,3,0.8248,Muskegon,MI,USA,43.2341813,-86.2483921,26121,QB,Tyree Jackson,TE,TE,Buffalo,Mid-American Conference,2021,2025,NA,TRUE
139862,3915834,HighSchool,2015,1590,Terence Steele,Steele,Texas Tech,OT,77,280,3,0.8233,Cibolo,TX,USA,29.5707831,-98.2330927,48187,OL,Terence Steele,OT,OL,Texas Tech,Big Twelve Conference,2020,2025,NA,TRUE
139872,3914305,HighSchool,2015,1603,Anthony Jones,Miami Central,Florida International,WR,72,185,3,0.8226,Miami,FL,USA,25.7742658,-80.1936589,12086,WR,Anthony Jones,TE,TE,Wichita State University; Maryland Univ. (Eastern Shore),NA,1984,1988,11,TRUE
139916,3931424,HighSchool,2015,1647,Demetrius Flannigan-Fowles,Tucson Magnet,Arizona,S,75,180,3,0.8203,Tucson,AZ,USA,32.2228765,-110.9748477,04019,DB,Demetrius Flannigan-Fowles,LB,LB,Arizona,Pacific Twelve Conference,2019,2025,NA,TRUE
139945,3926231,HighSchool,2015,1674,Britain Covey,Timpview,Utah,APB,69,170,3,0.8189,Provo,UT,USA,40.2338438,-111.6585337,49049,RB,Britain Covey,WR,WR,Utah,Pacific Twelve Conference,2022,2025,NA,TRUE
139996,3930040,HighSchool,2015,1727,Jonah Jackson,Penncrest,Rutgers,OT,76,285,3,0.8164,Media,PA,USA,39.9167783,-75.387693,42045,OL,Jonah Jackson,G,OL,Ohio State; Rutgers,Big Ten Conference,2020,2025,3,TRUE
140032,3923397,HighSchool,2015,1766,Ryquell Armstead,Millville,Temple,RB,72,200,3,0.8139,Millville,NJ,USA,39.4020593,-75.0393368,34011,RB,Ryquell Armstead,RB,RB,Temple,American Athletic Conference,2019,2021,5,TRUE
140042,3915296,HighSchool,2015,1776,Michael Walker,Naples,Boston College,ATH,71,178,3,0.8133,Naples,FL,USA,26.1421976,-81.7942944,12021,ATH,Michael Walker,WR,WR,Boston College,Atlantic Coast Conference,2019,2021,NA,TRUE
140059,3915398,HighSchool,2015,1793,Tommy Townsend,Boone,Tennessee,P,73,168,3,0.8125,Orlando,FL,USA,28.5421109,-81.3790304,12095,ST,Tommy Townsend,P,SPEC,Florida,Southeastern Conference,2020,2025,NA,TRUE
140067,3916148,HighSchool,2015,1799,Tony Pollard,Melrose,Memphis,APB,71,192,3,0.8119,Memphis,TN,USA,35.1490215,-90.0516285,47157,RB,Tony Pollard,RB,RB,Memphis,American Athletic Conference,2019,2025,4,TRUE
140069,3930024,HighSchool,2015,1803,Ron'Dell Carter,Long Reach,Rutgers,WDE,75,227,3,0.8117,Columbia,MD,USA,39.193919550000004,-76.87477229012376,24027,DL,Ron'Dell Carter,LB,LB,James Madison,Colonial Athletic Association,2020,2022,NA,TRUE
140079,3917668,HighSchool,2015,1810,Alec Ingold,Bay Port,Wisconsin,DUAL,74,220,3,0.8115,Green Bay,WI,USA,44.5126379,-88.0125794,55009,QB,Alec Ingold,FB,RB,Wisconsin,Big Ten Conference,2019,2025,NA,TRUE
140082,3921970,HighSchool,2015,1815,Sutton Smith,Francis Howell,Northern Illinois,OLB,72,193,3,0.8111,St. Charles,MO,USA,38.7946252,-90.519829,29183,LB,Sutton Smith,RB,RB,Northern Illinois,Mid-American Conference,2019,2021,6,TRUE
140122,3917067,HighSchool,2015,1854,Olabisi Johnson,Bear Creek,Colorado State,WR,72,180,3,0.8097,Denver,CO,USA,39.7392364,-104.9848623,08031,WR,Bisi Johnson,WR,WR,Colorado State,Mountain West Conference,2019,2022,7,TRUE
140160,3914440,HighSchool,2015,1891,Chandler Brewer,Central,Middle Tennessee,OG,78,296,3,0.8078,Florence,AL,USA,34.79981,-87.677251,01077,OL,Chandler Brewer,OT,OL,Middle Tennessee State,Conference USA,2019,2025,NA,TRUE
140200,3920867,HighSchool,2015,1930,Ulysees Gilbert,Trinity Catholic,Akron,ILB,73,240,3,0.8061,Ocala,FL,USA,29.1871986,-82.1400923,12083,LB,Ulysees Gilbert,LB,LB,Akron,Mid-American Conference,2019,2022,6,TRUE
140204,3919510,HighSchool,2015,1930,Alex Bachman,Oaks Christian,Wake Forest,WR,71,175,3,0.8061,Thousand Oaks,CA,USA,34.17142715,-118.91058772974445,06111,WR,Alex Bachman,WR,WR,Wake Forest,Atlantic Coast Conference,2019,2025,NA,TRUE
140203,3916433,HighSchool,2015,1930,Jakobi Meyers,Arabia Mountain,NC State,DUAL,73.5,172,3,0.8061,Lithonia,GA,USA,33.7123305,-84.1051939,13089,QB,Jakobi Meyers,WR,WR,N.C. State,Atlantic Coast Conference,2019,2025,NA,TRUE
140217,3915575,HighSchool,2015,1948,Kelvin McKnight,Manatee,Samford,WR,68,178,3,0.8056,Bradenton,FL,USA,27.4989278,-82.5748194,12081,WR,Kelvin McKnight,WR,WR,Samford,NA,2019,2019,NA,TRUE
140230,3916577,HighSchool,2015,1964,Cameron Lewis,Voyageur College Prep,Buffalo,WR,73,180,3,0.8053,Detroit,MI,USA,42.3315509,-83.046640300000007,26163,WR,Cam Lewis,CB,DB,Buffalo,Mid-American Conference,2019,2025,NA,TRUE
140273,3914240,HighSchool,2015,2006,Tyler Davis,Wellington C Mepham,UConn,PRO,76,195,3,0.8031,Bellmore,NY,USA,40.653812599999995,-73.5284852913932,36059,QB,Tyler Davis,TE,TE,Georgia Tech,Atlantic Coast Conference,2020,2024,6,TRUE
140283,3843945,HighSchool,2015,2015,Foster Moreau,Jesuit,LSU,TE,77,225,3,0.8026,New Orleans,LA,USA,29.9499323,-90.0701156,22071,TE,Foster Moreau,TE,TE,LSU,Southeastern Conference,2019,2025,4,TRUE
140281,3916209,HighSchool,2015,2015,Xavier Jones,Spring High,SMU,APB,68,170,3,0.8026,Spring,TX,USA,30.0798826,-95.4172549,48201,RB,Xavier Jones,RB,RB,SMU,American Athletic Conference,2020,2021,NA,TRUE
140287,3919117,HighSchool,2015,2021,Azeez Al-Shaair,Hillsborough,Florida Atlantic,OLB,74,205,3,0.8025,Tampa,FL,USA,27.9477595,-82.458444,12057,LB,Azeez Al-Shaair,LB,LB,Florida Atlantic,Conference USA,2019,2025,NA,TRUE
140302,3915487,HighSchool,2015,2034,Mike Danna,De La Salle Collegiate,Central Michigan,WDE,75,230,3,0.8015,Warren,MI,USA,42.4932575,-83.0062746,26099,DL,Michael Danna,DE,DL,Michigan,Big Ten Conference,2020,2025,5,TRUE
140331,3916214,HighSchool,2015,2065,Hunter Thedford,Comanche,SMU,TE,79,228,3,0.8003,Comanche,TX,USA,31.8975584,-98.6040074,48093,TE,Hunter Thedford,OT,OL,Utah,Pacific Twelve Conference,2022,2022,NA,TRUE
140386,3914861,HighSchool,2015,2116,Frank Ginda,Pacheco,San José State,ILB,73,225,3,0.7983,Los Banos,CA,USA,37.0592253,-120.8505342,06047,LB,Frank Ginda,LB,LB,San Jose State,Mountain West Conference,2023,2023,NA,TRUE
140407,3916720,HighSchool,2015,2136,Sam Beal,Ottawa Hills,Western Michigan,ATH,74,177,3,0.7972,Grand Rapids,MI,USA,42.9632405,-85.6678639,26081,ATH,Sam Beal,DB,DB,Western Michigan,Mid-American Conference,2018,2021,3,TRUE
140408,3914477,HighSchool,2015,2142,Nate Brooks,Whitehouse,North Texas,CB,71.5,153,3,0.7969,Whitehouse,TX,USA,32.2268666,-95.2259279,48423,DB,Nate Brooks,CB,DB,North Texas,Conference USA,2019,2024,NA,TRUE
140419,3915239,HighSchool,2015,2147,Josh Hines-Allen,Montclair,Kentucky,WDE,76,210,2,0.7967,Montclair,NJ,USA,40.8164458,-74.2210643,34013,DL,Josh Hines-Allen,DE,DL,Kentucky,Southeastern Conference,2019,2025,1,TRUE
140439,3915970,HighSchool,2015,2162,Montre Hartage,Crisp County,Northwestern,CB,72,180,2,0.7959,Cordele,GA,USA,31.9635074,-83.7823938,13081,DB,Montre Hartage,CB,DB,Northwestern,Big Ten Conference,2019,2020,NA,TRUE
140452,3914397,HighSchool,2015,2177,Scott Miller,Barrington,Bowling Green,WR,70,170,2,0.7956,Barrington,IL,USA,42.1539141,-88.1361888,17031,WR,Scott Miller,WR,WR,Bowling Green,Mid-American Conference,2019,2025,6,TRUE
140487,3918310,HighSchool,2015,2216,Carl Granderson,Grant Union,Wyoming,WDE,78,185,2,0.7933,Sacramento,CA,USA,38.5815719,-121.4943996,06067,DL,Carl Granderson,DE,DL,Wyoming,Mountain West Conference,2019,2025,NA,TRUE
140520,3921690,HighSchool,2015,2251,Josh Oliver,Paso Robles,San José State,TE,76,224,2,0.7919,Paso Robles,CA,USA,35.6267654,-120.6912456,06079,TE,Josh Oliver,TE,TE,San Jose State,Mountain West Conference,2019,2025,3,TRUE
140565,3917792,HighSchool,2015,2282,Daniel Jones,Charlotte Latin School,Duke,DUAL,77,190,2,0.79,Charlotte,NC,USA,35.2272,-80.843083,37119,QB,Daniel Jones,QB,QB,Duke,Atlantic Coast Conference,2019,2025,1,TRUE
140592,3914143,HighSchool,2015,2308,Christian Angulo,East Bay,Cincinnati,CB,74,175,2,0.7893,Gibsonton,FL,USA,27.8536365,-82.3825931,12057,DB,Christian Angulo,CB,DB,Hampton,NA,2020,2020,NA,TRUE
140591,3917940,HighSchool,2015,2308,Hakeem Butler,Fort Bend Travis,Iowa State,WR,78,205,2,0.7893,Richmond,TX,USA,29.5821811,-95.7607832,48157,WR,Hakeem Butler,TE,TE,Iowa State,Big Twelve Conference,2019,2020,4,TRUE
140623,3932886,HighSchool,2015,2328,Sean Bunting,Chippewa Valley,Central Michigan,WR,71,160,2,0.7889,Clinton Township,MI,USA,42.5869,-82.9196,34019,WR,Sean Murphy-Bunting,CB,DB,Central Michigan,Mid-American Conference,2019,2025,2,TRUE
140651,3919104,HighSchool,2015,2383,Kerrith Whyte Jr.,Seminole Ridge,Florida Atlantic,RB,70,188,2,0.7872,Loxahatchee,FL,USA,26.8116033,-80.1567274,12099,RB,Kerrith Whyte,RB,RB,Florida Atlantic,Conference USA,2019,2021,7,TRUE
140689,3917546,HighSchool,2015,2423,Penny Hart,King's Ridge Christian School,Georgia State,ATH,69,170,2,0.7853,Alpharetta,GA,USA,34.0709576,-84.2747329,13121,ATH,Penny Hart,WR,WR,Georgia State,Sun Belt Conference,2019,2023,NA,TRUE
140693,3916566,HighSchool,2015,2424,K.J. Osborn,IMG Academy,Buffalo,WR,72,180,2,0.7852,Bradenton,FL,USA,27.4989278,-82.5748194,12081,WR,K.J. Osborn,WR,WR,Miami; Buffalo,Atlantic Coast Conference,2020,2025,5,TRUE
140741,3914613,HighSchool,2015,2463,Emeke Egbule,North Shore,Houston,OLB,74,200,2,0.7826,Houston,TX,USA,29.7589382,-95.3676974,48201,LB,Emeke Egbule,LB,LB,Houston,American Athletic Conference,2019,2022,6,TRUE
140765,3917200,HighSchool,2015,2497,Malik Henry,Tift County,Georgia Southern,WR,72,150,2,0.7811,Tifton,GA,USA,31.4522765,-83.5096866,13277,WR,Malik Henry,WR,WR,West Georgia,NA,2019,2020,NA,TRUE
140834,3916587,HighSchool,2015,2544,Tyler Mabry,IMG Academy,Buffalo,TE,76,245,2,0.7793,Bradenton,FL,USA,27.4989278,-82.5748194,12081,TE,Tyler Mabry,TE,TE,Maryland,Big Ten Conference,2020,2024,NA,TRUE
140844,3922125,HighSchool,2015,2572,Terrill Hanks,La Salle,New Mexico State,OLB,74,200,2,0.7785,Miami,FL,USA,25.7742658,-80.1936589,12086,LB,Terrill Hanks,LB,LB,New Mexico State,NA,2019,2019,NA,TRUE
140860,3843470,HighSchool,2015,2592,Blake Ferguson,Buford,LSU,LS,73,235,2,0.7783,Buford,GA,USA,34.1206564,-84.0043513,13135,ST,Blake Ferguson,LS,SPEC,LSU,Southeastern Conference,2020,2024,6,TRUE
140892,3915400,HighSchool,2015,2623,Eli Wolf,Minster,Tennessee,TE,76,205,2,0.7778,Minster,OH,USA,40.3931033,-84.3760612,39011,TE,Eli Wolf,TE,TE,Georgia,Southeastern Conference,2020,2022,NA,TRUE
140914,3918331,HighSchool,2015,2642,Andrew Wingard,Ralston Valley,Wyoming,S,72,175,2,0.7759,Arvada,CO,USA,39.8211225,-105.22074299044587,08059,DB,Andrew Wingard,SAF,DB,Wyoming,Mountain West Conference,2019,2025,NA,TRUE
140957,3917147,HighSchool,2015,2689,Tae Hayes,Decatur,App State,CB,71,175,2,0.7744,Decatur,AL,USA,34.6060203,-86.9838165,01103,DB,Tae Hayes,DB,DB,Appalachian State,Sun Belt Conference,2019,2023,NA,TRUE
141070,3914595,HighSchool,2015,2786,Josiah Tauaefa,Lake Dallas,UTSA,DT,73,245,2,0.7685,Lake Dallas,TX,USA,33.1192875,-97.0255641,48121,DL,Josiah Tauaefa,LB,LB,Texas-San Antonio,Conference USA,2019,2019,NA,TRUE
141360,3914505,HighSchool,2015,3084,Roderick Young,Dekaney,North Texas,DT,73,280,2,0.7652,Houston,TX,USA,29.7589382,-95.3676974,48201,DL,Roderick Young,DT,DL,North Texas,NA,2019,2019,NA,TRUE
141404,3914553,HighSchool,2015,3120,Tim Ward,High Point Central,Old Dominion,WDE,77,210,2,0.7633,High Point,NC,USA,35.9556924,-80.0053176,37081,DL,Tim Ward,DE,DL,Old Dominion,Conference USA,2019,2022,NA,TRUE
141468,3916655,HighSchool,2015,3192,Maxx Crosby,Colleyville Heritage,Eastern Michigan,SDE,76,240,2,0.7583,Colleyville,TX,USA,32.8809603,-97.155012,48439,DL,Maxx Crosby,DE,DL,Eastern Michigan,Mid-American Conference,2019,2025,4,TRUE
141631,3916370,HighSchool,2015,3358,Jack Fox,Ladue Horton Watkins,Rice,K,74,200,2,0.7433,St. Louis,MO,USA,38.6268039,-90.1994097,29510,ST,Jack Fox,P,SPEC,Rice,Conference USA,2019,2025,NA,TRUE
141665,3916590,HighSchool,2015,3398,Charles Harris,Southfield,Buffalo,SDE,76,240,2,0.7383,Southfield,MI,USA,42.4733689,-83.2218731,26125,DL,Chuck Harris,DE,DL,Buffalo,NA,2019,2019,NA,TRUE
141707,3921645,HighSchool,2015,3430,Julian Williams,Georgia Military College Prep,Florida International,WR,69,170,2,0.72,Suwanee,GA,USA,34.0514898,-84.0712997,13135,WR,Julian Williams,WR,WR,Florida International,NA,2018,2018,NA,TRUE
134378,4046523,HighSchool,2016,1,Rashan Gary,Paramus Catholic,Michigan,DT,77,293,5,1,Paramus,NJ,USA,40.9452911,-74.0735899,34003,DL,Rashan Gary,DE,DL,Michigan,Big Ten Conference,2019,2025,1,TRUE
134379,4035483,HighSchool,2016,2,Dexter Lawrence,Wake Forest,Clemson,DT,76,327,5,0.9992,Wake Forest,NC,USA,35.9803138,-78.5103731,37183,DL,Dexter Lawrence,DT,DL,Clemson,Atlantic Coast Conference,2019,2025,1,TRUE
134383,4039303,HighSchool,2016,6,Ed Oliver,Westfield,Houston,DT,74,277,5,0.9968,Houston,TX,USA,29.7589382,-95.3676974,48201,DL,Ed Oliver,DT,DL,Houston,American Athletic Conference,2019,2025,1,TRUE
134385,4040605,HighSchool,2016,8,Nick Bosa,St. Thomas Aquinas,Ohio State,SDE,76,265,5,0.9965,Fort Lauderdale,FL,USA,26.1223084,-80.1433786,12011,DL,Nick Bosa,DE,DL,Ohio State,Big Ten Conference,2019,2025,1,TRUE
134386,4035495,HighSchool,2016,9,Derrick Brown,Lanier,Auburn,DT,75.75,317,5,0.9964,Buford,GA,USA,34.1206564,-84.0043513,13135,DL,Derrick Brown,DE,DL,Auburn,Southeastern Conference,2020,2025,1,TRUE
134389,4035004,HighSchool,2016,12,Mecole Hardman,Elbert County,Georgia,ATH,70,169,5,0.9909,Elberton,GA,USA,34.1112226,-82.8670839,13105,ATH,Mecole Hardman,WR,WR,Georgia,Southeastern Conference,2019,2025,2,TRUE
134391,4035014,HighSchool,2016,14,Isaac Nauta,IMG Academy,Georgia,TE,75.25,244,5,0.9904,Buford,GA,USA,34.1206564,-84.0043513,13135,TE,Isaac Nauta,TE,TE,Georgia,Southeastern Conference,2019,2020,7,TRUE
134393,4040983,HighSchool,2016,16,Mack Wilson,Carver,Alabama,OLB,74,220,5,0.9884,Montgomery,AL,USA,32.3669656,-86.3006485,01101,LB,Mack Wilson,LB,LB,Alabama,Southeastern Conference,2019,2025,5,TRUE
134395,4035369,HighSchool,2016,18,Jeffery Simmons,Noxubee County,Mississippi State,SDE,75.5,277,5,0.9875,Macon,MS,USA,33.1054039,-88.5608767,28103,DL,Jeffery Simmons,DT,DL,Mississippi State,Southeastern Conference,2019,2025,1,TRUE
134396,4259636,HighSchool,2016,19,Jack Jones,Long Beach Poly,USC,CB,71,164,5,0.9871,Long Beach,CA,USA,33.7690164,-118.1916048,06037,DB,Vi Jones,LB,LB,N.C. State,Atlantic Coast Conference,2022,2024,NA,TRUE
134397,4035566,HighSchool,2016,20,McTelvin Agim,Hope,Arkansas,SDE,74.5,268,5,0.9869,Hope,AR,USA,33.6670616,-93.5915665,05057,DL,McTelvin Agim,DT,DL,Arkansas,Southeastern Conference,2020,2024,3,TRUE
134398,4045163,HighSchool,2016,21,Miles Sanders,Woodland Hills,Penn State,RB,71,199,5,0.9864,Pittsburgh,PA,USA,40.4416941,-79.9900861,42003,RB,Miles Sanders,RB,RB,Penn State,Big Ten Conference,2019,2025,2,TRUE
134399,4035433,HighSchool,2016,22,Kristian Fulton,Archbishop Rummel,LSU,CB,72,177,5,0.9861,Metairie,LA,USA,30.001852,-90.1767149159888,22051,DB,Kristian Fulton,CB,DB,LSU,Southeastern Conference,2020,2025,2,TRUE
134400,4035452,HighSchool,2016,23,Rashard Lawrence,Neville,LSU,DT,75,305,5,0.9847,Monroe,LA,USA,32.5093109,-92.1193012,22073,DL,Rashard Lawrence,DT,DL,LSU,Southeastern Conference,2020,2023,4,TRUE
134402,4035299,HighSchool,2016,25,Benito Jones,Wayne County,Ole Miss,DT,74,285,5,0.9842,Waynesboro,MS,USA,31.6747364,-88.645955,28153,DL,Benito Jones,DT,DL,Mississippi,Southeastern Conference,2020,2025,NA,TRUE
134403,4046691,HighSchool,2016,26,Tommy Kraemer,Elder,Notre Dame,OT,77.5,309,5,0.9835,Cincinnati,OH,USA,39.1014537,-84.5124602,39061,OL,Tommy Kraemer,G,OL,Notre Dame,Independent,2021,2023,NA,TRUE
134409,4035494,HighSchool,2016,32,Marlon Davidson,Greenville,Auburn,SDE,76,260,4,0.9812,Montgomery,AL,USA,32.3669656,-86.3006485,01101,DL,Marlon Davidson,DE,DL,Auburn,Southeastern Conference,2020,2025,2,TRUE
134410,4040608,HighSchool,2016,33,Jonathon Cooper,Gahanna Lincoln,Ohio State,WDE,74.25,234,4,0.9811,Columbus,OH,USA,39.9622601,-83.0007065,39049,DL,Jonathon Cooper,LB,LB,Ohio State,Big Ten Conference,2021,2025,7,TRUE
134411,4034964,HighSchool,2016,34,Tyrie Cleveland,Westfield,Florida,WR,74.5,189,4,0.981,Houston,TX,USA,29.7589382,-95.3676974,48201,WR,Tyrie Cleveland,WR,WR,Florida,Southeastern Conference,2020,2023,7,TRUE
134413,4047646,HighSchool,2016,36,A.J. Brown,Starkville,Ole Miss,WR,73,220,4,0.9803,Starkville,MS,USA,33.4503998,-88.8183872,28105,WR,A.J. Brown,WR,WR,Mississippi,Southeastern Conference,2019,2025,2,TRUE
134414,4039050,HighSchool,2016,37,Devin Duvernay,Sachse,Texas,WR,71,195,4,0.9803,Sachse,TX,USA,32.9762327,-96.5952703,48113,WR,Devin Duvernay,WR,WR,Texas,Big Twelve Conference,2020,2025,3,TRUE
134415,4044452,HighSchool,2016,38,Kaden Smith,Marcus,Stanford,TE,77.5,235,4,0.9801,Flower Mound,TX,USA,33.0283854,-97.0867203,48121,TE,Kaden Smith,TE,TE,Stanford,Pacific Twelve Conference,2019,2023,6,TRUE
134416,4046551,HighSchool,2016,39,Ben Bredeson,Arrowhead,Michigan,OT,77,307,4,0.9798,Hartland,WI,USA,43.105008,-88.3420398,55133,OL,Ben Bredeson,G,OL,Michigan,Big Ten Conference,2020,2025,4,TRUE
134417,4039059,HighSchool,2016,40,Brandon Jones,Nacogdoches,Texas,S,71.5,193,4,0.9794,Nacogdoches,TX,USA,31.6035129,-94.6554874,48347,DB,Brandon Jones,SAF,DB,Texas,Big Twelve Conference,2020,2025,3,TRUE
134420,4050971,HighSchool,2016,43,Baveon Johnson,Lake Gibson,Florida State,OC,75,310,4,0.9774,Lakeland,FL,USA,28.0394654,-81.9498042,12105,OTHER,Eric Johnson,DT,DL,Missouri State,Missouri Valley Football Conference,2022,2025,5,TRUE
134423,4035631,HighSchool,2016,46,Brian Burns,American Heritage,Florida State,WDE,76.5,209,4,0.9761,Fort Lauderdale,FL,USA,26.1223084,-80.1433786,12011,DL,Brian Burns,LB,LB,Florida State,Atlantic Coast Conference,2019,2025,1,TRUE
134430,4047839,HighSchool,2016,53,N'Keal Harry,Chandler,Arizona State,WR,76,210,4,0.9735,Chandler,AZ,USA,33.3062223,-111.8413317,04013,WR,N'Keal Harry,TE,TE,Arizona State,Pacific Twelve Conference,2019,2024,1,TRUE
134431,4034948,HighSchool,2016,54,Feleipe Franks,Wakulla,Florida,PRO,77.5,210,4,0.9732,Crawfordville,FL,USA,30.1760358,-84.3751778,12129,QB,Feleipe Franks,TE,TE,Arkansas,Southeastern Conference,2021,2025,NA,TRUE
134434,4035173,HighSchool,2016,57,Nigel Warrior,Peachtree Ridge,Tennessee,S,72,186,4,0.9716,Duluth,GA,USA,34.0028569,-84.1441046,13135,DB,Nigel Warrior,DB,DB,Tennessee,Southeastern Conference,2020,2021,NA,TRUE
134435,4035474,HighSchool,2016,58,Tre Lamar,Roswell,Clemson,ILB,76,240,4,0.9713,Roswell,GA,USA,34.02332,-84.360022,13121,LB,Tre Lamar,LB,LB,Clemson,NA,2019,2019,NA,TRUE
134436,4035687,HighSchool,2016,59,Michael Pittman Jr.,Oaks Christian,USC,WR,76,209,4,0.9688,Thousand Oaks,CA,USA,34.17142715,-118.91058772974445,06111,WR,Michael Pittman,WR,WR,USC,Pacific Twelve Conference,2020,2025,2,TRUE
134437,4044448,HighSchool,2016,60,Curtis Robinson,Mater Dei,Stanford,OLB,74.75,210,4,0.9685,Santa Ana,CA,USA,33.7494951,-117.8732213,06059,LB,Curtis Robinson,LB,LB,Stanford,Pacific Twelve Conference,2021,2025,NA,TRUE
134440,4035458,HighSchool,2016,63,Trayvon Mullen,Coconut Creek,Clemson,CB,73,168,4,0.9679,Pompano Beach,FL,USA,26.2378597,-80.1247667,12011,DB,Trayvon Mullen,CB,DB,Clemson,Atlantic Coast Conference,2019,2024,2,TRUE
134441,4035443,HighSchool,2016,64,Michael Divinity,John Ehret,LSU,OLB,74,218,4,0.9675,Marrero,LA,USA,29.8993723,-90.1003506,22051,LB,Michael Divinity,LB,LB,LSU,Southeastern Conference,2020,2020,NA,TRUE
134442,4046536,HighSchool,2016,65,David Long,Loyola,Michigan,CB,72,175,4,0.9675,Los Angeles,CA,USA,34.0536909,-118.2427666,06037,DB,David Long,DB,DB,Michigan,Big Ten Conference,2019,2025,3,TRUE
134444,4040968,HighSchool,2016,67,Terrell Lewis,St. John's College,Alabama,WDE,77,250,4,0.967,Washington,DC,USA,38.8949855,-77.0365708,11001,DL,Terrell Lewis,LB,LB,Alabama,Southeastern Conference,2020,2023,3,TRUE
134448,4040963,HighSchool,2016,71,Shyheim Carter,Kentwood,Alabama,CB,72,190,4,0.965,Kentwood,LA,USA,30.9382358,-90.5089843,26081,DB,Shyheim Carter,SAF,DB,Alabama,Southeastern Conference,2020,2023,NA,TRUE
134449,4040623,HighSchool,2016,72,Austin Mack,Bishop Luers,Ohio State,WR,74,205,4,0.9649,Fort Wayne,IN,USA,41.0799898,-85.1386015,18003,WR,Austin Mack,WR,WR,Ohio State,Big Ten Conference,2020,2021,NA,TRUE
134452,3916926,HighSchool,2016,75,Kyle Davis,Archer,Auburn,WR,73.5,218,4,0.964,Lawrenceville,GA,USA,33.9562149,-83.9879625,13135,WR,Javaris Davis,CB,DB,Auburn,Southeastern Conference,2020,2021,NA,TRUE
134456,4046694,HighSchool,2016,79,Liam Eichenberg,St. Ignatius,Notre Dame,OT,78,290,4,0.9613,Cleveland,OH,USA,41.5051613,-81.6934446,39035,OL,Liam Eichenberg,OT,OL,Notre Dame,Independent,2021,2025,2,TRUE
134458,4034849,HighSchool,2016,81,Lamar Jackson,Franklin,Nebraska,S,75,205,4,0.9594,Elk Grove,CA,USA,38.4087993,-121.3716178,06067,DB,Lamar Jackson,CB,DB,Nebraska,Big Ten Conference,2020,2024,NA,TRUE
134459,4040965,HighSchool,2016,82,Raekwon Davis,Meridian,Alabama,DT,78.5,327,4,0.9587,Meridian,MS,USA,32.3643098,-88.703656,28075,DL,Raekwon Davis,DT,DL,Alabama,Southeastern Conference,2020,2024,2,TRUE
134463,4046545,HighSchool,2016,86,Michael Onwenu,Cass Technical,Michigan,OG,75,360,4,0.9571,Detroit,MI,USA,42.3315509,-83.046640300000007,26163,OL,Mike Onwenu,G,OL,Michigan,Big Ten Conference,2020,2025,6,TRUE
134465,4034766,HighSchool,2016,88,Carter Coughlin,Eden Prairie,Minnesota,OLB,76,223,4,0.9566,Eden Prairie,MN,USA,44.8546856,-93.470786,27053,LB,Carter Coughlin,LB,LB,Minnesota,Big Ten Conference,2020,2024,7,TRUE
134468,4040616,HighSchool,2016,91,Dwayne Haskins,The Bullis School,Ohio State,PRO,75,198,4,0.9561,Potomac,MD,USA,39.017936,-77.2094542,24031,QB,Dwayne Haskins,QB,QB,Ohio State,Big Ten Conference,2019,2021,1,TRUE
134471,4038999,HighSchool,2016,94,Byron Murphy Jr.,Saguaro,Washington,CB,70.75,164,4,0.9549,Scottsdale,AZ,USA,33.4942189,-111.9260184,04013,DB,Byron Murphy,CB,DB,Washington,Pacific Twelve Conference,2019,2025,2,TRUE
134473,4040628,HighSchool,2016,96,Binjimen Victor,Coconut Creek,Ohio State,WR,76,180,4,0.9546,Fort Lauderdale,FL,USA,26.1223084,-80.1433786,12011,WR,Ben Victor,WR,WR,Ohio State,Big Ten Conference,2020,2022,NA,TRUE
134482,4035170,HighSchool,2016,105,Marquez Callaway,Warner Robins,Tennessee,ATH,74,185,4,0.9515,Warner Robins,GA,USA,32.6200973,-83.606568,13153,ATH,Marquez Callaway,WR,WR,Tennessee,Southeastern Conference,2020,2024,NA,TRUE
134485,4046686,HighSchool,2016,108,Javon McKinley,Centennial,Notre Dame,WR,73.75,194,4,0.9493,Corona,CA,USA,33.8752945,-117.5664449,06065,WR,Javon McKinley,WR,WR,Notre Dame,Independent,2021,2021,NA,TRUE
134487,4047650,HighSchool,2016,110,DK Metcalf,Oxford,Ole Miss,WR,75.75,205,4,0.9485,Oxford,MS,USA,34.3664127,-89.5187664,28071,WR,DK Metcalf,WR,WR,Mississippi,Southeastern Conference,2019,2025,2,TRUE
134488,4037468,HighSchool,2016,111,Shaquille Quarterman,Oakleaf,Miami,ILB,72.25,233,4,0.9481,Orange Park,FL,USA,30.1654707,-81.7016346,12019,LB,Shaquille Quarterman,LB,LB,Miami,Atlantic Coast Conference,2020,2024,4,TRUE
134491,4040966,HighSchool,2016,114,Trevon Diggs,The Avalon School,Alabama,ATH,72,183,4,0.9462,Rockville,MD,USA,39.0840054,-77.1527573,24031,ATH,Trevon Diggs,CB,DB,Alabama,Southeastern Conference,2020,2025,2,TRUE
134500,4038539,HighSchool,2016,123,Sewo Olonilua,Kingwood,TCU,ATH,74.5,217,4,0.9431,Humble,TX,USA,29.9988312,-95.2621553,48201,ATH,Sewo Olonilua,RB,RB,TCU,Big Twelve Conference,2020,2021,NA,TRUE
134502,4035426,HighSchool,2016,125,Stephen Sullivan,Donaldsonville,LSU,WR,77,230,4,0.9427,Donaldsonville,LA,USA,30.1010324,-90.9928774,22005,WR,Stephen Sullivan,TE,TE,LSU,Southeastern Conference,2020,2024,7,TRUE
134503,4034950,HighSchool,2016,126,Freddie Swain,North Marion,Florida,WR,73,188,4,0.9423,Citra,FL,USA,29.4119166,-82.1098156,12083,WR,Freddie Swain,WR,WR,Florida,Southeastern Conference,2020,2023,6,TRUE
134508,4046538,HighSchool,2016,131,Lavert Hill,Martin Luther King,Michigan,CB,70,172,4,0.9409,Detroit,MI,USA,42.3315509,-83.046640300000007,26163,DB,Lavert Hill,CB,DB,Michigan,Big Ten Conference,2020,2021,NA,TRUE
134509,4039028,HighSchool,2016,132,Daelin Hayes,Skyline,Notre Dame,OLB,76,249,4,0.9408,Ann Arbor,MI,USA,42.2681569,-83.7312291,26161,LB,Daelin Hayes,LB,LB,Notre Dame,Independent,2021,2022,5,TRUE
134510,4040613,HighSchool,2016,133,Jordan Fuller,Northern Valley Regional - Old Tappan,Ohio State,ATH,73.5,196,4,0.9402,Westwood,NJ,USA,40.9912087,-74.0326395,34003,ATH,Jordan Fuller,SAF,DB,Ohio State,Big Ten Conference,2020,2025,6,TRUE
134511,4035434,HighSchool,2016,134,Devin White,North Webster,LSU,RB,72.5,258,4,0.9393,Springhill,LA,USA,33.0059692,-93.4668396,22119,RB,Devin White,LB,LB,LSU,Southeastern Conference,2019,2025,1,TRUE
134514,4035020,HighSchool,2016,137,Charlie Woerner,Rabun County,Georgia,WR,77,230,4,0.9386,Tiger,GA,USA,34.8470372,-83.4329399,13241,WR,Charlie Woerner,TE,TE,Georgia,Southeastern Conference,2020,2025,6,TRUE
134521,4035817,HighSchool,2016,144,Krys Barnes,Liberty,UCLA,ILB,74,220,4,0.935,Bakersfield,CA,USA,35.3738712,-119.0194639,06029,LB,Krys Barnes,LB,LB,UCLA,Pacific Twelve Conference,2020,2025,NA,TRUE
134522,4040975,HighSchool,2016,145,Jared Mayden,Sachse,Alabama,CB,73,190,4,0.9344,Sachse,TX,USA,32.9762327,-96.5952703,48113,DB,Jared Mayden,SAF,DB,Alabama,Southeastern Conference,2020,2022,NA,TRUE
134523,4035465,HighSchool,2016,146,Cornell Powell,J.H. Rose,Clemson,WR,74,200,4,0.9344,Greenville,NC,USA,35.612661,-77.3663538,37147,WR,Cornell Powell,WR,WR,Clemson,Atlantic Coast Conference,2021,2025,5,TRUE
134528,4035479,HighSchool,2016,151,John Simpson,Fort Dorchester,Clemson,OG,76,290,4,0.9332,North Charleston,SC,USA,32.9131295,-80.0629981965219,45019,OL,John Simpson,G,OL,Clemson,Atlantic Coast Conference,2020,2025,4,TRUE
134529,4036060,HighSchool,2016,152,Damar Hamlin,Central Catholic,Pittsburgh,CB,73,175,4,0.9327,Pittsburgh,PA,USA,40.4416941,-79.9900861,42003,DB,Damar Hamlin,SAF,DB,Pittsburgh,Atlantic Coast Conference,2021,2025,6,TRUE
134532,4040982,HighSchool,2016,155,Quinnen Williams,Wenonah Sch,Alabama,DT,76,265,4,0.9321,Birmingham,AL,USA,33.5206824,-86.8024326,01073,DL,Quinnen Williams,DT,DL,Alabama,Southeastern Conference,2019,2025,1,TRUE
134533,4037633,HighSchool,2016,156,Amani Bledsoe,Lawrence,Oklahoma,SDE,77,263,4,0.9318,Lawrence,KS,USA,38.9719384,-95.2359496,20045,DL,Amani Bledsoe,DE,DL,Oklahoma,Big Twelve Conference,2019,2022,NA,TRUE
134538,4038938,HighSchool,2016,161,Dillon Mitchell,White Station,Oregon,WR,72.5,191,4,0.9309,Memphis,TN,USA,35.1490215,-90.0516285,47157,WR,Dillon Mitchell,WR,WR,Oregon,Pacific Twelve Conference,2019,2019,7,TRUE
134540,4035006,HighSchool,2016,163,Elijah Holyfield,Woodward Academy,Georgia,RB,70,204,4,0.9297,Atlanta,GA,USA,33.7490987,-84.3901849,13121,RB,Elijah Holyfield,RB,RB,Georgia,Southeastern Conference,2019,2022,NA,TRUE
134543,4034944,HighSchool,2016,166,Joshua Hammond,Hallandale,Florida,WR,72.5,180,4,0.9294,Hallandale,FL,USA,25.985600599999998,-80.13999671464335,12011,WR,Josh Hammond,WR,WR,Florida,Southeastern Conference,2020,2021,NA,TRUE
134548,4046692,HighSchool,2016,171,Chase Claypool,Abbotsford,Notre Dame,WR,77,205,4,0.9284,Abbotsford,BC,CAN,NA,NA,NA,WR,Chase Claypool,WR,WR,Notre Dame,Independent,2020,2023,2,TRUE
134556,4046719,HighSchool,2016,179,Justin Layne,Benedictine,Michigan State,WR,75,180,4,0.9252,Cleveland,OH,USA,41.5051613,-81.6934446,39035,WR,Justin Layne,CB,DB,Michigan State,Big Ten Conference,2019,2022,3,TRUE
134559,4039034,HighSchool,2016,182,Shane Buechele,Lamar,Texas,DUAL,74,185,4,0.925,Arlington,TX,USA,32.701938999999996,-97.10562379033699,48439,QB,Shane Buechele,QB,QB,SMU,American Athletic Conference,2021,2025,NA,TRUE
134572,4039029,HighSchool,2016,195,Khalid Kareem,Harrison,Notre Dame,SDE,76,260,4,0.9227,Farmington,MI,USA,42.4644795,-83.3763219,27037,DL,Khalid Kareem,DE,DL,Notre Dame,Independent,2020,2025,5,TRUE
134575,4039043,HighSchool,2016,198,Collin Johnson,Valley Christian,Texas,WR,78,200,4,0.9225,San Jose,CA,USA,37.3361905,-121.8905833,06085,WR,Collin Johnson,WR,WR,Texas,Big Twelve Conference,2020,2024,5,TRUE
134585,4035286,HighSchool,2016,208,Joejuan Williams,Hendersonville,Vanderbilt,CB,74,195,4,0.9196,Hendersonville,TN,USA,36.3049177,-86.621443,47165,DB,Joejuan Williams,CB,DB,Vanderbilt,Southeastern Conference,2019,2023,2,TRUE
134591,4047655,HighSchool,2016,214,Jaylon Jones,Allen,Ole Miss,CB,71,182,4,0.9179,Allen,TX,USA,33.1031744,-96.6705503,48085,DB,Jaylon Jones,DB,DB,Mississippi,Southeastern Conference,2022,2025,NA,TRUE
134593,4037459,HighSchool,2016,216,Joe Jackson,Gulliver Prep,Miami,WDE,77,245,4,0.9176,Miami,FL,USA,25.7742658,-80.1936589,12086,DL,Joe Jackson,DE,DL,Miami,Atlantic Coast Conference,2019,2021,5,TRUE
134594,4035177,HighSchool,2016,217,Daniel Bituli,Nashville Christian School,Tennessee,OLB,76,230,4,0.9173,Nashville,TN,USA,36.1622296,-86.7743531,47037,LB,Daniel Bituli,LB,LB,Tennessee,Southeastern Conference,2020,2020,NA,TRUE
134595,4038818,HighSchool,2016,218,Bryan Edwards,Conway,South Carolina,WR,75,208,4,0.9169,Conway,SC,USA,33.8360035,-79.0478143,45051,WR,Bryan Edwards,WR,WR,South Carolina,Southeastern Conference,2020,2022,3,TRUE
134598,4035437,HighSchool,2016,221,Greedy Williams,Calvary Baptist Academy,LSU,CB,74,166,4,0.9164,Shreveport,LA,USA,32.5221828,-93.7651944,22017,DB,Greedy Williams,CB,DB,LSU,Southeastern Conference,2019,2022,2,TRUE
134604,4035015,HighSchool,2016,227,Riley Ridley,Deerfield Beach,Georgia,WR,73.5,198,4,0.9148,Deerfield Beach,FL,USA,26.318342,-80.0996306,12011,WR,Riley Ridley,WR,WR,Georgia,Southeastern Conference,2019,2020,4,TRUE
134618,4044435,HighSchool,2016,241,Devery Hamilton,Gilman,Stanford,OT,78,290,4,0.9115,Baltimore,MD,USA,39.2908816,-76.610759,24510,OL,Devery Hamilton,OT,OL,Duke; Stanford,Atlantic Coast Conference,2021,2022,NA,TRUE
134620,4046679,HighSchool,2016,243,Troy Pride Jr.,Greer,Notre Dame,CB,72,175,4,0.9113,Greer,SC,USA,34.9381361,-82.2272119,45045,DB,Troy Pride,CB,DB,Notre Dame,Independent,2020,2025,4,TRUE
134622,4037457,HighSchool,2016,245,Travis Homer,Oxbridge Academy,Miami,RB,71,195,4,0.9109,West Palm Beach,FL,USA,26.715364,-80.0532942,12099,RB,Travis Homer,RB,RB,Miami,Atlantic Coast Conference,2019,2025,6,TRUE
134625,4035001,HighSchool,2016,248,Tyler Clark,Americus Sumter County South,Georgia,DT,75,290,4,0.9097,Americus,GA,USA,32.0723862,-84.2326876,13261,DL,Tyler Clark,DT,DL,Georgia,Southeastern Conference,2020,2021,NA,TRUE
134636,4033748,HighSchool,2016,259,Connor McGovern,Lake-Lehman,Penn State,OC,76.5,286,4,0.908,Lopez,PA,USA,41.4578544,-76.3335494,42113,OTHER,Connor McGovern,C,OL,Penn State,Big Ten Conference,2019,2025,3,TRUE
134638,4035372,HighSchool,2016,261,Marquiss Spencer,Greenwood,Mississippi State,WDE,77,243,4,0.9076,Greenwood,MS,USA,33.5162315,-90.1795281,28083,DL,Marquiss Spencer,DE,DL,Mississippi State,Southeastern Conference,2021,2023,7,TRUE
134644,4036214,HighSchool,2016,267,Tino Ellis,DeMatha Catholic,Maryland,WR,73,185,4,0.9071,Hyattsville,MD,USA,38.9529442,-76.9408647,24033,WR,Tino Ellis,DB,DB,Maryland,Big Ten Conference,2020,2022,NA,TRUE
134648,4035198,HighSchool,2016,271,Ryan Johnson,Brentwood Academy,Tennessee,OT,78,290,4,0.9064,Brentwood,TN,USA,36.0325687,-86.7825235,47187,OL,Brandon Johnson,WR,WR,UCF; Tennessee,American Athletic Conference,2022,2025,NA,TRUE
134662,4036916,HighSchool,2016,285,Troy Warner,Mission Hills,BYU,CB,72,185,4,0.9036,San Marcos,CA,USA,33.1433723,-117.1661449,06073,DB,Troy Warner,SAF,DB,BYU,Independent,2021,2021,NA,TRUE
134673,4046690,HighSchool,2016,296,Julian Okwara,Ardrey Kell,Notre Dame,WDE,76,220,4,0.9007,Charlotte,NC,USA,35.2272,-80.843083,37119,DL,Julian Okwara,DE,DL,Notre Dame,Independent,2020,2025,3,TRUE
134678,4034959,HighSchool,2016,301,Jeremiah Moon,Hoover,Florida,OLB,76,205,4,0.8994,Hoover,AL,USA,33.3848933,-86.8070484,01073,LB,Jeremiah Moon,LB,LB,Florida,Southeastern Conference,2022,2025,NA,TRUE
134680,4036258,HighSchool,2016,303,Carlo Kemp,Fairview,Michigan,SDE,75,255,4,0.8985,Boulder,CO,USA,40.0149856,-105.2705456,08013,DL,Carlo Kemp,LB,LB,Michigan,Big Ten Conference,2021,2022,NA,TRUE
134681,4046687,HighSchool,2016,304,Donte Vaughn,Whitehaven,Notre Dame,CB,75,192,4,0.8981,Memphis,TN,USA,35.1490215,-90.0516285,47157,DB,Donte Vaughn,CB,DB,Notre Dame,Independent,2020,2020,NA,TRUE
134682,4035222,HighSchool,2016,305,Trayveon Williams,C.E. King,Texas A&M,APB,69,185,4,0.898,Houston,TX,USA,29.7589382,-95.3676974,48201,RB,Trayveon Williams,RB,RB,Texas A&M,Southeastern Conference,2019,2025,6,TRUE
134686,4045165,HighSchool,2016,309,Cam Brown,Paint Branch,Penn State,OLB,77,210,4,0.897,Potomac,MD,USA,39.017936,-77.2094542,24031,LB,Cameron Brown,LB,LB,Penn State,Big Ten Conference,2020,2024,6,TRUE
134689,4040604,HighSchool,2016,312,Tuf Borland,Bolingbrook,Ohio State,OLB,74,225,4,0.8963,Bolingbrook,IL,USA,41.7003302,-88.0717708,17197,LB,Tuf Borland,LB,LB,Ohio State,Big Ten Conference,2021,2021,NA,TRUE
134691,4046688,HighSchool,2016,314,Tony Jones Jr.,IMG Academy,Notre Dame,RB,70.5,216,4,0.8958,Bradenton,FL,USA,27.4989278,-82.5748194,12081,RB,Jamir Jones,LB,LB,Notre Dame,Independent,2021,2022,NA,TRUE
134693,4036261,HighSchool,2016,316,Devin Bush Jr.,Flanagan,Michigan,ILB,71,226,4,0.8951,Hollywood,FL,USA,26.0112014,-80.1494901,12011,LB,Devin Bush,LB,LB,Michigan,Big Ten Conference,2019,2025,1,TRUE
134695,4043158,HighSchool,2016,318,T.J. Vasher,Rider,Texas Tech,WR,77,180,4,0.895,Wichita Falls,TX,USA,33.9137085,-98.4933873,48485,WR,T.J. Vasher,WR,WR,Texas Tech,Big Twelve Conference,2021,2021,NA,TRUE
134699,4045161,HighSchool,2016,322,Zech McPhearson,Riverdale Baptist,Penn State,CB,71,183,4,0.8947,Upper Marlboro,MD,USA,38.8165274,-76.7519753,24033,DB,Zech McPhearson,CB,DB,Texas Tech; Penn State,Big Twelve Conference,2021,2024,4,TRUE
134700,4035407,HighSchool,2016,323,Bravvion Roy,Spring High,Baylor,DT,74,315,4,0.8945,Spring,TX,USA,30.0798826,-95.4172549,48201,DL,Bravvion Roy,DT,DL,Baylor,Big Twelve Conference,2020,2023,6,TRUE
134702,4037464,HighSchool,2016,325,Zach McCloud,Santaluces Community,Miami,OLB,74,218,4,0.8942,Lake Worth,FL,USA,26.615891,-80.0691435,12099,LB,Zach McCloud,DE,DL,Miami,Atlantic Coast Conference,2022,2023,NA,TRUE
134707,4259491,HighSchool,2016,330,Javon Kinlaw,Goose Creek,South Carolina,OT,77,276,4,0.8939,Goose Creek,SC,USA,32.9961038,-80.0387292,45015,OL,Javon Kinlaw,DT,DL,South Carolina; Jones County JC,Southeastern Conference,2020,2025,1,TRUE
134709,4046530,HighSchool,2016,332,Chris Evans,Ben Davis,Michigan,APB,71,186,4,0.8938,Indianapolis,IN,USA,39.7683331,-86.1583502,18097,RB,Chris Evans,RB,RB,Michigan,Big Ten Conference,2021,2024,6,TRUE
134722,4038533,HighSchool,2016,345,Darius Anderson,George Ranch,TCU,RB,71,196,4,0.8911,Rosenberg,TX,USA,29.5571825,-95.8085623,48157,RB,Darius Anderson,RB,RB,TCU,Big Twelve Conference,2020,2022,NA,TRUE
134729,4046520,HighSchool,2016,352,Nick Eubanks,American Heritage,Michigan,TE,78,230,3,0.8893,Fort Lauderdale,FL,USA,26.1223084,-80.1433786,12011,TE,Nick Eubanks,TE,TE,Michigan,Big Ten Conference,2021,2022,NA,TRUE
134736,4037520,HighSchool,2016,359,Tomon Fox,Collins Hill,North Carolina,WDE,75,230,3,0.8872,Suwanee,GA,USA,34.0514898,-84.0712997,13135,DL,Tomon Fox,LB,LB,North Carolina,Atlantic Coast Conference,2022,2025,NA,TRUE
134737,4362647,HighSchool,2016,360,Cameron Lewis,Wossman,LSU,S,73,192,3,0.8871,Monroe,LA,USA,32.5093109,-92.1193012,22073,DB,Damien Lewis,G,OL,LSU; Northwest Mississippi CC,Southeastern Conference,2020,2025,3,TRUE
134743,4046721,HighSchool,2016,366,Mike Panasiuk,Lake Park,Michigan State,DT,75,285,3,0.886,Roselle,IL,USA,41.9847505,-88.0797933,17043,DL,Mike Panasiuk,DT,DL,Michigan State,Big Ten Conference,2020,2021,NA,TRUE
134746,4036211,HighSchool,2016,369,DJ Turner,DeMatha Catholic,Maryland,WR,69,175,3,0.8855,Hyattsville,MD,USA,38.9529442,-76.9408647,24033,WR,DJ Turner,WR,WR,Pittsburgh; Maryland,Atlantic Coast Conference,2021,2025,NA,TRUE
134748,4040714,HighSchool,2016,370,Miller Forristall,Cartersville,Alabama,TE,77,220,3,0.8853,Cartersville,GA,USA,34.1650972,-84.7999383,13015,TE,Miller Forristall,TE,TE,Alabama,Southeastern Conference,2021,2024,NA,TRUE
134749,4035018,HighSchool,2016,370,Tyler Simmons,McEachern,Georgia,WR,71,194,3,0.8853,Powder Springs,GA,USA,33.8595492,-84.683824,13067,WR,Tyler Simmons,TE,TE,Georgia,Southeastern Conference,2020,2020,NA,TRUE
134753,4046525,HighSchool,2016,376,Khaleke Hudson,McKeesport,Michigan,S,71,205,3,0.8844,McKeesport,PA,USA,40.3478472,-79.864215,42003,DB,Khaleke Hudson,LB,LB,Michigan,Big Ten Conference,2020,2024,5,TRUE
134760,4039057,HighSchool,2016,383,Lil'Jordan Humphrey,Southlake Carroll,Texas,ATH,77,199,3,0.8837,Southlake,TX,USA,32.9412363,-97.1341783,48439,ATH,Lil'Jordan Humphrey,WR,WR,Texas,Big Twelve Conference,2019,2025,NA,TRUE
134765,4047834,HighSchool,2016,388,Cohl Cabral,Los Osos,Arizona State,OT,77,273,3,0.8834,Rancho Cucamonga,CA,USA,34.1033192,-117.5751735,06071,OL,Cohl Cabral,C,OL,Arizona State,Pacific Twelve Conference,2020,2021,NA,TRUE
134777,4035232,HighSchool,2016,400,Tyrel Dodson,Centennial,Texas A&M,ILB,74,235,3,0.8824,Franklin,TN,USA,35.925193,-86.8689365,47187,LB,Tyrel Dodson,LB,LB,Texas A&M,Southeastern Conference,2019,2025,NA,TRUE
134783,4038843,HighSchool,2016,406,Keir Thomas,Miami Central,South Carolina,SDE,74,249,3,0.8818,Miami,FL,USA,25.7742658,-80.1936589,12086,DL,Keir Thomas,LB,LB,Florida State,Atlantic Coast Conference,2022,2025,NA,TRUE
134786,4039300,HighSchool,2016,409,D'Eriq King,Manvel,Houston,ATH,69.5,170,3,0.881,Manvel,TX,USA,29.4664706,-95.355714,48039,ATH,D'Eriq King,QB,QB,Miami; Houston,Atlantic Coast Conference,2022,2022,NA,TRUE
134805,4035403,HighSchool,2016,428,Denzel Mims,Daingerfield,Baylor,WR,76,180,3,0.8792,Daingerfield,TX,USA,33.0318031,-94.7219895,48343,WR,Denzel Mims,WR,WR,Baylor,Big Twelve Conference,2020,2023,2,TRUE
134813,4037626,HighSchool,2016,436,Divine Deablo,Mount Tabor,Virginia Tech,WR,75,180,3,0.8786,Winston Salem,NC,USA,36.0998131,-80.2440518,37067,WR,Divine Deablo,LB,LB,Virginia Tech,Atlantic Coast Conference,2021,2025,3,TRUE
134821,4035462,HighSchool,2016,444,Isaiah Simmons,Olathe North,Clemson,S,75,205,3,0.8778,Olathe,KS,USA,38.8838856,-94.81887,20091,DB,Isaiah Simmons,LB,LB,Clemson,Atlantic Coast Conference,2020,2025,1,TRUE
134825,4037511,HighSchool,2016,448,Myles Dorn,Chambers,North Carolina,WR,74,195,3,0.8767,Charlotte,NC,USA,35.2272,-80.843083,37119,WR,Myles Dorn,SAF,DB,North Carolina,Atlantic Coast Conference,2020,2022,NA,TRUE
134840,4047365,HighSchool,2016,463,Josh Jacobs,McLain,Alabama,APB,70,200,3,0.8756,Tulsa,OK,USA,36.1556805,-95.9929113,40143,RB,Josh Jacobs,RB,RB,Alabama,Southeastern Conference,2019,2025,1,TRUE
134841,4039007,HighSchool,2016,464,Taylor Rapp,Sehome,Washington,S,72,195,3,0.8753,Bellingham,WA,USA,48.7544012,-122.4788361,53073,DB,Taylor Rapp,SAF,DB,Washington,Pacific Twelve Conference,2019,2025,2,TRUE
134848,4046680,HighSchool,2016,470,Jalen Elliott,Lloyd C. Bird,Notre Dame,ATH,73,175,3,0.875,Chesterfield,VA,USA,37.3770935,-77.5058196,51041,ATH,Jalen Elliott,DB,DB,Notre Dame,Independent,2020,2024,NA,TRUE
134855,4046675,HighSchool,2016,477,Julian Love,Nazareth Academy,Notre Dame,CB,71,175,3,0.8742,La Grange Park,IL,USA,41.8333646,-87.8677324,17031,DB,Julian Love,SAF,DB,Notre Dame,Independent,2019,2025,4,TRUE
134875,4035389,HighSchool,2016,498,Grayland Arnold,Kountze,Baylor,CB,70,180,3,0.8727,Kountze,TX,USA,30.3715975,-94.3124116,48199,DB,Grayland Arnold,SAF,DB,Baylor,Big Twelve Conference,2020,2023,NA,TRUE
134984,4036033,HighSchool,2016,603,Mark Gilbert,Terry Sanford,Duke,CB,73,170,3,0.8639,Fayetteville,NC,USA,35.0525759,-78.878292,37051,DB,Mark Gilbert,CB,DB,Duke,Atlantic Coast Conference,2021,2022,NA,TRUE
134979,4037647,HighSchool,2016,603,Parnell Motley,Woodson H.D.,Oklahoma,WR,73,180,3,0.8639,Washington,DC,USA,38.8949855,-77.0365708,11001,WR,Parnell Motley,CB,DB,Oklahoma,Big Twelve Conference,2020,2021,NA,TRUE
134988,4038840,HighSchool,2016,612,Kobe Smith,Archer,South Carolina,DT,76,295,3,0.8636,Lawrenceville,GA,USA,33.9562149,-83.9879625,13135,DL,Kobe Smith,DT,DL,South Carolina,Southeastern Conference,2020,2022,NA,TRUE
134992,4038534,HighSchool,2016,617,Innis Gaines,West Brook,TCU,S,74,190,3,0.8633,Beaumont,TX,USA,30.0860459,-94.1018461,48245,DB,Innis Gaines,SAF,DB,TCU,Big Twelve Conference,2021,2023,NA,TRUE
135006,4034945,HighSchool,2016,630,Vosean Joseph,Norland,Florida,OLB,74,210,3,0.8622,Miami,FL,USA,25.7742658,-80.1936589,12086,LB,Vosean Joseph,LB,LB,Florida,Southeastern Conference,2019,2019,5,TRUE
135009,4035013,HighSchool,2016,630,Tyrique McGhee,Peach County,Georgia,CB,71,177,3,0.8622,Fort Valley,GA,USA,32.5537585,-83.8874084,13225,DB,Tyrique McGhee,DB,DB,Georgia,Southeastern Conference,2020,2020,NA,TRUE
135021,4039244,HighSchool,2016,645,Marcus Simms,Sherwood,West Virginia,WR,72,175,3,0.8617,Sandy Spring,MD,USA,39.1495517,-77.0269221,24031,WR,Marcus Simms,WR,WR,West Virginia,Big Twelve Conference,2019,2024,NA,TRUE
135076,4046528,HighSchool,2016,701,Josh Uche,Columbus,Michigan,WDE,74,212,3,0.8586,Miami,FL,USA,25.7742658,-80.1936589,12086,DL,Joshua Uche,LB,LB,Michigan,Big Ten Conference,2020,2025,2,TRUE
135079,4035793,HighSchool,2016,705,Quintez Cephus,Stratford Academy,Wisconsin,WR,74,180,3,0.8583,Macon,GA,USA,32.8406946,-83.6324022,13021,WR,Quintez Cephus,WR,WR,Wisconsin,Big Ten Conference,2020,2025,5,TRUE
135098,4035577,HighSchool,2016,719,De'Jon Harris,John Ehret,Arkansas,ILB,72,238,3,0.8572,Marrero,LA,USA,29.8993723,-90.1003506,22051,LB,De'Jon Harris,LB,LB,Arkansas,Southeastern Conference,2020,2023,NA,TRUE
135099,4046537,HighSchool,2016,719,Josh Metellus,Flanagan,Michigan,S,72,187,3,0.8572,Hollywood,FL,USA,26.0112014,-80.1494901,12011,DB,Josh Metellus,SAF,DB,Michigan,Big Ten Conference,2020,2025,6,TRUE
135117,4034967,HighSchool,2016,740,Jachai Polite,Mainland,Florida,SDE,75,250,3,0.8564,Daytona Beach,FL,USA,29.2108147,-81.0228331,12127,DL,Jachai Polite,LB,LB,Florida,Southeastern Conference,2019,2020,3,TRUE
135124,4037588,HighSchool,2016,751,Jordan Mack,Wesleyan School,Virginia,ATH,74,182,3,0.8561,Norcross,GA,USA,33.9412127,-84.2135309,13135,ATH,Jordan Mack,LB,LB,Virginia,Atlantic Coast Conference,2020,2020,NA,TRUE
135138,4035656,HighSchool,2016,763,Ben Skowronek,Homestead,Northwestern,WR,75,195,3,0.8556,Fort Wayne,IN,USA,41.0799898,-85.1386015,18003,WR,Ben Skowronek,WR,WR,Notre Dame; Northwestern,Independent,2021,2025,7,TRUE
135159,4034781,HighSchool,2016,780,Kamal Martin,Burnsville,Minnesota,ATH,76,230,3,0.8547,Burnsville,MN,USA,44.7677424,-93.2777226,27037,ATH,Kamal Martin,LB,LB,Minnesota,Big Ten Conference,2020,2021,5,TRUE
135177,4044064,HighSchool,2016,800,James Wiggins,South Dade,Cincinnati,CB,71,180,3,0.8539,Homestead,FL,USA,25.4718946,-80.4759905,12086,DB,James Wiggins,SAF,DB,Cincinnati,American Athletic Conference,2021,2022,7,TRUE
135276,4035875,HighSchool,2016,901,Evan Weaver,Gonzaga Preparatory School,California,SDE,75,230,3,0.8492,Spokane,WA,USA,47.6579425,-117.4212265,53063,DL,Evan Weaver,LB,LB,California,Pacific Twelve Conference,2020,2020,6,TRUE
135285,4044121,HighSchool,2016,913,Isaiah Wright,Kingswood Oxford,Temple,WR,74,207,3,0.8489,West Hartford,CT,USA,41.7629122,-72.75664456297505,09003,WR,Isaiah Wright,WR,WR,Temple,American Athletic Conference,2020,2020,NA,TRUE
135311,4035661,HighSchool,2016,927,Julian Blackmon,Layton,Utah,ATH,73,175,3,0.8483,Layton,UT,USA,41.0751048,-111.9741925,49011,ATH,Julian Blackmon,SAF,DB,Utah,Pacific Twelve Conference,2020,2025,3,TRUE
135305,4046544,HighSchool,2016,927,Michael Dwumfour,De Paul Catholic,Michigan,DT,74,286,3,0.8483,Wayne,NJ,USA,40.9491723,-74.2376802,34031,DL,Michael Dwumfour,DT,DL,Rutgers; Michigan,Big Ten Conference,2021,2024,NA,TRUE
135300,4034961,HighSchool,2016,927,Jawaan Taylor,Cocoa,Florida,OG,77,330,3,0.8483,Cocoa,FL,USA,28.3553873,-80.7318827,12009,OL,Jawaan Taylor,OT,OL,Florida,Southeastern Conference,2019,2025,2,TRUE
135321,4038441,HighSchool,2016,951,Justice Hill,Booker T. Washington,Oklahoma State,APB,69.5,180,3,0.8472,Tulsa,OK,USA,36.1556805,-95.9929113,40143,RB,Justice Hill,RB,RB,Oklahoma State,Big Twelve Conference,2019,2025,4,TRUE
135330,4039553,HighSchool,2016,960,Ryan Becker,Marble Falls,SMU,ATH,78,224,3,0.8469,Marble Falls,TX,USA,30.5781414,-98.2753857,48053,ATH,Ryan Becker,TE,TE,SMU,American Athletic Conference,2021,2021,NA,TRUE
135376,4035537,HighSchool,2016,1000,Kene Nwangwu,Heritage,Iowa State,RB,72,182,3,0.845,Frisco,TX,USA,33.1506744,-96.8236116,48085,RB,Kene Nwangwu,RB,RB,Iowa State,Big Twelve Conference,2021,2025,4,TRUE
135699,4040826,HighSchool,2016,1351,Theo Anderson,Indian Rocks Christian School,Buffalo,RB,70,210,3,0.8325,Largo,FL,USA,27.9094665,-82.7873244,12103,RB,Drew Anderson,QB,QB,Murray State,Ohio Valley Conference,2019,2019,NA,TRUE
135739,4034790,HighSchool,2016,1392,Antoine Winfield,The Woodlands,Minnesota,CB,70,196,3,0.8311,The Woodlands,TX,USA,30.1734194,-95.504686,48339,DB,Antoine Winfield Jr.,SAF,DB,Minnesota,Big Ten Conference,2020,2025,2,TRUE
135807,4036133,HighSchool,2016,1464,T.J. Hockenson,Chariton,Iowa,TE,77,220,3,0.8278,Chariton,IA,USA,41.0147507,-93.3072514,19117,TE,T.J. Hockenson,TE,TE,Iowa,Big Ten Conference,2019,2025,1,TRUE
135841,4035463,HighSchool,2016,1492,K'Von Wallace,Highland Springs,Clemson,S,72,172,3,0.8267,Highland Springs,VA,USA,37.5460121,-77.3278441,51087,DB,K'Von Wallace,SAF,DB,Clemson,Atlantic Coast Conference,2020,2025,4,TRUE
135850,4036076,HighSchool,2016,1503,Rashad Weaver,Cooper City,Pittsburgh,DT,77,255,3,0.8261,Fort Lauderdale,FL,USA,26.1223084,-80.1433786,12011,DL,Rashad Weaver,LB,LB,Pittsburgh,Atlantic Coast Conference,2021,2025,4,TRUE
135873,4043016,HighSchool,2016,1528,D'Wayne Eskridge,Bluffton,Western Michigan,APB,70,190,3,0.8253,Bluffton,IN,USA,40.7386579,-85.1716368,18179,RB,Dee Eskridge,WR,WR,Western Michigan,Mid-American Conference,2021,2025,2,TRUE
135882,4042808,HighSchool,2016,1538,Artavis Pierce,Auburndale,Oregon State,RB,71,187,3,0.825,Auburndale,FL,USA,28.10708845,-81.80358011667643,12105,RB,Artavis Pierce,RB,RB,Oregon State,Pacific Twelve Conference,2020,2021,NA,TRUE
135905,4040901,HighSchool,2016,1562,Juju Hughes,Hanford,Fresno State,CB,71,160,3,0.8241,Hanford,CA,USA,36.3274502,-119.6456844,06031,DB,JuJu Hughes,S,DB,Fresno State,Mountain West Conference,2020,2022,NA,TRUE
135921,4035505,HighSchool,2016,1579,Daniel Thomas,Percy L. Julian,Auburn,S,72,190,3,0.8233,Montgomery,AL,USA,32.3669656,-86.3006485,01101,DB,Daniel Thomas,SAF,DB,Auburn,Southeastern Conference,2020,2025,5,TRUE
135957,4037216,HighSchool,2016,1620,Essang Bassey,Columbus,Wake Forest,CB,69,178,3,0.8217,Columbus,GA,USA,32.4609764,-84.9877094,13215,DB,Essang Bassey,DB,DB,Wake Forest,Atlantic Coast Conference,2020,2023,NA,TRUE
135965,4040762,HighSchool,2016,1624,Rashad Smith,Homestead,Florida Atlantic,OLB,74,184,3,0.8215,Homestead,FL,USA,25.4718946,-80.4759905,12086,LB,Rashad Smith,LB,LB,Florida Atlantic,Conference USA,2020,2021,NA,TRUE
135961,4045299,HighSchool,2016,1624,Marcelino McCrary-Ball,Roswell,Indiana,S,73,180,3,0.8215,Roswell,GA,USA,34.02332,-84.360022,13121,DB,Marcelino McCrary-Ball,LB,LB,Indiana,Big Ten Conference,2022,2025,NA,TRUE
136001,4046543,HighSchool,2016,1661,Camaron Cheeseman,Gahanna Lincoln,Michigan,LS,77,217,3,0.82,Columbus,OH,USA,39.9622601,-83.0007065,39049,ST,Camaron Cheeseman,LS,SPEC,Michigan,Big Ten Conference,2021,2023,6,TRUE
136009,4036153,HighSchool,2016,1673,Kristian Welch,Iola-Scandinavia,Iowa,ATH,75,220,3,0.8193,Iola,WI,USA,44.5080338,-89.1306665,55135,ATH,Kristian Welch,LB,LB,Iowa,Big Ten Conference,2020,2025,NA,TRUE
136013,4035044,HighSchool,2016,1677,TJ Carter,Whitefield Academy,Kentucky,SDE,76,245,3,0.8189,Mableton,GA,USA,33.8188333,-84.5822632,13067,DL,T.J. Carter,DE,DL,Kentucky,Southeastern Conference,2022,2022,NA,TRUE
136109,4043618,HighSchool,2016,1765,Omari Cobb,Treasure Coast,Marshall,OLB,77,205,3,0.8144,Port St. Lucie,FL,USA,27.2939333,-80.3503283,12111,LB,Omari Cobb,LB,LB,Marshall,Conference USA,2020,2021,NA,TRUE
136134,4052042,HighSchool,2016,1797,James Robinson,Lutheran School,Illinois State,RB,71,200,3,0.8133,Rockford,IL,USA,42.2713945,-89.093966,17201,RB,James Robinson,RB,RB,Illinois State,Missouri Valley Football Conference,2020,2023,NA,TRUE
136132,4042125,HighSchool,2016,1797,Nathaniel Evans,John Curtis,UCF,ILB,73,230,3,0.8133,New Orleans,LA,USA,29.9499323,-90.0701156,22071,LB,Nate Evans,LB,LB,UCF,American Athletic Conference,2020,2020,NA,TRUE
136165,4036651,HighSchool,2016,1831,Kindle Vildor,North Clayton,Georgia Southern,S,71,161,3,0.8115,Atlanta,GA,USA,33.7490987,-84.3901849,13121,DB,Kindle Vildor,CB,DB,Georgia Southern,Sun Belt Conference,2020,2025,5,TRUE
136198,4047941,HighSchool,2016,1851,Brenden Schooler,Mission Viejo,Oregon,ATH,74,190,3,0.8111,Mission Viejo,CA,USA,33.5965685,-117.659405,06059,ATH,Brenden Schooler,SAF,DB,Texas; Arizona; Oregon,Big Twelve Conference,2022,2025,NA,TRUE
136218,4040761,HighSchool,2016,1886,Devin Singletary,American Heritage Boca/Delray,Florida Atlantic,RB,69,193,3,0.8106,Delray Beach,FL,USA,26.4614625,-80.0728201,12099,RB,Devin Singletary,RB,RB,Florida Atlantic,Conference USA,2019,2025,3,TRUE
136238,4038724,HighSchool,2016,1897,Tyreek Williams,Timber Creek,Rutgers,OLB,73,205,3,0.81,Sicklerville,NJ,USA,39.7173375,-74.9693329,34007,LB,Tyreek Maddox-Williams,LB,LB,Rutgers,Big Ten Conference,2022,2024,NA,TRUE
136256,4043606,HighSchool,2016,1924,Willie Johnson,South Fort Myers,Marshall,WR,72,170,3,0.8093,Fort Myers,FL,USA,26.640628,-81.8723084,12071,WR,Willie Johnson,WR,WR,Marshall,Conference USA,2022,2022,NA,TRUE
136255,4039075,HighSchool,2016,1924,LaDarius Hamilton,Corrigan-Camden,North Texas,SDE,74.5,240,3,0.8093,Corrigan,TX,USA,30.9968565,-94.8271527,48373,DL,La'Darius Hamilton,LB,LB,North Texas,Conference USA,2020,2022,NA,TRUE
136276,3916917,HighSchool,2016,1939,Micahh Smith,Marshall,Arkansas,S,72,192,3,0.8081,Marshall,TX,USA,32.5447756,-94.3661004,48203,DB,T.J. Smith,DT,DL,Arkansas,Southeastern Conference,2020,2024,NA,TRUE
136284,4035109,HighSchool,2016,1954,Cale Garrett,Kearney,Missouri,ILB,74,218,3,0.8074,Kearney,MO,USA,40.699478,-99.081858,31019,LB,Cale Garrett,LB,LB,Missouri,Southeastern Conference,2020,2020,NA,TRUE
136301,4034779,HighSchool,2016,1969,Ko Kieft,Sioux Center,Minnesota,ATH,76,230,3,0.8061,Sioux Center,IA,USA,43.079692,-96.175672,19167,ATH,Ko Kieft,TE,TE,Minnesota,Big Ten Conference,2022,2025,6,TRUE
136310,4036219,HighSchool,2016,1974,Qwuantrezz Knight,Gadsden County,Maryland,S,72,189,3,0.8059,Greenville,FL,USA,30.4694812,-83.6299688,12079,DB,Qwuantrezz Knight,CB,DB,UCLA; Kent State; Maryland,Pacific Twelve Conference,2022,2023,NA,TRUE
136312,4037225,HighSchool,2016,1983,Dominic Maggio,The Boys' Latin School,Wake Forest,K,74,155,3,0.8058,Baltimore,MD,USA,39.2908816,-76.610759,24510,ST,Dom Maggio,P,SPEC,Wake Forest,Atlantic Coast Conference,2021,2021,NA,TRUE
136314,4033812,HighSchool,2016,1985,Jake Hansen,East Lake,Illinois,ILB,74,220,3,0.8056,Tarpon Springs,FL,USA,28.148082950000003,-82.74380159717906,12103,LB,Jake Hansen,LB,LB,Illinois,Big Ten Conference,2022,2025,NA,TRUE
136316,4040432,HighSchool,2016,1985,L'Jarius Sneed,Minden,Louisiana Tech,S,73,170,3,0.8056,Mooringsport,LA,USA,32.6876455,-93.961015,22017,DB,L'Jarius Sneed,CB,DB,Louisiana Tech,Conference USA,2020,2025,4,TRUE
136352,4038516,HighSchool,2016,2019,Kendall Futrell,South Central,East Carolina,WDE,74,215,3,0.8033,Winterville,NC,USA,35.5290511,-77.4010762,37147,DL,Kendall Futrell,DE,DL,East Carolina,American Athletic Conference,2020,2020,NA,TRUE
136376,4042141,HighSchool,2016,2046,Trysten Hill,Suwannee,UCF,DT,75,313,3,0.8019,Live Oak,FL,USA,30.2949457,-82.98402,12121,DL,Trysten Hill,DT,DL,UCF,American Athletic Conference,2019,2024,2,TRUE
136392,4035611,HighSchool,2016,2063,Gabe Nabers,Lowndes,Florida State,ATH,75,243,3,0.8015,Valdosta,GA,USA,30.8327022,-83.2784851,13185,ATH,Gabe Nabers,FB,RB,Florida State,Atlantic Coast Conference,2020,2021,NA,TRUE
136397,4035886,HighSchool,2016,2068,Khalil Herbert,American Heritage,Kansas,RB,70,195,3,0.8008,Fort Lauderdale,FL,USA,26.1223084,-80.1433786,12011,RB,Khalil Herbert,RB,RB,Virginia Tech,Atlantic Coast Conference,2021,2025,6,TRUE
136460,4044146,HighSchool,2016,2131,Dan Archibong,Springfield,Temple,SDE,77.5,252,3,0.7989,Springfield,PA,USA,39.9306677,-75.3201879,42045,DL,Daniel Archibong,DT,DL,Temple,American Athletic Conference,2021,2021,NA,TRUE
136482,4040640,HighSchool,2016,2153,Darius Bradwell,Amos P. Godby,Tulane,DUAL,73,210,3,0.7981,Tallahassee,FL,USA,30.4380832,-84.2809332,12073,QB,Darius Bradwell,RB,RB,Tulane,American Athletic Conference,2020,2021,NA,TRUE
136488,4055187,HighSchool,2016,2155,Liam Ryan,Damien,Washington State,OT,77,270,3,0.7978,La Verne,CA,USA,34.1008426,-117.7678355,06037,OL,Liam Ryan,OT,OL,Washington State,Pacific Twelve Conference,2022,2022,NA,TRUE
136501,4044144,HighSchool,2016,2169,Kenny Yeboah,Parkland,Temple,WR,77,210,3,0.7969,Allentown,PA,USA,40.6022059,-75.4712794,42077,WR,Kenny Yeboah,TE,TE,Mississippi,Southeastern Conference,2021,2025,NA,TRUE
136508,4037235,HighSchool,2016,2175,Greg Dortch,Highland Springs,Wake Forest,WR,68,150,2,0.7967,Highland Springs,VA,USA,37.5460121,-77.3278441,51087,WR,Greg Dortch,WR,WR,Wake Forest,Atlantic Coast Conference,2019,2025,NA,TRUE
136542,4037311,HighSchool,2016,2213,Jalen Camp,South Forsyth,Georgia Tech,WR,74,210,2,0.7942,Cumming,GA,USA,34.2073196,-84.1401926,13117,WR,Jalen Camp,WR,WR,Georgia Tech,Atlantic Coast Conference,2021,2023,6,TRUE
136546,4039274,HighSchool,2016,2215,Jonathan Ward,Bishop McNamara,Central Michigan,RB,72,185,2,0.7941,Kankakee,IL,USA,41.1200325,-87.8611531,17091,RB,Jonathan Ward,RB,RB,Central Michigan,Mid-American Conference,2020,2025,NA,TRUE
136560,4037584,HighSchool,2016,2222,Bryce Hall,Bishop McDevitt,Virginia,CB,75,190,2,0.7933,Harrisburg,PA,USA,40.2663107,-76.8861122,42043,DB,Bryce Hall,CB,DB,Virginia,Atlantic Coast Conference,2020,2025,5,TRUE
136569,4044138,HighSchool,2016,2238,Matt Hennessy,Don Bosco Prep,Temple,OT,76,277,2,0.7933,Ramsey,NJ,USA,41.0573188,-74.1409771,34003,OL,Matt Hennessy,C,OL,Temple,American Athletic Conference,2020,2025,3,TRUE
136582,3116177,HighSchool,2016,2247,Colby Reeder,Salesianum,Delaware,OLB,75,220,2,0.7926,Wilmington,DE,USA,39.7459468,-75.546589,10003,LB,Troy Reeder,LB,LB,Delaware,Colonial Athletic Association,2019,2025,NA,TRUE
136666,4035542,HighSchool,2016,2312,Steven Wirtel,Mount Carmel,Iowa State,LS,76,210,2,0.79,Chicago,IL,USA,41.8755616,-87.6244212,17031,ST,Steven Wirtel,LS,SPEC,Iowa State,Big Twelve Conference,2020,2021,NA,TRUE
136796,4046350,HighSchool,2016,2457,Isaiah Brown,Tampa Bay Tech,Florida International,CB,73,160,2,0.7885,Tampa,FL,USA,27.9477595,-82.458444,12057,DB,Ike Brown,DB,DB,Florida International,Conference USA,2022,2022,NA,TRUE
136809,4040655,HighSchool,2016,2468,Darnell Mooney,Gaston Sch,Tulane,WR,73,170,2,0.7883,Gadsden,AL,USA,34.010929,-85.9989596,01055,WR,Darnell Mooney,WR,WR,Tulane,American Athletic Conference,2020,2025,5,TRUE
136863,4040805,HighSchool,2016,2498,Roy Lopez III,Mesquite,New Mexico State,DT,73,295,2,0.7859,Gilbert,AZ,USA,33.3527632,-111.7890373,04013,DL,Roy Lopez,DT,DL,Arizona,Pacific Twelve Conference,2021,2025,6,TRUE
136861,4046652,HighSchool,2016,2498,Chris Wilcox,Eleanor Roosevelt,BYU,S,74,175,2,0.7859,Corona,CA,USA,33.8752945,-117.5664449,06065,DB,Chris Wilcox,CB,DB,BYU,Independent,2021,2023,7,TRUE
136880,4040771,HighSchool,2016,2546,John Raine,Westminster Christian School,Florida Atlantic,TE,75,235,2,0.7852,Miami,FL,USA,25.7742658,-80.1936589,12086,TE,John Raine,TE,TE,Northwestern,Big Ten Conference,2021,2022,NA,TRUE
136886,3917159,HighSchool,2016,2555,Zac Thomas,Hewitt-Trussville,App State,DUAL,74,203,2,0.7844,Trussville,AL,USA,33.626629,-86.5549335251678,01073,QB,Josh Thomas,DB,DB,Appalachian State,Sun Belt Conference,2020,2022,NA,TRUE
136896,4039339,HighSchool,2016,2567,Mathew Sexton,Clinton,Eastern Michigan,APB,71,170,2,0.7841,Clinton,MI,USA,42.5869,-82.9196,28049,RB,Mathew Sexton,WR,WR,Eastern Michigan,Mid-American Conference,2023,2023,NA,TRUE
136937,4048718,HighSchool,2016,2585,Tyler Hall,Junipero Serra,Wyoming,ATH,70,175,2,0.7826,Gardena,CA,USA,33.8963593,-118.3053037,06037,ATH,Tyler Hall,CB,DB,Wyoming,Mountain West Conference,2020,2025,NA,TRUE
137030,4038987,HighSchool,2016,2699,Doug Costin,Bishop Shanahan,Miami (OH),DT,75,255,2,0.7785,Downingtown,PA,USA,40.0064958,-75.7032742,42029,DL,Doug Costin,DT,DL,Miami (Ohio),Mid-American Conference,2020,2021,NA,TRUE
137078,4044540,HighSchool,2016,2732,Isaiah Rodgers,Blake,Massachusetts,CB,71,160,2,0.7783,Tampa,FL,USA,27.9477595,-82.458444,12057,DB,Isaiah Rodgers,CB,DB,UMass Amherst,Mid-American Conference,2020,2025,6,TRUE
137196,4032749,HighSchool,2016,2859,Aaron Parker,Gwynn Park,Rhode Island,ATH,75,195,2,0.7744,Brandywine,MD,USA,38.6967833,-76.8477485,24033,ATH,Aaron Parker,WR,WR,Rhode Island,Colonial Athletic Association,2020,2021,NA,TRUE
137190,4043605,HighSchool,2016,2859,Chris Jackson,Florida A&M University Developmental Research Scho,Marshall,WR,72,165,2,0.7744,Tallahassee,FL,USA,30.4380832,-84.2809332,12073,WR,Chris Jackson,DB,DB,Marshall,Conference USA,2020,2022,7,TRUE
137232,4363098,HighSchool,2016,2868,Johnny Lumpkin,Douglass,Louisiana,TE,78,230,2,0.7733,Atlanta,GA,USA,33.7490987,-84.3901849,13121,TE,Johnny Lumpkin,TE,TE,Louisiana-Lafayette; Hutchinson CC,Sun Belt Conference,2023,2024,NA,TRUE
137274,4044519,HighSchool,2016,2935,Larnel Coleman,Saint Clement,Massachusetts,SDE,79,250,2,0.7711,Malden,MA,USA,42.4250964,-71.066163,25017,DL,Larnel Coleman,OT,OL,UMass Amherst,Independent,2021,2022,7,TRUE
137304,4040537,HighSchool,2016,2973,Aaron Brewer,Skyline,Texas State,OG,74,285,2,0.7693,Dallas,TX,USA,32.7762719,-96.7968559,48113,OL,Aaron Brewer,C,OL,Texas State-San Marcos,Sun Belt Conference,2020,2025,NA,TRUE
137319,4040703,HighSchool,2016,2990,Eric Banks,East,UTSA,OLB,77,215,2,0.7683,Memphis,TN,USA,35.1490215,-90.0516285,47157,LB,Eric Banks,DT,DL,Texas-San Antonio,Conference USA,2020,2024,NA,TRUE
137332,4048736,HighSchool,2016,2990,Cassh Maluia,Paramount,Wyoming,S,71,202,2,0.7683,Paramount,CA,USA,33.898917,-118.171005,06037,DB,Cassh Maluia,LB,LB,Wyoming,Mountain West Conference,2020,2020,6,TRUE
137352,4039375,HighSchool,2016,3018,Bryce Huff,St. Paul's Episcopal,Memphis,ILB,74,240,2,0.7678,Mobile,AL,USA,30.6943566,-88.0430541,01097,LB,Bryce Huff,DE,DL,Memphis,American Athletic Conference,2020,2025,NA,TRUE
137627,4052137,HighSchool,2016,3036,Chris Rowland,Ravenwood,Tennessee State,RB,68,170,2,0.7667,Brentwood,TN,USA,36.0325687,-86.7825235,47187,RB,Chris Rowland,WR,WR,Tennessee State,Ohio Valley Conference,2020,2021,NA,TRUE
137423,4036959,HighSchool,2016,3036,Cole Christiansen,Nansemond-Suffolk Academy,Army,ILB,73,195,2,0.7667,Suffolk,VA,USA,36.7282096,-76.5835703,51800,LB,Cole Christiansen,LB,LB,Army,Independent,2020,2025,NA,TRUE
137443,3957672,HighSchool,2016,3036,Savion Johnson,Wheeling Park,North Carolina A&T,RB,70,205,2,0.7667,Wheeling,WV,USA,40.0639616,-80.7209149,54069,RB,Darryl Johnson,OLB,LB,North Carolina A&T,Mid-Eastern Athletic Conference,2019,2022,7,TRUE
137956,4039164,HighSchool,2016,3621,Myles Adams,Mansfield Summit,Rice,OC,73,265,2,0.7652,Arlington,TX,USA,32.701938999999996,-97.10562379033699,48439,OTHER,Myles Adams,DT,DL,Rice,Conference USA,2020,2025,NA,TRUE
137981,4589052,HighSchool,2016,3637,Desmond Noel,Colerain,Ohio,OG,76,290,2,0.7644,Cincinnati,OH,USA,39.1014537,-84.5124602,39061,OL,Desmond Noel,G,OL,Florida Atlantic; Fort Scott CC; Ohio,Conference USA,2022,2022,NA,TRUE
137985,4040790,HighSchool,2016,3637,Jason Huntley,Martin,New Mexico State,RB,70,175,2,0.7644,Arlington,TX,USA,32.701938999999996,-97.10562379033699,48439,RB,Jason Huntley,RB,RB,New Mexico State,Sun Belt Conference,2020,2023,5,TRUE
138038,4040732,HighSchool,2016,3706,Raymond Calais,Cecilia,Louisiana,RB,68.5,167,2,0.7611,Carencro,LA,USA,30.317144,-92.0490096,22055,RB,Raymond Calais,RB,RB,Louisiana-Lafayette,Sun Belt Conference,2020,2021,7,TRUE
138036,4040812,HighSchool,2016,3706,Sage Doxtater,Canada Prep Football Academy,New Mexico State,OT,78,297,2,0.7611,St. Catharines,ON,CAN,NA,NA,NA,OL,Sage Doxtater,OT,OL,New Mexico State,Independent,2022,2022,NA,TRUE
138093,4040774,HighSchool,2016,3738,Harrison Bryant,John Milledge Academy,Florida Atlantic,TE,76,225,2,0.7583,Milledgeville,GA,USA,33.0801429,-83.2320991,13009,TE,Harrison Bryant,TE,TE,Florida Atlantic,Conference USA,2020,2025,4,TRUE
138143,4036431,HighSchool,2016,3814,Darrynton Evans,New Smyrna Beach,App State,S,71,180,2,0.7519,New Smyrna Beach,FL,USA,29.0258132,-80.9271271,12127,DB,Darrynton Evans,RB,RB,Appalachian State,Sun Belt Conference,2020,2024,3,TRUE
138258,4034304,HighSchool,2016,3908,Manny Patterson,Mount Saint Joseph,Maine,CB,70,170,2,0.7,Baltimore,MD,USA,39.2908816,-76.610759,24510,DB,Manny Patterson,DB,DB,Maine,Colonial Athletic Association,2020,2020,NA,TRUE
138275,4047529,HighSchool,2016,3908,Travis Toivonen,Red Wing Senior,North Dakota,WR,75,200,2,0.7,Red Wing,MN,USA,44.5624676,-92.5338013,27049,WR,Travis Toivonen,WR,WR,North Dakota,Big Sky Conference,2021,2022,NA,TRUE
130156,4242975,HighSchool,2017,1,Jaelan Phillips,Redlands East Valley,UCLA,WDE,77.5,253,5,0.9988,Redlands,CA,USA,34.055735,-117.1888961,06071,DL,Jaelan Phillips,LB,LB,Miami,Atlantic Coast Conference,2021,2025,1,TRUE
130157,4241457,HighSchool,2017,2,Najee Harris,Antioch,Alabama,RB,75,226,5,0.9984,Antioch,CA,USA,38.0049214,-121.805789,06013,RB,Najee Harris,RB,RB,Alabama,Southeastern Conference,2021,2025,1,TRUE
130158,4240021,HighSchool,2017,3,Cam Akers,Clinton,Florida State,RB,71,213,5,0.9983,Clinton,MS,USA,32.3415342,-90.3217585,28049,RB,Cam Akers,RB,RB,Florida State,Atlantic Coast Conference,2020,2025,2,TRUE
130159,4241466,HighSchool,2017,4,Alex Leatherwood,Booker T. Washington,Alabama,OT,78,327,5,0.9981,Pensacola,FL,USA,30.421309,-87.2169149,12033,OL,Alex Leatherwood,OT,OL,Alabama,Southeastern Conference,2021,2024,1,TRUE
130160,4242555,HighSchool,2017,5,Foster Sarell,Graham-Kapowsin,Stanford,OT,78.5,311,5,0.9968,Graham,WA,USA,47.0395996,-122.2785729,53053,OL,Foster Sarell,OT,OL,Stanford,Pacific Twelve Conference,2021,2025,NA,TRUE
130161,4240029,HighSchool,2017,6,Marvin Wilson,Episcopal,Florida State,DT,76,329,5,0.9957,Bellaire,TX,USA,29.7057858,-95.4588299,48201,DL,Marvin Wilson,DT,DL,Florida State,Atlantic Coast Conference,2021,2022,NA,TRUE
130162,4241986,HighSchool,2017,7,Chase Young,DeMatha Catholic,Ohio State,WDE,77,251,5,0.9957,Hyattsville,MD,USA,38.9529442,-76.9408647,24033,DL,Chase Young,DE,DL,Ohio State,Big Ten Conference,2020,2025,1,TRUE
130163,4241984,HighSchool,2017,8,Jeff Okudah,South Grand Prairie,Ohio State,CB,73.5,190,5,0.9955,Grand Prairie,TX,USA,32.657368000000005,-97.02846624175038,48113,DB,Jeff Okudah,CB,DB,Ohio State,Big Ten Conference,2020,2025,1,TRUE
130164,4242554,HighSchool,2017,9,Walker Little,Episcopal,Stanford,OT,79,315,5,0.9952,Bellaire,TX,USA,29.7057858,-95.4588299,48201,OL,Walker Little,OT,OL,Stanford,Pacific Twelve Conference,2021,2025,2,TRUE
130165,4240026,HighSchool,2017,10,Joshua Kaindoh,IMG Academy,Florida State,WDE,78,250,5,0.9948,Bradenton,FL,USA,27.4989278,-82.5748194,12081,DL,Joshua Kaindoh,DE,DL,Florida State,Atlantic Coast Conference,2021,2022,4,TRUE
130166,4241987,HighSchool,2017,11,Baron Browning,Kennedale,Ohio State,OLB,74,229,5,0.994,Kennedale,TX,USA,32.646801,-97.2258465,48439,LB,Baron Browning,LB,LB,Ohio State,Big Ten Conference,2021,2025,3,TRUE
130167,4258195,HighSchool,2017,12,Donovan Peoples-Jones,Cass Technical,Michigan,WR,74,193,5,0.9925,Detroit,MI,USA,42.3315509,-83.046640300000007,26163,WR,Donovan Peoples-Jones,WR,WR,Michigan,Big Ten Conference,2020,2024,6,TRUE
130169,4242459,HighSchool,2017,14,Trey Smith,University School of Jackson,Tennessee,OT,77,310,5,0.992,Jackson,TN,USA,35.6144446,-88.8177418,47113,OL,Trey Smith,G,OL,Tennessee,Southeastern Conference,2021,2025,6,TRUE
130170,4242546,HighSchool,2017,15,Davis Mills,Greater Atlanta Christian School,Stanford,PRO,75,192,5,0.9918,Norcross,GA,USA,33.9412127,-84.2135309,13135,QB,Davis Mills,QB,QB,Stanford,Pacific Twelve Conference,2021,2025,3,TRUE
130173,4242204,HighSchool,2017,18,JaCoby Stevens,Oakland,LSU,S,73,200,5,0.9901,Murfreesboro,TN,USA,35.845999,-86.3920452,47149,DB,JaCoby Stevens,LB,LB,LSU,Southeastern Conference,2021,2021,6,TRUE
130174,4239993,HighSchool,2017,19,Tee Higgins,Oak Ridge,Clemson,WR,76.5,188,5,0.9899,Oak Ridge,TN,USA,36.0103562,-84.2696449,47001,WR,Tee Higgins,WR,WR,Clemson,Atlantic Coast Conference,2020,2025,2,TRUE
130176,4241463,HighSchool,2017,21,Jerry Jeudy,Deerfield Beach,Alabama,WR,73,177,5,0.9881,Pompano Beach,FL,USA,26.2378597,-80.1247667,12011,WR,Jerry Jeudy,WR,WR,Alabama,Southeastern Conference,2020,2025,1,TRUE
130177,4242973,HighSchool,2017,22,Darnay Holmes,Calabasas,UCLA,CB,70,190,5,0.9879,Calabasas,CA,USA,34.1446643,-118.6440973,06037,DB,Darnay Holmes,CB,DB,UCLA,Pacific Twelve Conference,2020,2025,4,TRUE
130180,4240686,HighSchool,2017,25,Richard LeCounte III,Liberty County,Georgia,S,70.5,174,5,0.9875,Riceboro,GA,USA,31.7354935,-81.4334408,13179,DB,Richard LeCounte,SAF,DB,Georgia,Southeastern Conference,2021,2023,5,TRUE
130182,4240585,HighSchool,2017,27,A.J. Epenesa,Edwardsville,Iowa,SDE,77,260,5,0.9868,Edwardsville,IL,USA,38.8114364,-89.953157,17119,DL,A.J. Epenesa,DE,DL,Iowa,Big Ten Conference,2020,2025,2,TRUE
130183,4241473,HighSchool,2017,28,LaBryan Ray,James Clemens,Alabama,SDE,76,260,5,0.9867,Madison,AL,USA,34.6928726,-86.7511427,01089,DL,LaBryan Ray,DT,DL,Alabama,Southeastern Conference,2022,2025,NA,TRUE
130187,4241479,HighSchool,2017,32,Tua Tagovailoa,St. Louis,Alabama,DUAL,73,212,5,0.9843,Honolulu,HI,USA,21.304547,-157.8556764,15003,QB,Tua Tagovailoa,QB,QB,Alabama,Southeastern Conference,2020,2025,1,TRUE
130188,4259545,HighSchool,2017,33,D'Andre Swift,St. Joseph's,Georgia,RB,68.75,222,5,0.9838,Philadelphia,PA,USA,39.9527237,-75.1635262,42101,RB,D'Andre Swift,RB,RB,Georgia,Southeastern Conference,2020,2025,2,TRUE
130189,4241482,HighSchool,2017,34,Jedrick Wills,Lafayette,Alabama,OT,77,318,4,0.9831,Lexington,KY,USA,38.0464066,-84.4970393,21067,OL,Jedrick Wills,OT,OL,Alabama,Southeastern Conference,2020,2024,1,TRUE
130191,4242557,HighSchool,2017,36,Colby Parkinson,Oaks Christian,Stanford,TE,79,228,4,0.9826,Thousand Oaks,CA,USA,34.17142715,-118.91058772974445,06111,TE,Colby Parkinson,TE,TE,Stanford,Pacific Twelve Conference,2020,2025,4,TRUE
130192,4242205,HighSchool,2017,37,K'Lavon Chaisson,North Shore,LSU,WDE,76,220,4,0.9821,Houston,TX,USA,29.7589382,-95.3676974,48201,DL,K'Lavon Chaisson,LB,LB,LSU,Southeastern Conference,2020,2025,1,TRUE
130193,4240024,HighSchool,2017,38,Stanford Samuels,Flanagan,Florida State,CB,74,175,4,0.982,Hollywood,FL,USA,26.0112014,-80.1494901,12011,DB,Stanford Samuels III,CB,DB,Florida State,Atlantic Coast Conference,2020,2020,NA,TRUE
130199,4240689,HighSchool,2017,44,Jake Fromm,Houston County,Georgia,PRO,73.25,229,4,0.9794,Warner Robins,GA,USA,32.6200973,-83.606568,13153,QB,Jake Fromm,QB,QB,Georgia,Southeastern Conference,2020,2024,5,TRUE
130200,4259566,HighSchool,2017,45,Andrew Thomas,Pace Academy,Georgia,OT,76.63,335,4,0.9791,Atlanta,GA,USA,33.7490987,-84.3901849,13121,OL,Andrew Thomas,OT,OL,Georgia,Southeastern Conference,2020,2025,1,TRUE
130201,4241985,HighSchool,2017,46,J.K. Dobbins,La Grange,Ohio State,APB,69.5,199,4,0.979,La Grange,TX,USA,29.9080038,-96.8730449,48149,RB,J.K. Dobbins,RB,RB,Ohio State,Big Ten Conference,2020,2025,2,TRUE
130203,4242229,HighSchool,2017,48,Austin Deculus,Cy-Fair,LSU,OT,78,331,4,0.9772,Cypress,TX,USA,29.9691116,-95.6971686,48201,OL,Austin Deculus,OT,OL,LSU,Southeastern Conference,2022,2025,6,TRUE
130205,4240801,HighSchool,2017,50,Tyjon Lindsey,Bishop Gorman,Nebraska,WR,69,161,4,0.9769,Las Vegas,NV,USA,36.1672559,-115.1485163,32003,WR,Tyjon Lindsey,WR,WR,Oregon State; Nebraska,Pacific Twelve Conference,2023,2023,NA,TRUE
130210,4239995,HighSchool,2017,55,A.J. Terrell,Westlake,Clemson,CB,74,180,4,0.9745,Atlanta,GA,USA,33.7490987,-84.3901849,13121,DB,A.J. Terrell,CB,DB,Clemson,Atlantic Coast Conference,2020,2025,1,TRUE
130212,4258210,HighSchool,2017,57,Luiji Vilain,Episcopal,Michigan,WDE,76,242,4,0.9733,Alexandria,VA,USA,38.8051095,-77.0470229,51510,DL,Luiji Vilain,LB,LB,Wake Forest; Michigan,Atlantic Coast Conference,2022,2024,NA,TRUE
130213,4241470,HighSchool,2017,58,Xavier McKinney,Roswell,Alabama,S,73,192,4,0.9723,Roswell,GA,USA,34.02332,-84.360022,13121,DB,Xavier McKinney,SAF,DB,Alabama,Southeastern Conference,2020,2025,2,TRUE
130215,4243218,HighSchool,2017,60,Marlon Tuipulotu,Central,USC,DT,74,295,4,0.972,Independence,OR,USA,44.8560029,-123.1913034,41053,DL,Marlon Tuipulotu,DT,DL,USC,Pacific Twelve Conference,2021,2025,6,TRUE
130216,4242206,HighSchool,2017,61,Jacob Phillips,East Nashville Magnet School,LSU,ILB,75.5,228,4,0.9719,Nashville,TN,USA,36.1622296,-86.7743531,47037,LB,Jacob Phillips,LB,LB,LSU,Southeastern Conference,2020,2025,3,TRUE
130217,4241478,HighSchool,2017,62,DeVonta Smith,Amite,Alabama,WR,73,160,4,0.9717,Amite,LA,USA,30.7265747,-90.5089815,22105,WR,DeVonta Smith,WR,WR,Alabama,Southeastern Conference,2021,2025,1,TRUE
130219,4242488,HighSchool,2017,64,Deommodore Lenoir,Salesian,Oregon,CB,70.5,191,4,0.9697,Los Angeles,CA,USA,34.0536909,-118.2427666,06037,DB,Deommodore Lenoir,CB,DB,Oregon,Pacific Twelve Conference,2021,2025,5,TRUE
130220,4240909,HighSchool,2017,65,Anthony Hines,Plano East,Texas A&M,ILB,74.5,222,4,0.9691,Plano,TX,USA,33.0136764,-96.6925096,48085,LB,Anthony Hines III,LB,LB,Texas A&M,Southeastern Conference,2021,2024,NA,TRUE
130221,4242431,HighSchool,2017,66,Ty Chandler,Montgomery Bell Academy,Tennessee,RB,70.5,187,4,0.9678,Nashville,TN,USA,36.1622296,-86.7743531,47037,RB,Ty Chandler,RB,RB,North Carolina,Atlantic Coast Conference,2022,2025,5,TRUE
130222,4242208,HighSchool,2017,67,Grant Delpit,IMG Academy,LSU,S,75.5,181,4,0.9678,Houston,TX,USA,29.7589382,-95.3676974,48201,DB,Grant Delpit,SAF,DB,LSU,Southeastern Conference,2020,2025,2,TRUE
130224,4240612,HighSchool,2017,69,Tedarrell Slaton,American Heritage,Florida,OG,76.5,360,4,0.9677,Fort Lauderdale,FL,USA,26.1223084,-80.1433786,12011,OL,Tedarrell Slaton,DT,DL,Florida,Southeastern Conference,2021,2025,5,TRUE
130225,4259804,HighSchool,2017,70,Willie Gay Jr.,Starkville,Mississippi State,OLB,73.5,223,4,0.967,Starkville,MS,USA,33.4503998,-88.8183872,28105,LB,Willie Gay Jr.,LB,LB,Mississippi State,Southeastern Conference,2020,2025,2,TRUE
130226,4242392,HighSchool,2017,71,Brock Wright,Cy-Fair,Notre Dame,TE,76.5,243,4,0.9669,Cypress,TX,USA,29.9691116,-95.6971686,48201,TE,Brock Wright,TE,TE,Notre Dame,Independent,2021,2025,NA,TRUE
130230,4241475,HighSchool,2017,75,Henry Ruggs III,Percy L. Julian,Alabama,WR,72,175,4,0.964,Montgomery,AL,USA,32.3669656,-86.3006485,01101,WR,Henry Ruggs III,WR,WR,Alabama,Southeastern Conference,2020,2021,1,TRUE
130236,4243253,HighSchool,2017,81,Jaylon Johnson,Central East,Utah,CB,72.5,181,4,0.9619,Fresno,CA,USA,36.7295295,-119.70886126075588,06019,DB,Jaylon Johnson,CB,DB,Utah,Pacific Twelve Conference,2020,2025,2,TRUE
130237,4258595,HighSchool,2017,82,Cole Kmet,St. Viator,Notre Dame,TE,77,230,4,0.9609,Arlington Heights,IL,USA,42.0811563,-87.9802164,17031,TE,Cole Kmet,TE,TE,Notre Dame,Independent,2020,2025,2,TRUE
130240,4242485,HighSchool,2017,85,Thomas Graham,Rancho Cucamonga,Oregon,CB,71,175,4,0.9603,Rancho Cucamonga,CA,USA,34.1033192,-117.5751735,06071,DB,Thomas Graham Jr.,CB,DB,Oregon,Pacific Twelve Conference,2021,2024,6,TRUE
130242,4567962,HighSchool,2017,87,Netori Johnson,Cedar Grove,Georgia,OG,75.25,341,4,0.9588,Ellenwood,GA,USA,33.6101096,-84.287978,13063,OL,Jermaine Johnson II,LB,LB,Florida State,Atlantic Coast Conference,2022,2025,1,TRUE
130245,4258209,HighSchool,2017,90,Ambry Thomas,Martin Luther King,Michigan,CB,71.5,174,4,0.9583,Detroit,MI,USA,42.3315509,-83.046640300000007,26163,DB,Ambry Thomas,CB,DB,Michigan,Big Ten Conference,2021,2025,3,TRUE
130250,4242211,HighSchool,2017,95,Kary Vincent,Memorial,LSU,CB,71,170,4,0.9567,Port Arthur,TX,USA,29.8988618,-93.9288723,48245,DB,Kary Vincent Jr.,CB,DB,LSU,Southeastern Conference,2021,2022,7,TRUE
130251,4241802,HighSchool,2017,96,Jalen Reagor,Waxahachie,TCU,WR,71,185,4,0.9566,Waxahachie,TX,USA,32.3944908,-96.8439365,48139,WR,Jalen Reagor,WR,WR,TCU,Big Twelve Conference,2020,2025,1,TRUE
130259,4241446,HighSchool,2017,104,Christopher Allen,Southern Lab,Alabama,ILB,76,234,4,0.952,Baton Rouge,LA,USA,30.4459596,-91.18738,22033,LB,Christopher Allen,LB,LB,Alabama,Southeastern Conference,2022,2022,NA,TRUE
130263,4240904,HighSchool,2017,108,Kellen Mond,IMG Academy,Texas A&M,DUAL,74.5,201,4,0.9498,San Antonio,TX,USA,29.4246002,-98.4951405,48029,QB,Kellen Mond,QB,QB,Texas A&M,Southeastern Conference,2021,2023,3,TRUE
130264,4240030,HighSchool,2017,109,Hamsah Nasirildeen,Concord,Florida State,S,75,210,4,0.949,Concord,NC,USA,35.4093772,-80.5797416,37025,DB,Hamsah Nasirildeen,LB,LB,Florida State,Atlantic Coast Conference,2021,2023,6,TRUE
130265,4242547,HighSchool,2017,110,Paulson Adebo,Mansfield,Stanford,CB,74,180,4,0.9481,Mansfield,TX,USA,32.5631924,-97.1416768,48439,DB,Paulson Adebo,CB,DB,Stanford,Pacific Twelve Conference,2021,2025,3,TRUE
130266,4243315,HighSchool,2017,111,Salvon Ahmed,Juanita,Washington,ATH,72,185,4,0.9476,Kirkland,WA,USA,47.6859573,-122.1920249,53033,ATH,Salvon Ahmed,RB,RB,Washington,Pacific Twelve Conference,2020,2025,NA,TRUE
130268,4259632,HighSchool,2017,113,Isaiah Pola-Mao,Mountain Pointe,USC,S,76,190,4,0.9471,Phoenix,AZ,USA,33.4484367,-112.0741417,04013,DB,Isaiah Pola-Mao,SAF,DB,USC,Pacific Twelve Conference,2022,2025,NA,TRUE
130271,4258170,HighSchool,2017,116,Tarik Black,Cheshire Academy,Michigan,WR,76,208,4,0.9454,Cheshire,CT,USA,41.4989861,-72.900658,09009,WR,Tarik Black,WR,WR,Texas; Michigan,Big Twelve Conference,2021,2024,NA,TRUE
130272,4239992,HighSchool,2017,117,Amari Rodgers,Knoxville Catholic,Clemson,WR,69.5,221,4,0.9453,Knoxville,TN,USA,35.9603948,-83.9210261,47093,WR,Amari Rodgers,WR,WR,Clemson,Atlantic Coast Conference,2021,2023,3,TRUE
130274,4241820,HighSchool,2017,119,Sam Ehlinger,Westlake,Texas,DUAL,73.5,215,4,0.9446,Austin,TX,USA,30.2711286,-97.7436995,48453,QB,Sam Ehlinger,QB,QB,Texas,Big Twelve Conference,2021,2025,6,TRUE
130276,4241424,HighSchool,2017,121,Tylan Wallace,South Hills,Oklahoma State,WR,71.5,179,4,0.9442,Fort Worth,TX,USA,32.753177,-97.3327459,48439,WR,Tylan Wallace,WR,WR,Oklahoma State,Big Twelve Conference,2021,2025,4,TRUE
130286,4242873,HighSchool,2017,131,Eno Benjamin,Wylie East,Arizona State,RB,69.5,204,4,0.94,Wylie,TX,USA,33.0151201,-96.5388789,48085,RB,Eno Benjamin,RB,RB,Arizona State,Pacific Twelve Conference,2020,2023,7,TRUE
130290,4259570,HighSchool,2017,135,Mark Webb,Archbishop Wood,Georgia,WR,74,195,4,0.9387,Warminster,PA,USA,40.2067751,-75.0996159,42017,WR,Mark Webb,SAF,DB,Georgia,Southeastern Conference,2021,2023,7,TRUE
130293,4258173,HighSchool,2017,138,Nico Collins,Clay-Chalkville,Michigan,WR,77,195,4,0.9378,Pinson,AL,USA,33.706205,-86.67007895992774,01073,WR,Nico Collins,WR,WR,Michigan,Big Ten Conference,2021,2025,3,TRUE
130294,4240596,HighSchool,2017,139,CJ Henderson,Columbus,Florida,CB,73,175,4,0.9378,Miami,FL,USA,25.7742658,-80.1936589,12086,DB,C.J. Henderson,CB,DB,Florida,Southeastern Conference,2020,2025,1,TRUE
130297,4241373,HighSchool,2017,142,Tre Brown,Union,Oklahoma,CB,71,178,4,0.9366,Tulsa,OK,USA,36.1556805,-95.9929113,40143,DB,Tre Brown,CB,DB,Oklahoma,Big Twelve Conference,2021,2025,4,TRUE
130300,4241474,HighSchool,2017,145,Brian Robinson,Hillcrest,Alabama,RB,73,224,4,0.9361,Tuscaloosa,AL,USA,33.2095614,-87.5675258,01125,RB,Brian Robinson,RB,RB,Alabama,Southeastern Conference,2022,2025,3,TRUE
130303,4241389,HighSchool,2017,148,CeeDee Lamb,Foster,Oklahoma,WR,74.5,172,4,0.9358,Richmond,TX,USA,29.5821811,-95.7607832,48157,WR,CeeDee Lamb,WR,WR,Oklahoma,Big Twelve Conference,2020,2025,1,TRUE
130309,4259547,HighSchool,2017,154,Malik Herring,Mary Persons,Georgia,SDE,75.5,265,4,0.9345,Forsyth,GA,USA,33.0342974,-83.938242,13207,DL,Malik Herring,DE,DL,Georgia,Southeastern Conference,2021,2025,NA,TRUE
130312,4259979,HighSchool,2017,157,Lynn Bowden Jr.,Warren G Harding,Kentucky,ATH,73,185,4,0.9335,Youngstown,OH,USA,41.1035786,-80.6520161,39099,ATH,Lynn Bowden,WR,WR,Kentucky,Southeastern Conference,2020,2023,3,TRUE
130316,4243318,HighSchool,2017,161,Hunter Bryant,Eastside Catholic,Washington,TE,74.5,238,4,0.9321,Bellevue,WA,USA,47.6144219,-122.1923372,53033,TE,Hunter Bryant,TE,TE,Washington,Pacific Twelve Conference,2020,2021,NA,TRUE
130321,4242390,HighSchool,2017,166,Aaron Banks,El Cerrito,Notre Dame,OT,79,315,4,0.9301,El Cerrito,CA,USA,37.9154056,-122.301411,06013,OL,Aaron Banks,G,OL,Notre Dame,Independent,2021,2025,2,TRUE
130329,4242545,HighSchool,2017,174,Connor Wedington,Sumner,Stanford,ATH,72,189,4,0.9278,Sumner,WA,USA,47.22131,-122.2326539,053,ATH,Connor Wedington,WR,WR,Stanford,Pacific Twelve Conference,2021,2022,NA,TRUE
130332,4360637,HighSchool,2017,177,Deon Jones,Potomac,Maryland,CB,73,180,4,0.9271,Oxon Hill,MD,USA,38.8035961,-76.9896573,24033,DB,Jeshaun Jones,WR,WR,Maryland,Big Ten Conference,2024,2025,NA,TRUE
130337,4243328,HighSchool,2017,182,Elijah Molden,West Linn,Washington,CB,71,185,4,0.9253,West Linn,OR,USA,45.3656761,-122.6123141,41005,DB,Elijah Molden,CB,DB,Washington,Pacific Twelve Conference,2021,2025,3,TRUE
130340,4240595,HighSchool,2017,185,Marco Wilson,American Heritage,Florida,CB,72,180,4,0.92490000000000006,Fort Lauderdale,FL,USA,26.1223084,-80.1433786,12011,DB,Marco Wilson,CB,DB,Florida,Southeastern Conference,2021,2025,4,TRUE
130344,4242510,HighSchool,2017,189,Big Kat Bryant,Crisp County,Auburn,WDE,76,226,4,0.9238,Cordele,GA,USA,31.9635074,-83.7823938,13081,DL,Big Kat Bryant,DE,DL,UCF; Auburn,American Athletic Conference,2022,2022,NA,TRUE
130346,4241401,HighSchool,2017,191,Trey Sermon,Sprayberry,Oklahoma,RB,72.5,215,4,0.9233,Marietta,GA,USA,33.9528472,-84.5496148,13067,RB,Trey Sermon,RB,RB,Ohio State; Oklahoma,Big Ten Conference,2021,2025,3,TRUE
130352,4259594,HighSchool,2017,197,Yetur Gross-Matos,Chancellor,Penn State,SDE,77,235,4,0.9223,Fredericksburg,VA,USA,38.3031837,-77.4605399,51630,DL,Yetur Gross-Matos,DE,DL,Penn State,Big Ten Conference,2020,2025,2,TRUE
130358,4259805,HighSchool,2017,203,Kylin Hill,Columbus,Mississippi State,RB,71,210,4,0.9216,Columbus,MS,USA,33.4956744,-88.4272627,28087,RB,Kylin Hill,RB,RB,Mississippi State,Southeastern Conference,2021,2022,7,TRUE
130360,4262197,HighSchool,2017,205,Ta'Quon Graham,Temple,Texas,WDE,75,255,4,0.9213,Temple,TX,USA,31.098207,-97.3427847,48027,DL,Ta'Quon Graham,DT,DL,Texas,Big Twelve Conference,2021,2025,5,TRUE
130367,4258198,HighSchool,2017,212,Josh Ross,St. Mary's,Michigan,ILB,73.5,221,4,0.9184,Orchard Lake,MI,USA,42.5869558,-83.36895696372882,26125,LB,Josh Ross,LB,LB,Michigan,Big Ten Conference,2022,2025,NA,TRUE
130370,4242292,HighSchool,2017,215,Earnest Brown,Ryan,Northwestern,SDE,77,240,4,0.9174,Denton,TX,USA,33.2150386,-97.1330516,48121,DL,Earnest Brown IV,DE,DL,Northwestern,Big Ten Conference,2021,2025,5,TRUE
130371,4239996,HighSchool,2017,216,Travis Etienne,Jennings,Clemson,RB,71,210,4,0.9171,Jennings,LA,USA,30.2224284,-92.657085,29189,RB,Travis Etienne,RB,RB,Clemson,Atlantic Coast Conference,2021,2025,1,TRUE
130376,4241963,HighSchool,2017,221,Kevin Jarvis,Maine South,Michigan State,OG,77,340,4,0.9149,Park Ridge,IL,USA,42.0112329,-87.8406031,17031,OL,Kevin Jarvis,G,OL,Michigan State,Big Ten Conference,2023,2023,NA,TRUE
130380,4240624,HighSchool,2017,225,Trajan Bandy,Columbus,Miami,CB,69.5,180,4,0.9136,Miami,FL,USA,25.7742658,-80.1936589,12086,DB,Trajan Bandy,CB,DB,Miami,Atlantic Coast Conference,2020,2020,NA,TRUE
130383,4259499,HighSchool,2017,228,Shi Smith,Union,South Carolina,ATH,70,181,4,0.9131,Union,SC,USA,34.7151939,-81.6237462,45087,ATH,Shi Smith,WR,WR,South Carolina,Southeastern Conference,2021,2023,6,TRUE
130384,4241374,HighSchool,2017,229,Grant Calcaterra,Santa Margarita Catholic,Oklahoma,TE,76,207,4,0.9131,Rancho Santa Margarita,CA,USA,33.6408845,-117.6029341,06059,TE,Grant Calcaterra,TE,TE,SMU; Oklahoma,American Athletic Conference,2022,2025,6,TRUE
130401,4259305,HighSchool,2017,246,Bo Melton,Cedar Creek,Rutgers,WR,71,175,4,0.9099,Egg Harbor City,NJ,USA,39.5287282,-74.6479364,34001,WR,Bo Melton,CB,DB,Rutgers,Big Ten Conference,2022,2025,7,TRUE
130402,4240927,HighSchool,2017,247,Jayden Peevy,Bellaire,Texas A&M,DT,78,279,4,0.9093,Bellaire,TX,USA,29.7057858,-95.4588299,48201,DL,Jayden Peevy,DT,DL,Texas A&M,Southeastern Conference,2022,2024,NA,TRUE
130404,4243332,HighSchool,2017,249,Keith Taylor,Servite,Washington,CB,74,180,4,0.9088,Anaheim,CA,USA,33.8347516,-117.911732,06059,DB,Keith Taylor,CB,DB,Washington,Pacific Twelve Conference,2021,2025,5,TRUE
130415,4240631,HighSchool,2017,260,DeeJay Dallas,Glynn Academy,Miami,ATH,70.5,191,4,0.9062,Brunswick,GA,USA,31.1499528,-81.4914894,13127,ATH,DeeJay Dallas,RB,RB,Miami,Atlantic Coast Conference,2020,2025,4,TRUE
130417,4259994,HighSchool,2017,262,Josh Paschal,Our Lady of Good Counsel,Kentucky,SDE,76,255,4,0.9059,Olney,MD,USA,39.1532123,-77.0668408,24031,DL,Joshua Paschal,DE,DL,Kentucky,Southeastern Conference,2022,2025,2,TRUE
130422,4242230,HighSchool,2017,267,Saahdiq Charles,Madison-Ridgeland Academy,LSU,OG,77,314,4,0.9039,Madison,MS,USA,32.4618086,-90.1153638,28089,OL,Saahdiq Charles,OT,OL,LSU,Southeastern Conference,2020,2025,4,TRUE
130423,4240655,HighSchool,2017,268,Jonathan Garvin,Lake Worth,Miami,SDE,75.5,222,4,0.9035,Lake Worth,FL,USA,26.615891,-80.0691435,12099,DL,Jonathan Garvin,LB,LB,Miami,Atlantic Coast Conference,2020,2025,7,TRUE
130427,4241993,HighSchool,2017,272,Pete Werner,Cathedral,Ohio State,ILB,75,220,4,0.9025,Mount Vernon,IN,USA,37.9396795,-87.8952993,18129,LB,Pete Werner,LB,LB,Ohio State,Big Ten Conference,2021,2025,2,TRUE
130428,4242540,HighSchool,2017,273,Isaiah Hodgins,Berean Christian,Oregon State,WR,75.5,194,4,0.9024,Walnut Creek,CA,USA,37.9020731,-122.0618702,06013,WR,Isaiah Hodgins,WR,WR,Oregon State,Pacific Twelve Conference,2020,2025,6,TRUE
130430,4361791,HighSchool,2017,275,Devonte Wyatt,Towers,Georgia,DT,75,300,4,0.9023,Decatur,GA,USA,33.7737582,-84.296069,13089,DL,Devonte Wyatt,DT,DL,Georgia,Southeastern Conference,2022,2025,1,TRUE
130432,4242001,HighSchool,2017,277,Thayer Munford,Washington,Ohio State,OT,77.5,320,4,0.9016,Massillon,OH,USA,40.7967244,-81.5215093,39151,OL,Thayer Munford Jr.,OT,OL,Ohio State,Big Ten Conference,2022,2025,7,TRUE
130435,4240071,HighSchool,2017,280,Russ Yeast,Center Grove,Louisville,CB,70.5,178,4,0.9014,Greenwood,IN,USA,39.6136578,-86.1066526,18081,DB,Russ Yeast,SAF,DB,Kansas State,Big Twelve Conference,2022,2025,7,TRUE
130441,4242516,HighSchool,2017,286,Noah Igbinoghene,Hewitt-Trussville,Auburn,WR,72,190,4,0.9,Trussville,AL,USA,33.626629,-86.5549335251678,01073,WR,Noah Igbinoghene,CB,DB,Auburn,Southeastern Conference,2020,2025,1,TRUE
130443,4259590,HighSchool,2017,288,Tariq Castro-Fields,Riverdale Baptist,Penn State,CB,73,173,4,0.8997,Upper Marlboro,MD,USA,38.8165274,-76.7519753,24033,DB,Tariq Castro-Fields,CB,DB,Penn State,Big Ten Conference,2022,2025,6,TRUE
130449,4242207,HighSchool,2017,294,Patrick Queen,Livonia,LSU,ATH,72.5,209,4,0.8986,Livonia,LA,USA,30.5590803,-91.555945,26163,ATH,Patrick Queen,LB,LB,LSU,Southeastern Conference,2020,2025,1,TRUE
130451,4242521,HighSchool,2017,296,K.J. Britt,Oxford,Auburn,ILB,72,232,4,0.8982,Oxford,AL,USA,33.5853695,-85.91428175037092,01121,LB,K.J. Britt,LB,LB,Auburn,Southeastern Conference,2021,2025,5,TRUE
130452,4259346,HighSchool,2017,297,Josh Thompson,Nacogdoches,Texas,CB,72,182,4,0.8978,Nacogdoches,TX,USA,31.6035129,-94.6554874,48347,DB,Josh Thompson,DB,DB,Texas,Big Twelve Conference,2022,2023,NA,TRUE
130458,4240625,HighSchool,2017,303,Mike Harley,St. Thomas Aquinas,Miami,WR,69,155,4,0.8969,Fort Lauderdale,FL,USA,26.1223084,-80.1433786,12011,WR,Mike Harley Jr.,WR,WR,Miami,Atlantic Coast Conference,2022,2022,NA,TRUE
130486,4258206,HighSchool,2017,331,Benjamin St-Juste,Cegep du Vieux,Michigan,CB,75,188,4,0.8928,Montreal,QC,CAN,NA,NA,NA,DB,Benjamin St-Juste,CB,DB,Minnesota,Big Ten Conference,2021,2025,3,TRUE
130488,4242402,HighSchool,2017,333,Elijah Hicks,La Mirada,California,CB,72,185,4,0.8926,La Mirada,CA,USA,33.9060971,-118.0107092,06037,DB,Elijah Hicks,SAF,DB,California,Pacific Twelve Conference,2022,2025,7,TRUE
130503,4240900,HighSchool,2017,348,Buddy Johnson,Kimball,Texas A&M,OLB,73,210,4,0.8908,Dallas,TX,USA,32.7762719,-96.7968559,48113,LB,Buddy Johnson,LB,LB,Texas A&M,Southeastern Conference,2021,2025,4,TRUE
130505,4240692,HighSchool,2017,350,Monty Rice,James Clemens,Georgia,ILB,73,227,4,0.8906,Madison,AL,USA,34.6928726,-86.7511427,01089,LB,Monty Rice,LB,LB,Georgia,Southeastern Conference,2021,2025,3,TRUE
130507,4259546,HighSchool,2017,352,Ameer Speed,Sandalwood,Georgia,CB,75,195,4,0.8904,Jacksonville,FL,USA,30.3321838,-81.655651,12031,DB,Ameer Speed,DB,DB,Michigan State; Georgia,Big Ten Conference,2023,2025,6,TRUE
130512,4259186,HighSchool,2017,357,Xavier Newman,DeSoto,Baylor,OG,74.5,272,3,0.89,DeSoto,TX,USA,32.6061241,-96.865612653687,48113,OL,Xavier Newman-Johnson,G,OL,Baylor,Big Twelve Conference,2022,2025,NA,TRUE
130518,4258207,HighSchool,2017,363,Andrew Stueber,Darien,Michigan,OT,78,285,3,0.8891,Darien,CT,USA,41.0787079,-73.4692873,09001,OL,Andrew Stueber,OT,OL,Michigan,Big Ten Conference,2022,2025,7,TRUE
130524,4242335,HighSchool,2017,369,Jonathan Taylor,Salem,Wisconsin,RB,72,211,3,0.8884,Salem,NJ,USA,39.5717796,-75.4671423,34033,RB,Jonathan Taylor,RB,RB,Wisconsin,Big Ten Conference,2020,2025,2,TRUE
130526,4242234,HighSchool,2017,371,Neil Farrell,Murphy,LSU,DT,76,295,3,0.8878,Mobile,AL,USA,30.6943566,-88.0430541,01097,DL,Neil Farrell,DE,DL,LSU,Southeastern Conference,2022,2024,4,TRUE
130527,4241983,HighSchool,2017,371,Cody White,Walled Lake Western,Michigan State,WR,75,190,3,0.8878,Walled Lake,MI,USA,42.537811,-83.4810481,26125,WR,Cody White,WR,WR,Michigan State,Big Ten Conference,2020,2025,NA,TRUE
130529,4240602,HighSchool,2017,374,Shawn Davis,Miami Southridge,Florida,CB,71,190,3,0.8876,Miami,FL,USA,25.7742658,-80.1936589,12086,DB,Shawn Davis,SAF,DB,Florida,Southeastern Conference,2021,2021,5,TRUE
130536,4259565,HighSchool,2017,381,Justin Shaffer,Cedar Grove,Georgia,OG,77,356,3,0.8858,Ellenwood,GA,USA,33.6101096,-84.287978,13063,OL,Justin Shaffer,G,OL,Georgia,Southeastern Conference,2022,2023,6,TRUE
130537,4259762,HighSchool,2017,382,Jonathan Ford,Dillard,Miami,DT,77,275,3,0.8853,Fort Lauderdale,FL,USA,26.1223084,-80.1433786,12011,DL,Jonathan Ford,DT,DL,Miami,Atlantic Coast Conference,2022,2025,7,TRUE
130548,4242214,HighSchool,2017,393,Clyde Edwards-Helaire,Baton Rouge Catholic,LSU,APB,67,191,3,0.8846,Baton Rouge,LA,USA,30.4459596,-91.18738,22033,RB,Clyde Edwards-Helaire,RB,RB,LSU,Southeastern Conference,2020,2025,1,TRUE
130554,4240090,HighSchool,2017,399,Mekhi Becton,Highland Springs,Louisville,OT,79,345,3,0.8839,Highland Springs,VA,USA,37.5460121,-77.3278441,51087,OL,Mekhi Becton,G,OL,Louisville,Atlantic Coast Conference,2020,2025,1,TRUE
130557,4242515,HighSchool,2017,402,Chandler Wooten,North Cobb,Auburn,OLB,74.5,227,3,0.8835,Kennesaw,GA,USA,34.0234337,-84.6154897,13067,LB,Chandler Wooten,LB,LB,Auburn,Southeastern Conference,2022,2024,NA,TRUE
130561,4239934,HighSchool,2017,406,AJ Dillon,Lawrence Academy,Boston College,ATH,73,230,3,0.8833,New London,CT,USA,41.3556187,-72.0997804,09011,ATH,AJ Dillon,RB,RB,Boston College,Atlantic Coast Conference,2020,2025,2,TRUE
130564,4240800,HighSchool,2017,408,Brenden Jaimes,Lake Travis,Nebraska,OT,77,250,3,0.8828,Austin,TX,USA,30.2711286,-97.7436995,48453,OL,Brenden Jaimes,OT,OL,Nebraska,Big Ten Conference,2021,2025,5,TRUE
130566,4243261,HighSchool,2017,411,Bryan Thompson,Rancho Verde,Utah,WR,75,190,3,0.8822,Moreno Valley,CA,USA,33.937517,-117.2305944,06065,WR,Bryan Thompson,WR,WR,Arizona State; Utah,Pacific Twelve Conference,2023,2023,NA,TRUE
130568,4240600,HighSchool,2017,413,Kadarius Toney,Blount,Florida,ATH,72,177,3,0.8822,Eight Mile,AL,USA,30.7635213,-88.126946,01097,ATH,Kadarius Toney,WR,WR,Florida,Southeastern Conference,2021,2024,1,TRUE
130570,4258179,HighSchool,2017,415,Brad Hawkins,Suffield Academy,Michigan,WR,73,202,3,0.8817,Camden,NJ,USA,39.9448402,-75.1198911,34007,WR,Brad Hawkins,DB,DB,Michigan,Big Ten Conference,2022,2022,NA,TRUE
130571,4240023,HighSchool,2017,416,Tre' McKitty,IMG Academy,Florida State,TE,76,235,3,0.8816,Bradenton,FL,USA,27.4989278,-82.5748194,12081,TE,Tre' McKitty,TE,TE,Georgia; Florida State,Southeastern Conference,2021,2024,3,TRUE
130577,4240657,HighSchool,2017,422,Michael Carter,Navarre,North Carolina,APB,68.5,191,3,0.8803,Navarre,FL,USA,30.4019789,-86.8700821,12113,RB,Michael Carter,RB,RB,North Carolina,Atlantic Coast Conference,2021,2025,4,TRUE
130580,4241394,HighSchool,2017,425,Kenneth Murray,Elkins,Oklahoma,OLB,75,225,3,0.88,Missouri City,TX,USA,29.6185669,-95.5377215,48157,LB,"Kenneth Murray, Jr.",LB,LB,Oklahoma,Big Twelve Conference,2020,2025,1,TRUE
130587,4240603,HighSchool,2017,432,Malik Davis,Jesuit,Florida,RB,71,190,3,0.8792,Tampa,FL,USA,27.9477595,-82.458444,12057,RB,Malik Davis,RB,RB,Florida,Southeastern Conference,2022,2025,NA,TRUE
130595,4259169,HighSchool,2017,440,Trestan Ebner,Henderson,Baylor,ATH,72,188,3,0.8772,Henderson,TX,USA,32.1532157,-94.7993802,48401,ATH,Trestan Ebner,RB,RB,Baylor,Big Twelve Conference,2022,2022,6,TRUE
130600,4242446,HighSchool,2017,445,LaTrell Bumphus,Hardin County,Tennessee,WDE,76,241,3,0.8764,Savannah,TN,USA,35.2248034,-88.2492037,47071,DL,LaTrell Bumphus,NT,DL,Tennessee,Southeastern Conference,2023,2023,NA,TRUE
130607,4242457,HighSchool,2017,450,Matthew Butler,Garner,Tennessee,DT,76,280,3,0.8753,Garner,NC,USA,35.7112642,-78.6141709,37183,DL,Matthew Butler,DT,DL,Tennessee,Southeastern Conference,2022,2025,5,TRUE
130665,4259180,HighSchool,2017,502,John Lovett,Cherokee,Baylor,ATH,73,194,3,0.8711,Burlington,NJ,USA,40.071221799999996,-74.8648859,34005,ATH,John Lovett,RB,RB,Penn State,Big Ten Conference,2022,2022,NA,TRUE
130668,4258601,HighSchool,2017,514,Myron Tagovailoa-Amosa,Kapolei,Notre Dame,SDE,76,270,3,0.8708,Kapolei,HI,USA,21.3340079,-158.0778491,15003,DL,Myron Tagovailoa-Amosa,DE,DL,Notre Dame,Independent,2022,2022,NA,TRUE
130673,4258594,HighSchool,2017,517,Kurt Hinish,Central Catholic,Notre Dame,DT,74,283,3,0.8703,Pittsburgh,PA,USA,40.4416941,-79.9900861,42003,DL,Kurt Hinish,DT,DL,Notre Dame,Independent,2022,2025,NA,TRUE
130683,4242436,HighSchool,2017,527,Theo Jackson,Overton,Tennessee,S,74,175,3,0.8694,Nashville,TN,USA,36.1622296,-86.7743531,47037,DB,Theo Jackson,SAF,DB,Tennessee,Southeastern Conference,2022,2025,6,TRUE
130682,4240120,HighSchool,2017,527,Emeka Emezie,Marvin Ridge,NC State,WR,75.5,200,3,0.8694,Waxhaw,NC,USA,34.9362535,-80.75079198523316,37179,WR,Emeka Emezie,WR,WR,N.C. State,NA,2022,2022,NA,TRUE
130688,4240861,HighSchool,2017,534,Dalton Keene,Chatfield,Virginia Tech,ATH,77,223,3,0.8689,Littleton,CO,USA,39.613321,-105.0166498,08005,ATH,Dalton Keene,TE,TE,Virginia Tech,Atlantic Coast Conference,2020,2025,3,TRUE
130719,4243324,HighSchool,2017,562,Jaxson Kirkland,Jesuit,Washington,OT,78.5,314,3,0.8669,Portland,OR,USA,45.5202471,-122.6741949,41051,OL,Jaxson Kirkland,G,OL,Washington,Pacific Twelve Conference,2023,2025,NA,TRUE
130722,4249128,HighSchool,2017,562,Quentin Lake,Mater Dei,UCLA,CB,73,180,3,0.8669,Santa Ana,CA,USA,33.7494951,-117.8732213,06059,DB,Quentin Lake,SAF,DB,UCLA,Pacific Twelve Conference,2022,2025,6,TRUE
130755,4242154,HighSchool,2017,596,Kamren Curl,Muskogee,Arkansas,ATH,74,180,3,0.8644,Muskogee,OK,USA,35.7478769,-95.3696909,40101,ATH,Kam Curl,SAF,DB,Arkansas,Southeastern Conference,2020,2025,7,TRUE
130760,4259181,HighSchool,2017,605,James Lynch,Round Rock,Baylor,DT,76.5,285,3,0.8639,Round Rock,TX,USA,30.508235,-97.6788934,48491,DL,James Lynch,DT,DL,Baylor,Big Twelve Conference,2020,2025,4,TRUE
130762,4242231,HighSchool,2017,605,Racey McMath,Edna Karr,LSU,WR,75,215,3,0.8639,New Orleans,LA,USA,29.9499323,-90.0701156,22071,WR,Racey McMath,WR,WR,LSU,Southeastern Conference,2021,2023,6,TRUE
130765,4242558,HighSchool,2017,610,Tucker Fisk,Davis Senior,Stanford,TE,75.5,255,3,0.8636,Davis,CA,USA,38.545379,-121.7445835,06113,TE,Tucker Fisk,TE,TE,Stanford,Pacific Twelve Conference,2022,2025,NA,TRUE
130768,4245655,HighSchool,2017,610,Tony Fields,Desert Pines,Arizona,ATH,74,205,3,0.8636,Las Vegas,NV,USA,36.1672559,-115.1485163,32003,ATH,Tony Fields II,LB,LB,West Virginia,Big Twelve Conference,2021,2024,5,TRUE
130782,4243322,HighSchool,2017,622,Jake Haener,Monte Vista,Washington,PRO,72.5,188,3,0.8628,Danville,CA,USA,37.8215929,-121.9999606,06013,QB,Jake Haener,QB,QB,Fresno State; Washington,Mountain West Conference,2023,2025,4,TRUE
130786,4242659,HighSchool,2017,630,Dayo Odeyingbo,Ranchview,Vanderbilt,SDE,76,252,3,0.8622,Carrollton,TX,USA,32.9537349,-96.8902816,48113,DL,Dayo Odeyingbo,DE,DL,Vanderbilt,Southeastern Conference,2021,2025,2,TRUE
130798,4243181,HighSchool,2017,638,Nate Landman,Monte Vista,Colorado,OLB,75,205,3,0.8619,Danville,CA,USA,37.8215929,-121.9999606,06013,LB,Nate Landman,LB,LB,Colorado,Pacific Twelve Conference,2022,2025,NA,TRUE
130802,4242283,HighSchool,2017,645,Rashawn Slater,Clements,Northwestern,OG,76.5,280,3,0.8614,Sugar Land,TX,USA,29.6196787,-95.6349463,48157,OL,Rashawn Slater,OT,OL,Northwestern,Big Ten Conference,2021,2025,1,TRUE
130816,4242209,HighSchool,2017,661,Jontre Kirklin,Lutcher,LSU,ATH,71.5,166,3,0.8608,Lutcher,LA,USA,30.0404796,-90.6989797,22093,ATH,Jontre Kirklin,WR,WR,LSU,Southeastern Conference,2023,2023,NA,TRUE
130828,4240707,HighSchool,2017,668,Damarri Mathis,Lakeland,Pittsburgh,CB,71,175,3,0.8603,Lakeland,FL,USA,28.0394654,-81.9498042,12105,DB,Damarri Mathis,DB,DB,Pittsburgh,Atlantic Coast Conference,2022,2025,4,TRUE
130835,4240781,HighSchool,2017,679,Bryant Koback,Springfield,Kentucky,RB,71,191,3,0.8597,Holland,OH,USA,41.621718,-83.711604,39095,RB,Bryant Koback,RB,RB,Toledo,Mid-American Conference,2022,2023,NA,TRUE
130919,4240599,HighSchool,2017,769,Donovan Stiner,Bellaire,Florida,S,74,185,3,0.8553,Bellaire,TX,USA,29.7057858,-95.4588299,48201,DB,Donovan Stiner,SAF,DB,Florida,Southeastern Conference,2021,2021,NA,TRUE
130937,4361739,HighSchool,2017,780,Josh Johnson,Central Arkansas Christian,Iowa State,WR,71,170,3,0.8547,Maumelle,AR,USA,34.8667565,-92.4043219,05119,WR,Josh Johnson,WR,WR,Tulsa,American Athletic Conference,2022,2022,NA,TRUE
130952,4258190,HighSchool,2017,796,Ben Mason,Newtown,Michigan,ILB,74.5,247,3,0.8542,Sandy Hook,CT,USA,41.4200956,-73.2820608,09001,LB,Ben Mason,TE,TE,Michigan,Big Ten Conference,2021,2023,5,TRUE
131003,4240574,HighSchool,2017,851,Matt Hankins,Marcus,Iowa,CB,72,158,3,0.8519,Flower Mound,TX,USA,33.0283854,-97.0867203,48121,DB,Matt Hankins,CB,DB,Iowa,Big Ten Conference,2022,2023,NA,TRUE
131006,4240074,HighSchool,2017,856,Dorian Etheridge,Capital,Louisville,ILB,75,210,3,0.8517,Charleston,WV,USA,38.3505995,-81.6332812,54039,LB,Dorian Etheridge,ILB,LB,Louisville,Atlantic Coast Conference,2021,2022,NA,TRUE
131010,4240911,HighSchool,2017,856,Jacob Kibodi,Christian Life Academy,Texas A&M,RB,74,198,3,0.8517,Baton Rouge,LA,USA,30.4459596,-91.18738,22033,RB,Jacob Kibodi,RB,RB,Lafayette College; Texas A&M,Sun Belt Conference,2024,2024,NA,TRUE
131007,4242651,HighSchool,2017,856,Tae Daley,Northside,Vanderbilt,S,71,175,3,0.8517,Warner Robins,GA,USA,32.6200973,-83.606568,13153,DB,Tae Daley,SAF,DB,Virginia Tech; Vanderbilt,Atlantic Coast Conference,2022,2022,NA,TRUE
131014,4242495,HighSchool,2017,865,Jordon Scott,Pinellas Park,Oregon,DT,73,345,3,0.8514,Largo,FL,USA,27.9094665,-82.7873244,12103,DL,Jordan Scott,NT,DL,Oregon,Pacific Twelve Conference,2021,2021,NA,TRUE
131020,4259299,HighSchool,2017,865,Olakunle Fatukasi,Grand Street,Rutgers,OLB,73,205,3,0.8514,Brooklyn,NY,USA,40.6501038,-73.9495823,36047,LB,Olakunle Fatukasi,ILB,LB,Rutgers,Big Ten Conference,2022,2023,NA,TRUE
131031,4242896,HighSchool,2017,876,Curtis Hodges,Mountain View,Arizona State,WR,79,198,3,0.8508,Mesa,AZ,USA,33.4151117,-111.8314773,04013,WR,Curtis Hodges,TE,TE,Arizona State,Pacific Twelve Conference,2022,2023,NA,TRUE
131044,4241807,HighSchool,2017,886,Garret Wallow,John Curtis,TCU,S,74,215,3,0.8506,New Orleans,LA,USA,29.9499323,-90.0701156,22071,DB,Garret Wallow,LB,LB,TCU,Big Twelve Conference,2021,2025,5,TRUE
131035,4243543,HighSchool,2017,886,Otis Anderson,University Christian,UCF,APB,68,168,3,0.8506,Jacksonville,FL,USA,30.3321838,-81.655651,12031,RB,Otis Anderson,RB,RB,UCF,American Athletic Conference,2021,2021,NA,TRUE
131061,4240532,HighSchool,2017,904,Tony Adams,St. Louis University,Illinois,WR,72,185,3,0.85,St. Louis,MO,USA,38.6268039,-90.1994097,29510,WR,Tony Adams,SAF,DB,Illinois,Big Ten Conference,2022,2025,NA,TRUE
131081,4245131,HighSchool,2017,930,Tim Jones,Biloxi,Southern Miss,WR,73,200,3,0.8492,Biloxi,MS,USA,30.374673,-88.84594333482862,28047,WR,Tim Jones,WR,WR,Southern Mississippi,Conference USA,2021,2025,NA,TRUE
131087,4362197,HighSchool,2017,930,Eugene Brown,Stephenson,West Virginia,S,72,190,3,0.8492,Stone Mountain,GA,USA,33.8080924,-84.1706273,13089,DB,Michael Brown,LB,LB,Louisville,NA,2004,2004,NA,TRUE
131091,4241977,HighSchool,2017,941,Josiah Scott,Fairfield,Michigan State,CB,69.5,155,3,0.8489,Fairfield,OH,USA,39.3458953,-84.5605031,39017,DB,Josiah Scott,CB,DB,Michigan State,Big Ten Conference,2020,2023,4,TRUE
131202,4243776,HighSchool,2017,1051,Hayden Howerton,Katy,SMU,OC,76,260,3,0.8442,Katy,TX,USA,29.7857853,-95.8243956,48157,OTHER,Hayden Howerton,G,OL,SMU,American Athletic Conference,2022,2023,NA,TRUE
131210,4240464,HighSchool,2017,1064,Victor Dimukeje,The Boys' Latin School,Duke,DT,74,257,3,0.8439,Baltimore,MD,USA,39.2908816,-76.610759,24510,DL,Victor Dimukeje,LB,LB,Duke,Atlantic Coast Conference,2021,2025,6,TRUE
131226,4239947,HighSchool,2017,1079,Isaiah McDuffie,Bennett,Boston College,OLB,73,190,3,0.8431,Buffalo,NY,USA,42.8867166,-78.8783922,36029,LB,Isaiah McDuffie,LB,LB,Boston College,Atlantic Coast Conference,2021,2025,6,TRUE
131233,4240661,HighSchool,2017,1085,Dazz Newsome,Hampton,North Carolina,ATH,71,180,3,0.843,Hampton,VA,USA,37.0520315,-76.2856365,51650,ATH,Dazz Newsome,WR,WR,North Carolina,Atlantic Coast Conference,2021,2022,6,TRUE
131244,4258237,HighSchool,2017,1096,Raheem Layne,Sebastian River,Indiana,CB,73,185,3,0.8428,Sebastian,FL,USA,27.816415,-80.4706078,12061,DB,Raheem Layne,SAF,DB,Indiana,Big Ten Conference,2022,2025,NA,TRUE
131303,4245662,HighSchool,2017,1159,Azizi Hearn,Oceanside,Arizona,S,73,187,3,0.84,Oceanside,CA,USA,33.1958696,-117.3794834,06073,DB,Azizi Hearn,DB,DB,UCLA; Arizona,Pacific Twelve Conference,2023,2024,NA,TRUE
131315,4242270,HighSchool,2017,1162,Kyric McGowan,Dalton,Northwestern,RB,70,183,3,0.84,Dalton,GA,USA,34.7691867,-84.9702475,13313,RB,Kyric McGowan,WR,WR,Georgia Tech; Northwestern,Atlantic Coast Conference,2022,2022,NA,TRUE
131328,4240554,HighSchool,2017,1185,Vederian Lowe,Auburn,Illinois,OT,77,340,3,0.8389,Rockford,IL,USA,42.2713945,-89.093966,17201,OL,Vederian Lowe,OT,OL,Illinois,Big Ten Conference,2022,2025,6,TRUE
131341,4240263,HighSchool,2017,1189,David Anenih,Mansfield Timberview,Houston,WDE,75,220,3,0.8389,Arlington,TX,USA,32.701938999999996,-97.10562379033699,48439,DL,David Anenih,LB,LB,Houston,American Athletic Conference,2022,2024,NA,TRUE
131679,4240435,HighSchool,2017,1556,Zach Tom,Baton Rouge Catholic,Wake Forest,OT,76,270,3,0.8236,Baton Rouge,LA,USA,30.4459596,-91.18738,22033,OL,Zach Tom,G,OL,Wake Forest,Atlantic Coast Conference,2022,2025,4,TRUE
131683,4258244,HighSchool,2017,1556,Harry Crider,Columbus East,Indiana,OC,76,270,3,0.8236,Columbus,IN,USA,39.2014405,-85.9213796,18005,OTHER,Harry Crider,C,OL,Indiana,Big Ten Conference,2021,2021,NA,TRUE
131688,4240573,HighSchool,2017,1563,Ihmir Smith-Marsette,Weequahic,Iowa,CB,73,155,3,0.8233,Newark,NJ,USA,40.735657,-74.1723667,34013,DB,Ihmir Smith-Marsette,WR,WR,Iowa,Big Ten Conference,2021,2025,5,TRUE
131689,4256051,HighSchool,2017,1563,Ryan Stonehouse,Mater Dei,Colorado State,P,71,170,3,0.8233,Santa Ana,CA,USA,33.7494951,-117.8732213,06059,ST,Ryan Stonehouse,P,SPEC,Colorado State,Mountain West Conference,2022,2024,NA,TRUE
131727,4244732,HighSchool,2017,1607,Caleb Huntley,Locust Grove,Ball State,RB,72,210,3,0.8215,Locust Grove,GA,USA,33.3459495,-84.109083,13151,RB,Caleb Huntley,RB,RB,Ball State,Mid-American Conference,2021,2022,NA,TRUE
131755,4245645,HighSchool,2017,1635,Gary Brightwell,St. Georges Tech,Arizona,ATH,71,187,3,0.8206,Middletown,DE,USA,39.4496857,-75.7166811,10003,ATH,Gary Brightwell,RB,RB,Arizona,Pacific Twelve Conference,2021,2025,6,TRUE
131760,4240486,HighSchool,2017,1640,Tariq Carpenter,Long County,Georgia Tech,S,74,188,3,0.8203,Ludowici,GA,USA,31.7097964,-81.7430846,13183,DB,Tariq Carpenter,SAF,DB,Georgia Tech,Atlantic Coast Conference,2022,2023,7,TRUE
131764,4569068,HighSchool,2017,1642,Jose Ramirez,Auburndale,Arizona,OLB,75,195,3,0.8203,Auburndale,FL,USA,28.10708845,-81.80358011667643,12105,LB,Jose Ramirez,LB,LB,Eastern Michigan,Mid-American Conference,2023,2024,6,TRUE
131780,4239094,HighSchool,2017,1661,Coby Bryant,Glenville,Cincinnati,CB,71,150,3,0.8189,Cleveland,OH,USA,41.5051613,-81.6934446,39035,DB,Coby Bryant,SAF,DB,Cincinnati,American Athletic Conference,2022,2025,4,TRUE
131793,4240826,HighSchool,2017,1674,Elliott Brown,The Taft School,Virginia,OLB,78,215,3,0.8185,Watertown,CT,USA,41.6062078,-73.1181658,09005,LB,Elliott Brown,LB,LB,Virginia,Atlantic Coast Conference,2025,2025,NA,TRUE
131822,4240485,HighSchool,2017,1701,Pressley Harvin III,Sumter,Georgia Tech,P,72,235,3,0.8175,Sumter,SC,USA,33.9204354,-80.3414693,45085,ST,Pressley Harvin III,P,SPEC,Georgia Tech,Atlantic Coast Conference,2021,2023,7,TRUE
131832,4243956,HighSchool,2017,1713,Reed Blankenship,West Limestone,Middle Tennessee,S,74,180,3,0.8172,Lester,AL,USA,34.9906391,-87.1533469,01083,DB,Reed Blankenship,SAF,DB,Middle Tennessee State,Conference USA,2022,2025,NA,TRUE
131836,4240542,HighSchool,2017,1716,Nate Hobbs,Louisville Male,Illinois,CB,72,170,3,0.8169,Louisville,KY,USA,38.2542376,-85.759407,21111,DB,Nate Hobbs,CB,DB,Illinois,Big Ten Conference,2021,2025,5,TRUE
131838,4243830,HighSchool,2017,1718,Jaelon Darden,Aldine Eisenhower,North Texas,WR,69,160,3,0.8167,Houston,TX,USA,29.7589382,-95.3676974,48201,WR,Jaelon Darden,WR,WR,North Texas,Conference USA,2021,2024,4,TRUE
131851,4241135,HighSchool,2017,1724,Raymond Johnson,Sumter,Georgia Southern,WDE,76,235,3,0.8167,Sumter,SC,USA,33.9204354,-80.3414693,45085,DL,Raymond Johnson III,DE,DL,Georgia Southern,Sun Belt Conference,2021,2024,NA,TRUE
131939,4243537,HighSchool,2017,1826,Gabriel Davis,Seminole,UCF,WR,74,205,3,0.8122,Sanford,FL,USA,28.8117297,-81.2680345,12117,WR,Gabe Davis,WR,WR,UCF,American Athletic Conference,2020,2025,4,TRUE
131941,4240824,HighSchool,2017,1828,Joey Blount,Landmark Christian School,Virginia,ATH,74,185,3,0.8119,Fairburn,GA,USA,33.5670562,-84.5810418,13121,ATH,Joey Blount,SAF,DB,Virginia,Atlantic Coast Conference,2022,2025,NA,TRUE
131976,4241195,HighSchool,2017,1864,Tyree Gillespie,Vanguard,Missouri,S,71.5,202,3,0.8111,Ocala,FL,USA,29.1871986,-82.1400923,12083,DB,Tyree Gillespie,SAF,DB,Missouri,Southeastern Conference,2021,2023,4,TRUE
131977,4245144,HighSchool,2017,1864,Davontavean Martin,Ellender Memorial,Washington State,WR,74,164,3,0.8111,Houma,LA,USA,29.5957696,-90.7195348,22109,WR,Tay Martin,WR,WR,Oklahoma State,Big Twelve Conference,2022,2025,NA,TRUE
131986,4240434,HighSchool,2017,1874,Ja'Sir Taylor,Brick Township,Wake Forest,ATH,72,175,3,0.8108,Brick,NJ,USA,40.0707244,-74.1280562,34029,ATH,Ja'Sir Taylor,CB,DB,Wake Forest,Atlantic Coast Conference,2022,2025,6,TRUE
131994,4240164,HighSchool,2017,1882,Ralph Holley,St. Mary's,Western Michigan,DT,74,270,3,0.8106,Orchard Lake,MI,USA,42.5869558,-83.36895696372882,26125,DL,Ralph Holley,DT,DL,Western Michigan,Mid-American Conference,2025,2025,NA,TRUE
132009,4244651,HighSchool,2017,1886,D'Vonte Price,Charlotte,Florida International,RB,74,195,3,0.81,Punta Gorda,FL,USA,26.9297836,-82.0453664,12015,RB,D'vonte Price,RB,RB,Florida International,Conference USA,2022,2022,NA,TRUE
132033,4244049,HighSchool,2017,1916,Quintin Morris,George Ranch,Bowling Green,WR,74,200,3,0.8081,Richmond,TX,USA,29.5821811,-95.7607832,48157,WR,Quintin Morris,TE,TE,Bowling Green,Mid-American Conference,2021,2025,NA,TRUE
132096,4240155,HighSchool,2017,1974,AJ Thomas,University Of Detroit Jesuit,Western Michigan,CB,75,170,3,0.8059,Detroit,MI,USA,42.3315509,-83.046640300000007,26163,DB,A.J. Thomas,DB,DB,Western Michigan,Mid-American Conference,2022,2024,NA,TRUE
132175,4243371,HighSchool,2017,2067,Riley Patterson,Edwardsville,Memphis,K,71,170,3,0.8022,Edwardsville,IL,USA,38.8114364,-89.953157,17119,ST,Riley Patterson,K,SPEC,Memphis,American Athletic Conference,2021,2025,NA,TRUE
132176,4257240,HighSchool,2017,2068,Tycen Anderson,St. John's Jesuit,Toledo,CB,73.5,183,3,0.8022,Toledo,OH,USA,41.6786754,-83.5127283,39095,DB,Tycen Anderson,SAF,DB,Toledo,Mid-American Conference,2022,2025,5,TRUE
132186,4241273,HighSchool,2017,2075,Roger Carter,Blythewood,Georgia State,TE,75,245,3,0.8019,Blythewood,SC,USA,34.2187005,-80.98456918011235,45079,TE,Roger Carter,TE,TE,Georgia State,Sun Belt Conference,2022,2022,NA,TRUE
132239,4239088,HighSchool,2017,2118,Darrick Forrest,Walnut Ridge,Cincinnati,CB,72,170,3,0.8,Columbus,OH,USA,39.9622601,-83.0007065,39049,DB,Darrick Forrest,SAF,DB,Cincinnati,American Athletic Conference,2021,2025,5,TRUE
132261,4240575,HighSchool,2017,2143,Geno Stone,New Castle,Iowa,S,71,190,3,0.7993,New Castle,PA,USA,40.9999202,-80.3471856,42073,DB,Geno Stone,SAF,DB,Iowa,Big Ten Conference,2020,2025,7,TRUE
132284,4262921,HighSchool,2017,2174,Justin Jefferson,Destrehan,LSU,WR,74,180,3,0.7983,Destrehan,LA,USA,29.960933,-90.3705407077716,22089,WR,Justin Jefferson,WR,WR,LSU,Southeastern Conference,2020,2025,1,TRUE
132326,4239936,HighSchool,2017,2210,EJ Perry,Andover,Boston College,PRO,74,190,2,0.7967,Andover,MA,USA,42.65717,-71.1408776,25009,QB,E.J. Perry,QB,QB,Brown,Ivy League,2022,2023,NA,TRUE
132344,4244607,HighSchool,2017,2227,Akayleb Evans,McKinney,Tulsa,CB,73,175,2,0.7959,McKinney,TX,USA,33.1976496,-96.6154471,48085,DB,Akayleb Evans,CB,DB,Missouri,Southeastern Conference,2022,2025,4,TRUE
132378,4243003,HighSchool,2017,2269,Ronnie Rivers,Freedom,Fresno State,RB,68,168,2,0.7948,Oakley,CA,USA,37.9974219,-121.7124536,06013,RB,Ronnie Rivers,RB,RB,Fresno State,Mountain West Conference,2022,2025,NA,TRUE
132441,4244300,HighSchool,2017,2307,Dominique Robinson,McKinley,Miami (OH),DUAL,76,210,2,0.7926,Canton,OH,USA,40.7989522,-81.3784445,39151,QB,Dominique Robinson,DE,DL,Miami (Ohio),Mid-American Conference,2022,2025,5,TRUE
132512,4257364,HighSchool,2017,2375,Zavier Scott,Germany,UConn,ATH,74,200,2,0.79,Killeen,TX,USA,31.1171441,-97.727796,48027,ATH,Zavier Scott,RB,RB,Maine,Colonial Athletic Association,2023,2025,NA,TRUE
132558,4245661,HighSchool,2017,2443,Lucas Havrisik,Norco,Arizona,K,74,168,2,0.7889,Norco,CA,USA,33.9323307,-117.5508901,06065,ST,Lucas Havrisik,K,SPEC,Arizona,Pacific Twelve Conference,2022,2025,NA,TRUE
132577,4241455,HighSchool,2017,2470,Thomas Fletcher,IMG Academy,Alabama,LS,73,215,2,0.7875,Georgetown,TX,USA,30.671598,-97.65500660120435,48491,ST,Thomas Fletcher,LS,SPEC,Alabama,Southeastern Conference,2021,2021,6,TRUE
132635,4242996,HighSchool,2017,2480,Arron Mosby,Sanger,Fresno State,WR,75,196,2,0.7859,Sanger,CA,USA,36.708006,-119.5559652,06019,WR,Arron Mosby,DE,DL,Fresno State,Mountain West Conference,2022,2025,NA,TRUE
132651,4240269,HighSchool,2017,2541,Payton Turner,Westside,Houston,WDE,77,217,2,0.7852,Houston,TX,USA,29.7589382,-95.3676974,48201,DL,Payton Turner,DE,DL,Houston,American Athletic Conference,2021,2025,1,TRUE
132701,4244856,HighSchool,2017,2588,Austin Trammell,Klein,Rice,WR,70,170,2,0.7833,Spring,TX,USA,30.0798826,-95.4172549,48201,WR,Austin Trammell,WR,WR,Rice,Conference USA,2021,2025,NA,TRUE
132731,4243923,HighSchool,2017,2596,Cameron Sample,Shiloh,Tulane,SDE,75,240,2,0.7826,Snellville,GA,USA,33.857328,-84.0199108,13135,DL,Cameron Sample,DE,DL,Tulane,American Athletic Conference,2021,2025,4,TRUE
132799,4260409,HighSchool,2017,2675,Derrick Barnes,Holy Cross,Purdue,ILB,72.5,241,2,0.78,Louisville,KY,USA,38.2542376,-85.759407,21111,LB,Derrick Barnes,LB,LB,Purdue,Big Ten Conference,2021,2025,4,TRUE
132853,4244310,HighSchool,2017,2717,Michael Brown,Catholic Central,Miami (OH),ATH,73,200,2,0.7793,Grand Rapids,MI,USA,42.9632405,-85.6678639,26081,ATH,Mike Brown,SAF,DB,Miami (Ohio),Mid-American Conference,2022,2025,NA,TRUE
132855,4249214,HighSchool,2017,2717,Andre Jones,Varnado,Louisiana,SDE,77,200,2,0.7793,Tickfaw,LA,USA,30.5774119,-90.4831456,22105,DL,Andre Jones Jr.,DE,DL,Louisiana-Lafayette,Sun Belt Conference,2023,2025,7,TRUE
132847,4244740,HighSchool,2017,2717,Antonio Phillips,Kirkwood,Ball State,S,72,170,2,0.7793,St. Louis,MO,USA,38.6268039,-90.1994097,29510,DB,Antonio Phillips,CB,DB,Ball State,Mid-American Conference,2021,2021,NA,TRUE
132836,4244717,HighSchool,2017,2717,Bryce Cosby,Dupont Manual,Ball State,CB,71,170,2,0.7793,Louisville,KY,USA,38.2542376,-85.759407,21111,DB,Bryce Cosby,CB,DB,Ball State,Mid-American Conference,2022,2022,NA,TRUE
132866,4240255,HighSchool,2017,2750,Grant Stuard,Oak Ridge,Houston,S,72,200,2,0.7785,Conroe,TX,USA,30.3118769,-95.4560512,48339,DB,Grant Stuard,LB,LB,Houston,American Athletic Conference,2021,2025,7,TRUE
132916,4241588,HighSchool,2017,2786,Elijah Cooks,Atascadero,Nevada,WR,77,215,2,0.7783,Atascadero,CA,USA,35.4894169,-120.6707255,06079,WR,Elijah Cooks,WR,WR,San Jose State; Nevada,Mountain West Conference,2023,2025,NA,TRUE
133048,4241011,HighSchool,2017,2917,Demetrius Taylor,Northwestern,App State,OLB,74,230,2,0.7733,Miami,FL,USA,25.7742658,-80.1936589,12086,LB,Demetrius Taylor,DE,DL,Appalachian State,Sun Belt Conference,2022,2022,NA,TRUE
133083,4243457,HighSchool,2017,2961,DeAngelo Malone,Cedar Grove,Western Kentucky,WDE,75,210,2,0.7726,Ellenwood,GA,USA,33.6101096,-84.287978,13063,DL,DeAngelo Malone,LB,LB,Western Kentucky,Conference USA,2022,2025,3,TRUE
133121,4244768,HighSchool,2017,2981,Julian Hicks,Mayfield,Central Michigan,WR,74,175,2,0.7719,Cleveland,OH,USA,41.5051613,-81.6934446,39035,WR,Julian Hicks,WR,WR,Albany; Akron; Central Michigan,Colonial Athletic Association,2024,2025,NA,TRUE
133094,4076803,HighSchool,2017,2981,Jordan Meredith,Bowling Green,Western Kentucky,OG,75,270,2,0.7719,Bowling Green,KY,USA,36.9903199,-86.4436018,21227,OL,Jordan Meredith,C,OL,Western Kentucky,Conference USA,2022,2025,NA,TRUE
133092,4241555,HighSchool,2017,2981,Elijah Mitchell,Erath,Louisiana,WR,71,200,2,0.7719,Erath,LA,USA,29.9582611,-92.0359562,22113,WR,Elijah Mitchell,RB,RB,Louisiana-Lafayette,Sun Belt Conference,2021,2025,6,TRUE
133144,4256041,HighSchool,2017,3016,Emmanuel Jones,Woodland,Colorado State,WDE,75,230,2,0.7711,Cartersville,GA,USA,34.1650972,-84.7999383,13015,DL,Stephen Jones,DE,DL,Colorado State,Mountain West Conference,2022,2023,NA,TRUE
133142,4243916,HighSchool,2017,3016,Patrick Johnson,Notre Dame,Tulane,SDE,74,250,2,0.7711,Chattanooga,TN,USA,35.0457219,-85.3094883,47065,DL,Patrick Johnson,LB,LB,Tulane,American Athletic Conference,2021,2025,7,TRUE
133218,4245273,HighSchool,2017,3080,Christian Elliss,Valor Christian,Idaho,OLB,75,215,2,0.7685,Littleton,CO,USA,39.613321,-105.0166498,08005,LB,Christian Elliss,LB,LB,Idaho,Sun Belt Conference,2021,2025,NA,TRUE
133260,4249426,HighSchool,2017,3114,Jalen Wayne,Spanish Fort,South Alabama,WR,75,200,2,0.7683,Spanish Fort,AL,USA,30.6749127,-87.9152724,01003,WR,Jalen Wayne,WR,WR,South Alabama,Sun Belt Conference,2024,2024,NA,TRUE
133282,4257188,HighSchool,2017,3155,Charlie Jones,Deerfield,Buffalo,WR,72,180,2,0.7678,Deerfield,IL,USA,42.1711365,-87.8445119,25011,WR,Charlie Jones,WR,WR,Purdue; Iowa,Big Ten Conference,2023,2025,4,TRUE
133759,4258485,HighSchool,2017,3176,Jon Rhattigan,Neuqua Valley,Army,ILB,74,220,2,0.7667,Naperville,IL,USA,41.7728699,-88.1479278,17043,LB,Jon Rhattigan,LB,LB,Army,Independent,2021,2025,NA,TRUE
133824,4256074,HighSchool,2017,3176,Khyiris Tonga,Granger,BYU,DT,76,300,2,0.7667,Salt Lake City,UT,USA,40.7596198,-111.8867975,49035,DL,Khyiris Tonga,DT,DL,BYU,Independent,2021,2025,7,TRUE
133404,4241597,HighSchool,2017,3176,Daiyan Henley,Crenshaw,Nevada,PRO,73,183,2,0.7667,Los Angeles,CA,USA,34.0536909,-118.2427666,06037,QB,Daiyan Henley,LB,LB,Washington State; Nevada,Pacific Twelve Conference,2023,2025,3,TRUE
134028,4258197,HighSchool,2017,3916,Brad Robbins,Westerville South,Michigan,P,74,180,2,0.7594,Westerville,OH,USA,40.126139,-82.9295287,39049,ST,Brad Robbins,P,SPEC,Michigan,Big Ten Conference,2023,2025,6,TRUE
134043,4239768,HighSchool,2017,3925,Spencer Brown,Mortimer Jordan,UAB,RB,71,226,2,0.7583,Morris,AL,USA,33.747724,-86.8091343,01073,RB,Spencer Brown,RB,RB,UAB,Conference USA,2021,2023,NA,TRUE
134178,4360728,HighSchool,2017,4021,Parker Ferguson,Center Grove,Air Force,SDE,77,230,2,0.7533,Greenwood,IN,USA,39.6136578,-86.1066526,18081,DL,Parker Ferguson,G,OL,Air Force,Mountain West Conference,2021,2022,NA,TRUE
134185,4372518,HighSchool,2017,4021,Bobby Brown III,East Bay,Eastern Michigan,CB,73,175,2,0.7533,Gibsonton,FL,USA,27.8536365,-82.3825931,12057,DB,Bobby Brown III,DT,DL,Texas A&M,Southeastern Conference,2021,2025,4,TRUE
134202,4036820,HighSchool,2017,4089,Brennan Hawkins,Southwest Senior,San Diego State,ATH,76,200,2,0.75,Minneapolis,MN,USA,44.9772995,-93.2654692,27053,ATH,Tayler Hawkins,SAF,DB,San Diego State,Mountain West Conference,2022,2023,NA,TRUE
126270,4360310,HighSchool,2018,1,Trevor Lawrence,Cartersville,Clemson,PRO,78,208,5,0.9999,Cartersville,GA,USA,34.1650972,-84.7999383,13015,QB,Trevor Lawrence,QB,QB,Clemson,Atlantic Coast Conference,2021,2025,1,TRUE
126272,4360304,HighSchool,2018,3,Xavier Thomas,IMG Academy,Clemson,SDE,75,260,5,0.9988,Bradenton,FL,USA,27.4989278,-82.5748194,12081,DL,Xavier Thomas,LB,LB,Clemson,Atlantic Coast Conference,2024,2025,5,TRUE
126274,4361423,HighSchool,2018,5,Micah Parsons,Harrisburg,Penn State,WDE,75,235,5,0.9982,Harrisburg,PA,USA,40.2663107,-76.8861122,42043,DL,Micah Parsons,DE,DL,Penn State,Big Ten Conference,2021,2025,1,TRUE
126275,4372012,HighSchool,2018,6,Patrick Surtain II,American Heritage,Alabama,CB,73.25,199,5,0.9973,Fort Lauderdale,FL,USA,26.1223084,-80.1433786,12011,DB,Pat Surtain II,CB,DB,Alabama,Southeastern Conference,2021,2025,1,TRUE
126276,4361368,HighSchool,2018,7,Nicholas Petit-Frere,Berkeley Prep,Ohio State,OT,78,272,5,0.9963,Tampa,FL,USA,27.9477595,-82.458444,12057,OL,Nicholas Petit-Frere,OT,OL,Ohio State,Big Ten Conference,2022,2024,3,TRUE
126277,4361426,HighSchool,2018,8,Justin Shorter,South Brunswick,Penn State,WR,76,213,5,0.9962,Monmouth Junction,NJ,USA,40.3789957,-74.5465436,34023,WR,Justin Shorter,TE,TE,Florida; Penn State,Southeastern Conference,2023,2025,5,TRUE
126278,4361777,HighSchool,2018,9,Zamir White,Scotland County,Georgia,RB,73,210,5,0.9957,Laurinburg,NC,USA,34.7740495,-79.4628248,37165,RB,Zamir White,RB,RB,Georgia,Southeastern Conference,2022,2025,4,TRUE
126279,4379412,HighSchool,2018,10,Jamaree Salyer,Pace Academy,Georgia,OG,76,342,5,0.9956,Atlanta,GA,USA,33.7490987,-84.3901849,13121,OL,Jamaree Salyer,G,OL,Georgia,Southeastern Conference,2022,2025,6,TRUE
126280,4374302,HighSchool,2018,11,Amon-Ra St. Brown,Mater Dei,USC,WR,71.5,191,5,0.9948,Anaheim,CA,USA,33.8347516,-117.911732,06059,WR,Amon-Ra St. Brown,WR,WR,USC,Pacific Twelve Conference,2021,2025,4,TRUE
126281,4379397,HighSchool,2018,12,Tyson Campbell,American Heritage,Georgia,CB,74.5,180,5,0.9944,Fort Lauderdale,FL,USA,26.1223084,-80.1433786,12011,DB,Tyson Campbell,CB,DB,Georgia,Southeastern Conference,2021,2025,2,TRUE
126282,4362630,HighSchool,2018,13,Terrace Marshall,Parkway,LSU,WR,74.5,192,5,0.993,Bossier City,LA,USA,32.5369356,-93.6952689,22015,WR,Terrace Marshall Jr.,WR,WR,LSU,Southeastern Conference,2021,2025,2,TRUE
126283,4360308,HighSchool,2018,14,KJ Henry,West Forsyth,Clemson,WDE,77.5,235,5,0.9928,Clemmons,NC,USA,36.0215258,-80.3819984,37067,DL,KJ Henry,DE,DL,Clemson,Atlantic Coast Conference,2023,2025,5,TRUE
126286,4360320,HighSchool,2018,17,Jackson Carman,Fairfield,Clemson,OT,78,330,5,0.9894,Fairfield,OH,USA,39.3458953,-84.5605031,39017,OL,Jackson Carman,G,OL,Clemson,Atlantic Coast Conference,2021,2024,2,TRUE
126288,4362077,HighSchool,2018,19,Caden Sterns,Steele,Texas,S,73,192,5,0.9886,Cibolo,TX,USA,29.5707831,-98.2330927,48187,DB,Caden Sterns,SAF,DB,Texas,Big Twelve Conference,2021,2024,5,TRUE
126291,4361788,HighSchool,2018,22,Cade Mays,Knoxville Catholic,Georgia,OT,78,318,5,0.9869,Knoxville,TN,USA,35.9603948,-83.9210261,47093,OL,Cade Mays,C,OL,Tennessee,Southeastern Conference,2022,2025,6,TRUE
126295,4360307,HighSchool,2018,26,Derion Kendrick,South Pointe,Clemson,WR,73,184,5,0.9855,Rock Hill,SC,USA,34.9248667,-81.0250784,45091,WR,Derion Kendrick,CB,DB,Georgia; Clemson,Southeastern Conference,2022,2025,6,TRUE
126297,4374299,HighSchool,2018,28,Olaijah Griffin,Mission Viejo,USC,CB,72,170,5,0.9849,Mission Viejo,CA,USA,33.5965685,-117.659405,06059,DB,Olaijah Griffin,CB,DB,USC,Pacific Twelve Conference,2021,2022,NA,TRUE
126299,4361351,HighSchool,2018,30,Jaelen Gill,Westerville South,Ohio State,APB,73,182,4,0.9831,Westerville,OH,USA,40.126139,-82.9295287,39049,RB,Jaelen Gill,WR,WR,Fresno State; Boston College; Ohio State,Mountain West Conference,2024,2024,NA,TRUE
126300,4379416,HighSchool,2018,31,Quay Walker,Crisp County,Georgia,OLB,76,236,4,0.983,Cordele,GA,USA,31.9635074,-83.7823938,13081,LB,Quay Walker,LB,LB,Georgia,Southeastern Conference,2022,2025,1,TRUE
126301,4374301,HighSchool,2018,32,Isaac Taylor-Stuart,Helix,USC,CB,74,187,4,0.9827,San Diego,CA,USA,32.7174209,-117.1627714,06073,DB,Isaac Taylor-Stuart,CB,DB,USC,Pacific Twelve Conference,2022,2023,NA,TRUE
126302,4362504,HighSchool,2018,33,Brevin Jordan,Bishop Gorman,Miami,TE,75,250,4,0.982,Las Vegas,NV,USA,36.1672559,-115.1485163,32003,TE,Brevin Jordan,TE,TE,Miami,Atlantic Coast Conference,2021,2025,5,TRUE
126303,4361340,HighSchool,2018,34,Tyreke Smith,Cleveland Heights,Ohio State,WDE,75,260,4,0.9816,Cleveland,OH,USA,41.5051613,-81.6934446,39035,DL,Tyreke Smith,LB,LB,Ohio State,Big Ten Conference,2022,2025,5,TRUE
126305,4367178,HighSchool,2018,36,Dorian Thompson-Robinson,Bishop Gorman,UCLA,DUAL,73.5,195,4,0.9813,Las Vegas,NV,USA,36.1672559,-115.1485163,32003,QB,Dorian Thompson-Robinson,QB,QB,UCLA,Pacific Twelve Conference,2023,2024,5,TRUE
126306,4361372,HighSchool,2018,37,Jeremy Ruckert,Lindenhurst,Ohio State,TE,77.5,238,4,0.981,Lindenhurst,NY,USA,40.6867667,-73.3734547,36103,TE,Jeremy Ruckert,TE,TE,Ohio State,Big Ten Conference,2022,2025,3,TRUE
126308,4372016,HighSchool,2018,39,Jaylen Waddle,Episcopal,Alabama,WR,69.5,175,4,0.9791,Bellaire,TX,USA,29.7057858,-95.4588299,48201,WR,Jaylen Waddle,WR,WR,Alabama,Southeastern Conference,2021,2025,1,TRUE
126310,4379399,HighSchool,2018,41,James Cook,Northwestern,Georgia,APB,71.5,181,4,0.9786,Miami,FL,USA,25.7742658,-80.1936589,12086,RB,James Cook,RB,RB,Georgia,Southeastern Conference,2022,2025,2,TRUE
126314,4360306,HighSchool,2018,45,Justyn Ross,Central,Clemson,WR,76,201,4,0.9765,Phenix City,AL,USA,32.4709761,-85.0007653,01113,WR,Justyn Ross,WR,WR,Clemson,Atlantic Coast Conference,2022,2024,NA,TRUE
126321,4362088,HighSchool,2018,52,DeMarvion Overshown,Arp,Texas,S,76,200,4,0.9737,Arp,TX,USA,32.2254831,-95.059035,48423,DB,DeMarvion Overshown,LB,LB,Texas,Big Twelve Conference,2023,2025,3,TRUE
126323,4362497,HighSchool,2018,54,Nesta Jade Silvera,American Heritage,Miami,DT,74,308,4,0.973,Fort Lauderdale,FL,USA,26.1223084,-80.1433786,12011,DL,Nesta Jade Silvera,DT,DL,Arizona State; Miami,Pacific Twelve Conference,2023,2024,7,TRUE
126324,4361366,HighSchool,2018,55,Tommy Togiai,Highland,Ohio State,DT,75,290,4,0.9721,Pocatello,ID,USA,42.8688613,-112.4401098,16005,DL,Tommy Togiai,DT,DL,Ohio State,Big Ten Conference,2021,2025,4,TRUE
126326,4373825,HighSchool,2018,57,Penei Sewell,Desert HIlls,Oregon,OG,77,349,4,0.9709,St. George,UT,USA,37.104153,-113.5841313,49053,OL,Penei Sewell,OT,OL,Oregon,Pacific Twelve Conference,2021,2025,1,TRUE
126331,4361787,HighSchool,2018,62,Trey Hill,Houston County,Georgia,OG,75.5,346,4,0.9692,Warner Robins,GA,USA,32.6200973,-83.606568,13153,OL,Trey Hill,C,OL,Georgia,Southeastern Conference,2021,2025,6,TRUE
126332,4362874,HighSchool,2018,63,Matt Corral,Long Beach Poly,Ole Miss,PRO,74,202,4,0.969,Long Beach,CA,USA,33.7690164,-118.1916048,06037,QB,Matt Corral,QB,QB,Mississippi,Southeastern Conference,2022,2023,3,TRUE
126334,4361429,HighSchool,2018,65,Rasheed Walker,North Point,Penn State,OT,78,290,4,0.9676,Waldorf,MD,USA,38.6263882,-76.9106581,24017,OL,Rasheed Walker,OT,OL,Penn State,Big Ten Conference,2022,2025,7,TRUE
126335,4360274,HighSchool,2018,66,Ronnie Perkins,Lutheran North,Oklahoma,WDE,74.5,256,4,0.9666,St. Louis,MO,USA,38.6268039,-90.1994097,29510,DL,Ronnie Perkins,LB,LB,Oklahoma,Big Twelve Conference,2021,2025,3,TRUE
126337,4361363,HighSchool,2018,68,Matthew Jones,Erasmus Hall,Ohio State,OC,76,300,4,0.9652,Brooklyn,NY,USA,40.6501038,-73.9495823,36047,OTHER,Matthew Jones,G,OL,Ohio State,Big Ten Conference,2024,2024,NA,TRUE
126338,4360233,HighSchool,2018,69,Jacob Copeland,Escambia,Florida,WR,72,192,4,0.9651,Pensacola,FL,USA,30.421309,-87.2169149,12033,WR,Jacob Copeland,WR,WR,Maryland; Florida,Big Ten Conference,2023,2023,NA,TRUE
126345,4361422,HighSchool,2018,76,Odafe Oweh,Blair Academy,Penn State,SDE,77,236,4,0.9617,Blairstown,NJ,USA,40.9828753,-74.9604501,34041,DL,Odafe Oweh,LB,LB,Penn State,Big Ten Conference,2021,2025,1,TRUE
126347,4361421,HighSchool,2018,78,PJ Mustipher,McDonogh School,Penn State,DT,76.5,290,4,0.9613,Owings Mills,MD,USA,39.4010753,-76.796299,24005,DL,PJ Mustipher,DT,DL,Penn State,Big Ten Conference,2023,2025,NA,TRUE
126348,4361652,HighSchool,2018,79,Payton Wilson,Orange,NC State,OLB,76,225,4,0.9613,Hillsborough,NC,USA,36.0752297,-79.0992279,37135,LB,Payton Wilson,LB,LB,N.C. State,Atlantic Coast Conference,2024,2025,3,TRUE
126350,4360246,HighSchool,2018,81,Richard Gouraige,Cambridge Christian School,Florida,OT,77,271,4,0.9603,Tampa,FL,USA,27.9477595,-82.458444,12057,OL,Richard Gouraige,OT,OL,Florida,Southeastern Conference,2023,2025,NA,TRUE
126353,4362628,HighSchool,2018,84,Ja'Marr Chase,Archbishop Rummel,LSU,WR,73,195,4,0.9589,Metairie,LA,USA,30.001852,-90.1767149159888,22051,WR,Ja'Marr Chase,WR,WR,LSU,Southeastern Conference,2021,2025,1,TRUE
126354,4360230,HighSchool,2018,85,Emory Jones,Heard County,Florida,DUAL,74.5,195,4,0.9587,Franklin,GA,USA,33.2776182,-85.0979973,13149,QB,Emory Jones,QB,QB,Cincinnati; Arizona State; Florida,Big Twelve Conference,2024,2025,NA,TRUE
126356,4379411,HighSchool,2018,87,Otis Reese,Lee County,Georgia,OLB,76,206,4,0.9575,Leesburg,GA,USA,31.7324556,-84.1711966,13177,LB,Otis Reese,LB,LB,Mississippi,Southeastern Conference,2023,2025,NA,TRUE
126357,4360853,HighSchool,2018,88,Talanoa Hufanga,Crescent Valley,USC,ATH,72.5,193,4,0.9571,Corvallis,OR,USA,44.5645659,-123.2620435,41003,ATH,Talanoa Hufanga,SAF,DB,USC,Pacific Twelve Conference,2021,2025,5,TRUE
126360,4361088,HighSchool,2018,91,Colson Yankoff,Coeur d'Alene,Washington,DUAL,76,204,4,0.9564,Coeur d'Alene,ID,USA,47.6742994,-116.7811531,16055,QB,Colson Yankoff,TE,TE,UCLA; Washington,Pacific Twelve Conference,2024,2025,NA,TRUE
126372,4379414,HighSchool,2018,103,Channing Tindall,Spring Valley,Georgia,ILB,74,213,4,0.9526,Columbia,SC,USA,34.0007493,-81.0343313,45079,LB,Channing Tindall,LB,LB,Georgia,Southeastern Conference,2022,2025,3,TRUE
126376,4372017,HighSchool,2018,107,Jalyn Armour-Davis,St. Paul's Episcopal,Alabama,CB,73,180,4,0.9513,Mobile,AL,USA,30.6943566,-88.0430541,01097,DB,Jalyn Armour-Davis,CB,DB,Alabama,Southeastern Conference,2022,2025,4,TRUE
126378,4372020,HighSchool,2018,109,Josh Jobe,Cheshire Academy,Alabama,CB,73,180,4,0.9509,Cheshire,CT,USA,41.4989861,-72.900658,09009,DB,Josh Jobe,CB,DB,Alabama,Southeastern Conference,2022,2025,NA,TRUE
126379,4360859,HighSchool,2018,110,Justin Dedich,Chaparral,USC,OC,74,290,4,0.9507,Temecula,CA,USA,33.4946353,-117.1473661,06065,OTHER,Justin Dedich,OL,OL,USC,Pacific Twelve Conference,2024,2025,NA,TRUE
126381,4372099,HighSchool,2018,112,Aidan Hutchinson,Divine Child,Michigan,SDE,78,260,4,0.9498,Dearborn,MI,USA,42.3222599,-83.1763145,26163,DL,Aidan Hutchinson,DE,DL,Michigan,Big Ten Conference,2022,2025,1,TRUE
126382,4372028,HighSchool,2018,113,Emil Ekiyor,Cathedral,Alabama,OC,74,322,4,0.9496,Indianapolis,IN,USA,39.7683331,-86.1583502,18097,OTHER,Emil Ekiyor,DE,DL,UCF,NA,2000,2000,NA,TRUE
126383,4360318,HighSchool,2018,114,Mario Goodrich,Lee's Summit West,Clemson,ATH,74,180,4,0.9492,Lee's Summit,MO,USA,38.9107156,-94.3821295,29095,ATH,Mario Goodrich,CB,DB,Clemson,Atlantic Coast Conference,2022,2023,NA,TRUE
126384,4362082,HighSchool,2018,115,D'Shawn Jamison,Lamar,Texas,CB,70,174,4,0.9486,Houston,TX,USA,29.7589382,-95.3676974,48201,DB,D'Shawn Jamison,CB,DB,Texas,Big Twelve Conference,2023,2025,NA,TRUE
126387,4372085,HighSchool,2018,118,Cameron McGrone,Lawrence Central,Michigan,OLB,73,215,4,0.9481,Indianapolis,IN,USA,39.7683331,-86.1583502,18097,LB,Cameron McGrone,LB,LB,Michigan,Big Ten Conference,2021,2025,5,TRUE
126391,4369835,HighSchool,2018,122,Alontae Taylor,Coffee County Central,Tennessee,WR,72,184,4,0.9471,Manchester,TN,USA,35.4817432,-86.0885993,47031,WR,Alontae Taylor,CB,DB,Tennessee,Southeastern Conference,2022,2025,2,TRUE
126392,4362117,HighSchool,2018,123,Keondre Coburn,Westfield,Texas,DT,73,329,4,0.9468,Houston,TX,USA,29.7589382,-95.3676974,48201,DL,Keondre Coburn,DE,DL,Texas,Big Twelve Conference,2023,2024,6,TRUE
126393,4362225,HighSchool,2018,124,Dante Stills,Fairmont,West Virginia,SDE,76,265,4,0.9467,Fairmont,WV,USA,39.4850848,-80.1425781,54049,DL,Dante Stills,DT,DL,West Virginia,Big Twelve Conference,2023,2025,6,TRUE
126399,4361778,HighSchool,2018,130,Kearis Jackson,Peach County,Georgia,WR,71.5,203,4,0.9451,Fort Valley,GA,USA,32.5537585,-83.8874084,13225,WR,Kearis Jackson,WR,WR,Georgia,Southeastern Conference,2023,2024,NA,TRUE
126400,4372026,HighSchool,2018,131,Cameron Latu,Olympus,Alabama,WDE,77,236,4,0.945,Salt Lake City,UT,USA,40.7596198,-111.8867975,49035,DL,Cameron Latu,TE,TE,Alabama,Southeastern Conference,2023,2025,3,TRUE
126402,4361090,HighSchool,2018,133,Ale Kaho,Reno,Alabama,ILB,73,218,4,0.9448,Reno,NV,USA,39.5261206,-119.8126581,32031,LB,Ale Kaho,LB,LB,UCLA; Alabama,Big Ten Conference,2025,2025,NA,TRUE
126404,4360277,HighSchool,2018,135,Jalen Redmond,Midwest City,Oklahoma,WDE,76,233,4,0.9442,Oklahoma City,OK,USA,35.4729886,-97.5170536,40109,DL,Jalen Redmond,DL,DL,Oklahoma,Big Twelve Conference,2024,2025,NA,TRUE
126407,4360854,HighSchool,2018,138,Chase Williams,Eleanor Roosevelt,USC,CB,73,190,4,0.9423,Corona,CA,USA,33.8752945,-117.5664449,06065,DB,Chase Williams,DB,DB,San Jose State; USC,Mountain West Conference,2024,2024,NA,TRUE
126408,4361182,HighSchool,2018,139,Adrian Martinez,Clovis West,Nebraska,DUAL,74,205,4,0.9423,Fresno,CA,USA,36.7295295,-119.70886126075588,06019,QB,Adrian Martinez,QB,QB,Kansas State; Nebraska,Big Twelve Conference,2024,2025,NA,TRUE
126409,4360689,HighSchool,2018,140,Tyler Shough,Hamilton,Oregon,PRO,76.5,187,4,0.9422,Chandler,AZ,USA,33.3062223,-111.8413317,04013,QB,Tyler Shough,QB,QB,Louisville; Texas Tech; Oregon,Atlantic Coast Conference,2025,2025,2,TRUE
126413,4379409,HighSchool,2018,144,Azeez Ojulari,Marietta,Georgia,WDE,76,224,4,0.9391,Marietta,GA,USA,33.9528472,-84.5496148,13067,DL,Azeez Ojulari,LB,LB,Georgia,Southeastern Conference,2021,2025,2,TRUE
126414,4372058,HighSchool,2018,145,Jaelyn Duncan,St. Frances Academy,Maryland,OT,78,300,4,0.939,Owings,MD,USA,38.7124923,-76.60497036490531,24009,OL,Jaelyn Duncan,OT,OL,Maryland,Big Ten Conference,2023,2024,6,TRUE
126418,4362517,HighSchool,2018,149,DJ Scaife,Miami Southridge,Miami,OG,75,320,4,0.9378,Miami,FL,USA,25.7742658,-80.1936589,12086,OL,DJ Scaife,OT,OL,Miami,Atlantic Coast Conference,2023,2023,NA,TRUE
126419,4361417,HighSchool,2018,150,Zack Kuntz,Camp Hill,Penn State,TE,79,221,4,0.9377,Camp Hill,PA,USA,40.2398118,-76.9199742,42041,TE,Zack Kuntz,TE,TE,Old Dominion; Penn State,Conference USA,2023,2024,7,TRUE
126427,4361334,HighSchool,2018,158,Smoke Monday,Carver,Auburn,ATH,75,185,4,0.936,Atlanta,GA,USA,33.7490987,-84.3901849,13121,ATH,Smoke Monday,SAF,DB,Auburn,Southeastern Conference,2022,2022,NA,TRUE
126428,4367186,HighSchool,2018,159,Chase Cota,South Medford,UCLA,WR,75.5,195,4,0.9358,Medford,OR,USA,42.3264181,-122.8718605,41029,WR,Chase Cota,WR,WR,Oregon; UCLA,Pacific Twelve Conference,2023,2024,NA,TRUE
126430,4363046,HighSchool,2018,161,Tre'Shaun Harrison,Garfield,Florida State,ATH,74,190,4,0.9336,Seattle,WA,USA,47.6038321,-122.3300624,53033,ATH,Tre'Shaun Harrison,WR,WR,Oregon State; Florida State,Pacific Twelve Conference,2023,2023,NA,TRUE
126431,4360248,HighSchool,2018,162,Kyle Pitts,Archbishop Wood,Florida,TE,77.5,235,4,0.9334,Warminster,PA,USA,40.2067751,-75.0996159,42017,TE,Kyle Pitts,TE,TE,Florida,Southeastern Conference,2021,2025,1,TRUE
126432,4371986,HighSchool,2018,163,Anthony Schwartz,American Heritage,Auburn,WR,72,172,4,0.9334,Fort Lauderdale,FL,USA,26.1223084,-80.1433786,12011,WR,Anthony Schwartz,WR,WR,Auburn,Southeastern Conference,2021,2024,3,TRUE
126433,4362087,HighSchool,2018,164,Keaontay Ingram,Carthage,Texas,RB,73,190,4,0.9324,Carthage,TX,USA,32.1570412,-94.338114,48365,RB,Keaontay Ingram,RB,RB,USC,Pacific Twelve Conference,2022,2025,6,TRUE
126434,4373809,HighSchool,2018,165,Jevon Holland,Bishop O'Dowd,Oregon,S,73,182,4,0.9324,Oakland,CA,USA,37.8044557,-122.2713563,06001,DB,Jevon Holland,SAF,DB,Oregon,Pacific Twelve Conference,2021,2025,2,TRUE
126435,4361348,HighSchool,2018,166,Dallas Gant,St. John's Jesuit,Ohio State,OLB,75,225,4,0.9322,Toledo,OH,USA,41.6786754,-83.5127283,39095,LB,Dallas Gant,LB,LB,Toledo; Ohio State,Mid-American Conference,2024,2024,NA,TRUE
126445,4372030,HighSchool,2018,176,Christian Barmore,Neumann Goretti,Alabama,DT,77,290,4,0.9298,Philadelphia,PA,USA,39.9527237,-75.1635262,42101,DL,Christian Barmore,DT,DL,Alabama,Southeastern Conference,2021,2025,2,TRUE
126447,4360239,HighSchool,2018,178,Amari Burney,Calvary Christian,Florida,S,73,215,4,0.9293,Clearwater,FL,USA,27.9658533,-82.8001026,12103,DB,Amari Burney,LB,LB,Florida,Southeastern Conference,2023,2024,6,TRUE
126450,4361577,HighSchool,2018,181,Dyami Brown,West Mecklenburg,North Carolina,ATH,74,180,4,0.9272,Charlotte,NC,USA,35.2272,-80.843083,37119,ATH,Dyami Brown,WR,WR,North Carolina,Atlantic Coast Conference,2021,2025,3,TRUE
126454,4371974,HighSchool,2018,185,Seth Williams,Paul W. Bryant,Auburn,WR,75,212,4,0.9259,Cottondale,AL,USA,33.1895629,-87.4516703,01125,WR,Seth Williams,WR,WR,Auburn,Southeastern Conference,2021,2024,6,TRUE
126455,4362094,HighSchool,2018,186,Joseph Ossai,Oak Ridge,Texas,WDE,76,220,4,0.9257,Conroe,TX,USA,30.3118769,-95.4560512,48339,DL,Joseph Ossai,DE,DL,Texas,Big Twelve Conference,2021,2025,3,TRUE
126456,4361093,HighSchool,2018,187,Kyler Gordon,Archbishop Murphy,Washington,CB,71,177,4,0.9256,Everett,WA,USA,47.9673056,-122.2013998,53061,DB,Kyler Gordon,CB,DB,Washington,Pacific Twelve Conference,2022,2025,2,TRUE
126460,4361662,HighSchool,2018,191,Alim McNeill,Sanderson,NC State,DT,74,272,4,0.9234,Raleigh,NC,USA,35.7803977,-78.6390989,37183,DL,Alim McNeill,DT,DL,N.C. State,Atlantic Coast Conference,2021,2025,3,TRUE
126461,4361409,HighSchool,2018,192,Jahan Dotson,Nazareth,Penn State,WR,71,165,4,0.9228,Nazareth,PA,USA,40.7423309,-75.3112095,42095,WR,Jahan Dotson,WR,WR,Penn State,Big Ten Conference,2022,2025,1,TRUE
126462,4361178,HighSchool,2018,193,Cam Jurgens,Beatrice,Nebraska,TE,75,240,4,0.9227,Beatrice,NE,USA,40.266429,-96.747369,31067,TE,Cam Jurgens,C,OL,Nebraska,Big Ten Conference,2022,2025,2,TRUE
126463,4362615,HighSchool,2018,194,Marquan McCall,Oak Park,Kentucky,OG,76,320,4,0.9225,Oak Park,MI,USA,42.4595317,-83.1821445,17031,OL,Marquan McCall,DT,DL,Kentucky,Southeastern Conference,2022,2024,NA,TRUE
126464,4360235,HighSchool,2018,195,Trey Dean,Dutchtown,Florida,S,74,180,4,0.9222,Hampton,GA,USA,33.3870578,-84.2829784,13151,DB,Trey Dean III,SAF,DB,Florida,Southeastern Conference,2023,2024,NA,TRUE
126470,4360238,HighSchool,2018,201,Dameon Pierce,Bainbridge,Florida,RB,71,205,4,0.9209,Bainbridge,GA,USA,30.9038252,-84.5754768,13087,RB,Dameon Pierce,RB,RB,Florida,Southeastern Conference,2022,2025,4,TRUE
126472,4372414,HighSchool,2018,203,Elijah Moore,St. Thomas Aquinas,Ole Miss,WR,71,181,4,0.9205,Fort Lauderdale,FL,USA,26.1223084,-80.1433786,12011,WR,Elijah Moore,WR,WR,Mississippi,Southeastern Conference,2021,2025,2,TRUE
126473,4360698,HighSchool,2018,204,Joe Milton III,Olympia,Michigan,PRO,77.5,230,4,0.9202,Orlando,FL,USA,28.5421109,-81.3790304,12095,QB,Joe Milton III,QB,QB,Tennessee; Michigan,Southeastern Conference,2024,2025,6,TRUE
126474,4360289,HighSchool,2018,205,DaShaun White,Richland,Oklahoma,OLB,73,222,4,0.92,North Richland Hills,TX,USA,32.8342952,-97.2289029,48439,LB,DaShaun White,LB,LB,Oklahoma,Big Twelve Conference,2024,2024,NA,TRUE
126477,4361114,HighSchool,2018,208,Taki Taimani,East,Washington,OG,74,320,4,0.919,Salt Lake City,UT,USA,40.7596198,-111.8867975,49035,OL,Taki Taimani,DT,DL,Oregon; Washington,Pacific Twelve Conference,2024,2025,NA,TRUE
126478,4362847,HighSchool,2018,209,Jaycee Horn,Alpharetta,South Carolina,CB,72,190,4,0.9188,Alpharetta,GA,USA,34.0709576,-84.2747329,13121,DB,Jaycee Horn,CB,DB,South Carolina,Southeastern Conference,2021,2025,1,TRUE
126480,4362523,HighSchool,2018,211,Will Mallory,Providence,Miami,TE,77,207,4,0.9183,Jacksonville,FL,USA,30.3321838,-81.655651,12031,TE,Will Mallory,TE,TE,Miami,Atlantic Coast Conference,2023,2025,5,TRUE
126488,4361357,HighSchool,2018,219,Javontae Jean-Baptiste,Bergen Catholic,Ohio State,OLB,77,215,4,0.9168,Oradell,NJ,USA,40.9543943,-74.0308504,34003,LB,Javontae Jean-Baptiste,DE,DL,Notre Dame; Ohio State,Independent,2024,2025,7,TRUE
126489,4360259,HighSchool,2018,220,Nik Bonitto,St. Thomas Aquinas,Oklahoma,OLB,74.5,204,4,0.9167,Fort Lauderdale,FL,USA,26.1223084,-80.1433786,12011,LB,Nik Bonitto,LB,LB,Oklahoma,Big Twelve Conference,2022,2025,2,TRUE
126493,4361411,HighSchool,2018,224,Pat Freiermuth,Brooks School,Penn State,TE,77,250,4,0.9149,North Andover,MA,USA,42.6839894,-71.1127065,25009,TE,Pat Freiermuth,TE,TE,Penn State,Big Ten Conference,2021,2025,2,TRUE
126498,4372485,HighSchool,2018,229,Rondale Moore,Trinity,Purdue,WR,68.5,174,4,0.9123,Louisville,KY,USA,38.2542376,-85.759407,21111,WR,Rondale Moore,WR,WR,Purdue,Big Ten Conference,2021,2025,2,TRUE
126502,4361425,HighSchool,2018,233,Juice Scruggs,Cathedral Prep,Penn State,OC,75,270,4,0.9118,Erie,PA,USA,42.1294712,-80.0852695,42049,OTHER,Juice Scruggs,C,OL,Penn State,Big Ten Conference,2023,2025,2,TRUE
126507,4361419,HighSchool,2018,238,Jesse Luketa,Mercyhurst Preparatory School,Penn State,ILB,75,238,4,0.9113,Erie,PA,USA,42.1294712,-80.0852695,42049,LB,Jesse Luketa,LB,LB,Penn State,Big Ten Conference,2022,2025,7,TRUE
126508,4360469,HighSchool,2018,239,Amari Gainer,Lawton Chiles,Florida State,OLB,74.5,204,4,0.9112,Tallahassee,FL,USA,30.4380832,-84.2809332,12073,LB,Amari Gainer,LB,LB,North Carolina; Florida State,Atlantic Coast Conference,2024,2025,NA,TRUE
126510,4360761,HighSchool,2018,241,Michael Wilson,Chaminade,Stanford,WR,74,180,4,0.9106,West Hills,CA,USA,34.2032325,-118.645476,06037,WR,Michael Wilson,WR,WR,Stanford,Pacific Twelve Conference,2023,2025,3,TRUE
126511,4259568,HighSchool,2018,242,Divaad Wilson,Northwestern,Georgia,CB,72,180,4,0.9106,Miami,FL,USA,25.7742658,-80.1936589,12086,DB,Isaiah Wilson,OT,OL,Georgia,Southeastern Conference,2020,2021,1,TRUE
126512,4362642,HighSchool,2018,243,Chasen Hines,Marshall,LSU,DT,74.5,335,4,0.9105,Marshall,TX,USA,32.5447756,-94.3661004,48203,DL,Chasen Hines,G,OL,LSU,Southeastern Conference,2022,2024,6,TRUE
126518,4360271,HighSchool,2018,249,Tanner Mordecai,Midway,Oklahoma,DUAL,74.5,213,4,0.9092,Waco,TX,USA,31.549333,-97.1466695,48309,QB,Tanner Mordecai,QB,QB,Wisconsin; SMU; Oklahoma,Big Ten Conference,2024,2024,NA,TRUE
126523,4372523,HighSchool,2018,254,Jeremiah Martin,Cajon,Texas A&M,WDE,77,240,4,0.9083,San Bernardino,CA,USA,34.1083449,-117.2897652,06071,DL,Jeremiah Martin,DE,DL,Washington; Texas A&M,Pacific Twelve Conference,2023,2025,NA,TRUE
126526,4361331,HighSchool,2018,257,Jamien Sherwood,Jensen Beach,Auburn,S,74,195,4,0.9079,Jensen Beach,FL,USA,27.2379528,-80.23898988902575,12085,DB,Jamien Sherwood,LB,LB,Auburn,Southeastern Conference,2021,2025,5,TRUE
126530,4372519,HighSchool,2018,261,Jashaun Corbin,Rockledge,Texas A&M,APB,72,191,4,0.9074,Rockledge,FL,USA,28.313751500000002,-80.72421890178558,12009,RB,Jashaun Corbin,RB,RB,Florida State,Atlantic Coast Conference,2022,2025,NA,TRUE
126537,4372093,HighSchool,2018,268,Jalen Mayfield,Catholic Central,Michigan,OT,77,273,4,0.9062,Grand Rapids,MI,USA,42.9632405,-85.6678639,26081,OL,Jalen Mayfield,OT,OL,Michigan,Big Ten Conference,2021,2023,3,TRUE
126538,4362840,HighSchool,2018,269,Kingsley Enagbare,Hapeville Charter,South Carolina,SDE,76,257,4,0.9061,Atlanta,GA,USA,33.7490987,-84.3901849,13121,DL,Kingsley Enagbare,DE,DL,South Carolina,Southeastern Conference,2022,2025,5,TRUE
126541,4360326,HighSchool,2018,272,Pooka Williams Jr.,Hahnville,Kansas,APB,69,175,4,0.9055,Boutte,LA,USA,29.8951685,-90.38943007298417,22089,RB,Pooka Williams Jr.,RB,RB,Kansas,Big Twelve Conference,2021,2021,NA,TRUE
126546,4362631,HighSchool,2018,277,Micah Baskerville,Evangel Christian Academy,LSU,ILB,74,215,4,0.9044,Shreveport,LA,USA,32.5221828,-93.7651944,22017,LB,Micah Baskerville,LB,LB,LSU,Southeastern Conference,2023,2024,NA,TRUE
126551,4360749,HighSchool,2018,282,Thomas Booker,Gilman,Stanford,SDE,77,290,4,0.9032,Baltimore,MD,USA,39.2908816,-76.610759,24510,DL,Thomas Booker,DT,DL,Stanford,Pacific Twelve Conference,2022,2025,5,TRUE
126557,4367175,HighSchool,2018,288,Kyle Philips,San Marcos,UCLA,WR,71,176,4,0.9023,San Marcos,CA,USA,33.1433723,-117.1661449,06073,WR,Kyle Philips,WR,WR,UCLA,Pacific Twelve Conference,2022,2024,5,TRUE
126564,4360964,HighSchool,2018,295,Daniel Faalele,IMG Academy,Minnesota,OT,80,400,4,0.9008,Bradenton,FL,USA,27.4989278,-82.5748194,12081,OL,Daniel Faalele,G,OL,Minnesota,Big Ten Conference,2022,2025,4,TRUE
126568,4360082,HighSchool,2018,299,Leonard Taylor,Springfield,Cincinnati,TE,77.5,246,4,0.8999,Springfield,OH,USA,39.9242266,-83.8088172,39023,TE,Leonard Taylor,TE,TE,Cincinnati,American Athletic Conference,2023,2023,NA,TRUE
126570,4369838,HighSchool,2018,301,Bryce Thompson,Dutch Fork,Tennessee,ATH,72,180,4,0.8996,Irmo,SC,USA,34.08846885,-81.18021121302588,45063,ATH,Bryce Thompson,CB,DB,Tennessee,Southeastern Conference,2021,2022,NA,TRUE
126575,4379413,HighSchool,2018,306,Chris Smith,Hapeville Charter,Georgia,CB,70.5,169,4,0.8991,Atlanta,GA,USA,33.7490987,-84.3901849,13121,DB,Chris Smith II,S,DB,Georgia,Southeastern Conference,2023,2025,5,TRUE
126577,4360855,HighSchool,2018,308,Kana'i Mauga,Waianae,USC,OLB,74,215,4,0.899,Waianae,HI,USA,21.446678,-158.185272,15003,LB,Kana'i Mauga,ILB,LB,USC,Pacific Twelve Conference,2022,2025,NA,TRUE
126583,4362611,HighSchool,2018,314,Darian Kinnard,St Ignatius,Kentucky,OT,79,336,4,0.8981,Cleveland,OH,USA,41.5051613,-81.6934446,39035,OL,Darian Kinnard,OT,OL,Kentucky,Southeastern Conference,2022,2025,5,TRUE
126585,4379401,HighSchool,2018,316,John FitzPatrick,Marist School,Georgia,TE,78,230,4,0.8975,Atlanta,GA,USA,33.7490987,-84.3901849,13121,TE,John FitzPatrick,TE,TE,Georgia,Southeastern Conference,2022,2025,6,TRUE
126586,4361964,HighSchool,2018,317,Chamarri Conner,Trinity Christian Academy,Virginia Tech,S,72,193,4,0.8975,Jacksonville,FL,USA,30.3321838,-81.655651,12031,DB,Chamarri Conner,DB,DB,Virginia Tech,Atlantic Coast Conference,2023,2025,4,TRUE
126589,4372716,HighSchool,2018,320,Nikko Remigio,Mater Dei,California,WR,70,160,4,0.8971,Santa Ana,CA,USA,33.7494951,-117.8732213,06059,WR,Nikko Remigio,WR,WR,Fresno State,Mountain West Conference,2023,2025,NA,TRUE
126591,4362921,HighSchool,2018,322,Tyquan Thornton,Booker T. Washington,Baylor,WR,75,165,4,0.8971,Miami,FL,USA,25.7742658,-80.1936589,12086,WR,Tyquan Thornton,WR,WR,Baylor,Big Twelve Conference,2022,2025,2,TRUE
126595,4367195,HighSchool,2018,326,Tyler Manoa,St. Francis,UCLA,DT,77,260,4,0.8959,Hayward,CA,USA,37.6688205,-122.0807964,06001,DL,Tyler Manoa,DT,DL,Arizona; UCLA,Pacific Twelve Conference,2024,2024,NA,TRUE
126599,4372413,HighSchool,2018,330,Miles Battle,Cy Creek,Ole Miss,WR,76,188,4,0.8958,Houston,TX,USA,29.7589382,-95.3676974,48201,WR,Miles Battle,CB,DB,Utah; Mississippi,Pacific Twelve Conference,2024,2025,NA,TRUE
126604,4372091,HighSchool,2018,335,Ryan Hayes,Traverse City West,Michigan,OT,79,252,4,0.8958,Traverse City,MI,USA,44.7606441,-85.6165301,26055,OL,Ryan Hayes,OT,OL,Michigan,Big Ten Conference,2023,2025,7,TRUE
126606,4372576,HighSchool,2018,337,Jack Sanborn,Lake Zurich,Wisconsin,ILB,74,210,4,0.8949,Lake Zurich,IL,USA,42.1969689,-88.0934108,17097,LB,Jack Sanborn,LB,LB,Wisconsin,Big Ten Conference,2022,2025,NA,TRUE
126611,4362910,HighSchool,2018,342,Jaden Crumedy,Oak Grove,Mississippi State,WDE,77,240,4,0.8944,Hattiesburg,MS,USA,31.3271189,-89.2903392,28035,DL,Jaden Crumedy,DT,DL,Mississippi State,Southeastern Conference,2024,2025,6,TRUE
126616,4362845,HighSchool,2018,347,Jovaughn Gwyn,Harding University High,South Carolina,OG,74,291,4,0.8937,Charlotte,NC,USA,35.2272,-80.843083,37119,OL,Jovaughn Gwyn,G,OL,South Carolina,Southeastern Conference,2023,2025,7,TRUE
126619,4373266,HighSchool,2018,350,Antoine Green,Rockledge,North Carolina,WR,74,195,4,0.8935,Rockledge,FL,USA,28.313751500000002,-80.72421890178558,12009,WR,Antoine Green,WR,WR,North Carolina,Atlantic Coast Conference,2023,2024,7,TRUE
126620,4373028,HighSchool,2018,351,Connor Galvin,Katy,Baylor,OT,78,260,4,0.8928,Katy,TX,USA,29.7857853,-95.8243956,48157,OL,Connor Galvin,OT,OL,Baylor,Big Twelve Conference,2023,2024,NA,TRUE
126622,4362502,HighSchool,2018,353,DJ Ivey,South Dade,Miami,CB,72.5,171,4,0.8926,Homestead,FL,USA,25.4718946,-80.4759905,12086,DB,D.J. Ivey,CB,DB,Miami,Atlantic Coast Conference,2023,2025,7,TRUE
126626,4362636,HighSchool,2018,357,Damone Clark,Southern Lab,LSU,ILB,75,218,4,0.8923,Baton Rouge,LA,USA,30.4459596,-91.18738,22033,LB,Damone Clark,LB,LB,LSU,Southeastern Conference,2022,2025,5,TRUE
126629,4373678,HighSchool,2018,360,Khalil Shakir,Vista Murrieta,Boise State,ATH,73,175,4,0.8918,Murrieta,CA,USA,33.577752399999994,-117.18845420205307,06065,ATH,Khalil Shakir,WR,WR,Boise State,Mountain West Conference,2022,2025,5,TRUE
126636,4360939,HighSchool,2018,367,Rashod Bateman,Tift County,Minnesota,WR,73.5,180,4,0.8914,Tifton,GA,USA,31.4522765,-83.5096866,13277,WR,Rashod Bateman,WR,WR,Minnesota,Big Ten Conference,2021,2025,1,TRUE
126638,4372774,HighSchool,2018,369,Jarrett Patterson,Mission Viejo,Notre Dame,OT,77,285,4,0.8912,Mission Viejo,CA,USA,33.5965685,-117.659405,06059,OL,Jarrett Patterson,C,OL,Notre Dame,Independent,2023,2025,6,TRUE
126639,4372019,HighSchool,2018,370,Jerome Ford,Armwood,Alabama,APB,71,195,4,0.8909,TAMPA,FL,USA,27.9477595,-82.458444,12057,RB,Jerome Ford,RB,RB,Cincinnati; Alabama,American Athletic Conference,2022,2025,5,TRUE
126641,4361653,HighSchool,2018,372,Devin Leary,Timber Creek,NC State,PRO,73.5,189,4,0.8905,Sicklerville,NJ,USA,39.7173375,-74.9693329,34007,QB,Devin Leary,QB,QB,Kentucky; N.C. State,Southeastern Conference,2024,2024,6,TRUE
126643,4361988,HighSchool,2018,374,James Mitchell,Union,Virginia Tech,WR,76,218,4,0.8904,Big Stone Gap,VA,USA,36.860479,-82.78393414755436,51195,WR,James Mitchell,TE,TE,Virginia Tech,Atlantic Coast Conference,2022,2025,5,TRUE
126644,4369859,HighSchool,2018,375,Jerome Carvin,Cordova,Tennessee,OT,76,330,4,0.8904,Cordova,TN,USA,35.1556451,-89.7761955,47157,OL,Jerome Carvin,G,OL,Tennessee,Southeastern Conference,2023,2025,NA,TRUE
126652,4360803,HighSchool,2018,383,Marcus Riley,Rickards,Louisville,ATH,70,165,3,0.8891,Tallahassee,FL,USA,30.4380832,-84.2809332,12073,ATH,Marcus Riley,WR,WR,Florida A&M; Bethune-Cookman College,Southwestern Athletic Conference,2024,2024,NA,TRUE
126659,4362116,HighSchool,2018,390,Moro Ojomo,Katy,Texas,DT,75,280,3,0.8884,Katy,TX,USA,29.7857853,-95.8243956,48157,DL,Moro Ojomo,DT,DL,Texas,Big Twelve Conference,2023,2025,7,TRUE
126660,4373017,HighSchool,2018,391,Kalon Barnes,Silsbee,Baylor,WR,71,172,3,0.8884,Silsbee,TX,USA,30.3490978,-94.1779626,48199,WR,Kalon Barnes,CB,DB,Baylor,Big Twelve Conference,2022,2023,7,TRUE
126661,4361332,HighSchool,2018,392,Shedrick Jackson,Hoover,Auburn,WR,73.5,195,3,0.8884,Hoover,AL,USA,33.3848933,-86.8070484,01073,WR,Shedrick Jackson,WR,WR,Auburn,Southeastern Conference,2023,2025,NA,TRUE
126662,4372741,HighSchool,2018,393,McCallan Castles,South Tahoe,California,TE,77,230,3,0.8884,South Lake Tahoe,CA,USA,38.9332411,-119.9843482,06017,TE,McCallan Castles,TE,TE,Tennessee; UC Davis; California,Southeastern Conference,2024,2025,NA,TRUE
126668,4361370,HighSchool,2018,399,Chris Olave,Mission Hills,Ohio State,WR,73,170,3,0.8875,San Marcos,CA,USA,33.1433723,-117.1661449,06073,WR,Chris Olave,WR,WR,Ohio State,Big Ten Conference,2022,2025,1,TRUE
126669,4367180,HighSchool,2018,400,Kazmeir Allen,Tulare Union,UCLA,APB,70,185,3,0.8875,Tulare,CA,USA,36.2077351,-119.3473421,06107,RB,Kazmeir Allen,WR,WR,UCLA,Pacific Twelve Conference,2023,2024,NA,TRUE
126673,4360692,HighSchool,2018,404,Verone McKinley III,Hebron,Oregon,CB,70,170,3,0.8871,Carrollton,TX,USA,32.9537349,-96.8902816,48113,DB,Verone McKinley III,SAF,DB,Oregon,Pacific Twelve Conference,2022,2023,NA,TRUE
126676,4373268,HighSchool,2018,407,Chris Collins,Benedictine,North Carolina,WDE,77,212,3,0.8871,Richmond,VA,USA,37.5385087,-77.43428,51760,DL,Chris Collins,LB,LB,Minnesota; North Carolina,Big Ten Conference,2024,2024,NA,TRUE
126678,4360499,HighSchool,2018,409,Tyler Linderbaum,Solon,Iowa,DT,74,255,3,0.8869,Solon,IA,USA,41.8072344,-91.4940604,19103,DL,Tyler Linderbaum,C,OL,Iowa,Big Ten Conference,2022,2025,1,TRUE
126681,4360086,HighSchool,2018,412,Josh Whyle,LaSalle,Cincinnati,TE,78,215,3,0.8863,Cincinnati,OH,USA,39.1014537,-84.5124602,39061,TE,Josh Whyle,TE,TE,Cincinnati,American Athletic Conference,2023,2025,5,TRUE
126684,4361101,HighSchool,2018,415,Jackson Sirmon,Brentwood Academy,Washington,OLB,74,224,3,0.8863,Brentwood,TN,USA,36.0325687,-86.7825235,47187,LB,Jackson Sirmon,LB,LB,California; Washington,Pacific Twelve Conference,2024,2025,NA,TRUE
126693,4381558,HighSchool,2018,424,Jordan Davis,Mallard Creek,Georgia,DT,78,330,3,0.8858,Charlotte,NC,USA,35.2272,-80.843083,37119,DL,Jordan Davis,DT,DL,Georgia,Southeastern Conference,2022,2025,1,TRUE
126695,4360745,HighSchool,2018,426,Kendall Williamson,Brookwood,Stanford,CB,73,185,3,0.8854,Snellville,GA,USA,33.857328,-84.0199108,13135,DB,Kendall Williamson,SAF,DB,Stanford,Pacific Twelve Conference,2023,2025,7,TRUE
126705,4362905,HighSchool,2018,436,Fabien Lovett Sr.,Olive Branch,Mississippi State,SDE,75,285,3,0.8842,Vicksburg,MS,USA,32.3528418,-90.8777342,28149,DL,Fabien Lovett Sr.,DT,DL,Florida State; Mississippi State,Atlantic Coast Conference,2024,2025,NA,TRUE
126709,4241398,HighSchool,2018,440,Jaylon Robinson,All Saints Episcopal,Oklahoma,ATH,70,170,3,0.8837,Fort Worth,TX,USA,32.753177,-97.3327459,48439,ATH,Tyrese Robinson,G,OL,Oklahoma,Big Twelve Conference,2022,2024,NA,TRUE
126717,4362650,HighSchool,2018,448,Jaray Jenkins,Jena,LSU,WR,73,175,3,0.8828,Jena,LA,USA,31.6832271,-92.1337448,22059,WR,Jaray Jenkins,WR,WR,LSU,Southeastern Conference,2024,2024,NA,TRUE
126728,4382464,HighSchool,2018,459,Michael Dowell,St. Edward,Michigan State,S,72,195,3,0.8817,Lakewood,OH,USA,41.4819932,-81.7981908,39035,DB,Michael Dowell,SAF,DB,Miami (Ohio); Michigan State,Mid-American Conference,2024,2024,NA,TRUE
126740,4372533,HighSchool,2018,471,Tyree Wilson,West Rusk,Texas A&M,WDE,77.5,230,3,0.8813,New London,TX,USA,32.237752,-94.9409173,48401,DL,Tyree Wilson,DE,DL,Texas Tech,Big Twelve Conference,2023,2025,1,TRUE
126745,4361112,HighSchool,2018,476,Devin Culp,Gonzaga Preparatory School,Washington,WR,75,235,3,0.8809,Spokane,WA,USA,47.6579425,-117.4212265,53063,WR,Devin Culp,TE,TE,Washington,Pacific Twelve Conference,2024,2025,7,TRUE
126747,4361024,HighSchool,2018,478,Mika Tafua,Kamehameha Schools Maui,Utah,WDE,75,210,3,0.8809,Makawao,HI,USA,20.8539162,-156.3103925,15009,DL,Mika Tafua,DE,DL,Utah,Pacific Twelve Conference,2022,2022,NA,TRUE
126754,4362506,HighSchool,2018,485,Gregory Rousseau,Champagnat Catholic - Hialeah,Miami,WDE,78,222,3,0.8804,Hialeah,FL,USA,25.8575963,-80.2781057,12086,DL,Greg Rousseau,DE,DL,Miami,Atlantic Coast Conference,2021,2025,1,TRUE
126755,4362015,HighSchool,2018,486,Mike Edwards,South View,Wake Forest,OT,78,285,3,0.8802,Hope Mills,NC,USA,34.9704419,-78.9453056,37051,OL,Mike Edwards,OL,OL,Campbell University; Wake Forest,Colonial Athletic Association,2024,2024,NA,TRUE
126759,4372780,HighSchool,2018,490,Tommy Tremble,Wesleyan School,Notre Dame,TE,76,225,3,0.8797,Norcross,GA,USA,33.9412127,-84.2135309,13135,TE,Tommy Tremble,TE,TE,Notre Dame,Independent,2021,2025,3,TRUE
126764,4360115,HighSchool,2018,495,Slade Bolden,West Monroe,Alabama,APB,71,198,3,0.8796,West Monroe,LA,USA,32.5184775,-92.1476353,22073,RB,Slade Bolden,WR,WR,Alabama,Southeastern Conference,2022,2022,NA,TRUE
126799,4360635,HighSchool,2018,530,Chigoziem Okonkwo,Hillgrove,Maryland,TE,75,224,3,0.8763,Powder Springs,GA,USA,33.8595492,-84.683824,13067,TE,Chig Okonkwo,TE,TE,Maryland,Big Ten Conference,2022,2025,4,TRUE
126805,4362841,HighSchool,2018,536,Deshaun Fenwick,Braden River,South Carolina,APB,75,208,3,0.8763,Bradenton,FL,USA,27.4989278,-82.5748194,12081,RB,DeShaun Fenwick,RB,RB,Oregon State; South Carolina,Pacific Twelve Conference,2024,2024,NA,TRUE
126807,4360475,HighSchool,2018,538,Chigozie Anusiem,Sonora,California,S,74,171,3,0.8762,La Habra,CA,USA,33.9330156,-117.944777,06059,DB,Chigozie Anusiem,DB,DB,Colorado State; California,Mountain West Conference,2024,2025,NA,TRUE
126809,4360174,HighSchool,2018,540,Michael Woods II,Magnolia,Arkansas,WR,73,188,3,0.8756,Magnolia,TX,USA,30.2093794,-95.7507815,48339,WR,Mike Woods,WR,WR,Oklahoma; Arkansas,Big Twelve Conference,2022,2025,6,TRUE
126812,4360131,HighSchool,2018,543,Holton Ahlers,D H Conley,East Carolina,DUAL,75.5,235,3,0.8755,Greenville,NC,USA,35.612661,-77.3663538,37147,QB,Holton Ahlers,QB,QB,East Carolina,American Athletic Conference,2023,2023,NA,TRUE
126814,4361326,HighSchool,2018,545,Ovie Oghoufo,Harrison,Notre Dame,OLB,75,215,3,0.8755,Farmington,MI,USA,42.4644795,-83.3763219,27037,LB,Ovie Oghoufo,DE,DL,LSU; Texas; Notre Dame,Southeastern Conference,2024,2024,NA,TRUE
126817,4360423,HighSchool,2018,548,Michael Penix Jr.,Tampa Bay Tech,Indiana,PRO,74,195,3,0.8749,Tampa,FL,USA,27.9477595,-82.458444,12057,QB,Michael Penix Jr.,QB,QB,Washington; Indiana,Pacific Twelve Conference,2024,2025,1,TRUE
126832,4569510,HighSchool,2018,563,John Jackson III,Junipero Serra,USC,WR,73,180,3,0.8742,Gardena,CA,USA,33.8963593,-118.3053037,06037,WR,John Jackson,WR,WR,Nevada; USC,Mountain West Conference,2024,2024,NA,TRUE
126851,4362489,HighSchool,2018,582,John Stephens,Logansport,TCU,ATH,76,206,3,0.8735,Logansport,LA,USA,31.975445,-93.9979678,18017,ATH,John Stephens Jr.,TE,TE,Louisiana-Lafayette; TCU,Sun Belt Conference,2023,2025,NA,TRUE
126857,4362603,HighSchool,2018,588,Brenden Bates,Archbishop Moeller,Kentucky,TE,77,230,3,0.873,Cincinnati,OH,USA,39.1014537,-84.5124602,39061,TE,Brenden Bates,TE,TE,Kentucky,Southeastern Conference,2024,2025,NA,TRUE
126867,4360638,HighSchool,2018,598,Durell Nchami,Paint Branch,Maryland,OLB,75,217,3,0.8727,Burtonsville,MD,USA,39.1112193,-76.9324752,24031,LB,Durell Nchami,DE,DL,Maryland,Big Ten Conference,2023,2025,NA,TRUE
126880,4362260,HighSchool,2018,611,Carter Bradley,Providence,Toledo,PRO,75,208,3,0.8718,Jacksonville,FL,USA,30.3321838,-81.655651,12031,QB,Carter Bradley,QB,QB,South Alabama; Toledo,Sun Belt Conference,2024,2025,NA,TRUE
126883,4371946,HighSchool,2018,614,Reese Taylor,Ben Davis,Indiana,ATH,71,175,3,0.8714,Indianapolis,IN,USA,39.7683331,-86.1583502,18097,ATH,Reese Taylor,CB,DB,Purdue,Big Ten Conference,2023,2025,NA,TRUE
126884,4361346,HighSchool,2018,615,Alex Williams,Pickerington North,Ohio State,WDE,79,250,3,0.8713,Pickerington,OH,USA,39.896277299999994,-82.77319049748806,39045,DL,Alex Williams,DE,DL,Middle Tennessee State; Vanderbilt; Ohio State,Conference USA,2025,2025,NA,TRUE
126887,4361824,HighSchool,2018,618,Tanner McCalister,Rockwall-Heath,Oklahoma State,CB,71,182,3,0.871,Rockwall,TX,USA,32.9312336,-96.4597089,48397,DB,Tanner McCalister,SAF,DB,Ohio State; Oklahoma State,Big Ten Conference,2023,2025,NA,TRUE
126893,4372070,HighSchool,2018,624,Ben VanSumeren,Garber,Michigan,ATH,75,228,3,0.8709,Essexville,MI,USA,43.6153,-83.841919,26017,ATH,Ben VanSumeren,RB,RB,Michigan State; Michigan,Big Ten Conference,2023,2025,NA,TRUE
126914,4372098,HighSchool,2018,645,Julius Welschof,Germany,Michigan,SDE,78,248,3,0.8694,Germany,GERM,USA,NA,NA,NA,DL,Julius Welschof,LB,LB,Charlotte,American Athletic Conference,2024,2025,NA,TRUE
126916,4367210,HighSchool,2018,647,Otito Ogbonnia,Taylor,UCLA,DT,75,300,3,0.8689,Katy,TX,USA,29.7857853,-95.8243956,48157,DL,Otito Ogbonnia,DT,DL,UCLA,Pacific Twelve Conference,2022,2025,5,TRUE
126920,4362492,HighSchool,2018,651,ArDarius Washington,Evangel Christian Academy,TCU,S,68,175,3,0.8689,Shreveport,LA,USA,32.5221828,-93.7651944,22017,DB,Ar'Darius Washington,SAF,DB,TCU,Big Twelve Conference,2021,2025,NA,TRUE
126921,4361418,HighSchool,2018,652,Will Levis,Xavier,Penn State,PRO,76,222,3,0.8689,Middletown,CT,USA,41.5623178,-72.6509061,09007,QB,Will Levis,QB,QB,Kentucky; Penn State,Southeastern Conference,2023,2025,2,TRUE
126923,4361272,HighSchool,2018,654,Eku Leota,Asheville,Northwestern,WDE,75,220,3,0.8689,Asheville,NC,USA,35.6009498,-82.5540161,37021,DL,Eku Leota,LB,LB,Auburn,Southeastern Conference,2023,2025,NA,TRUE
126924,4362855,HighSchool,2018,655,Israel Mukuamu,Parkway,South Carolina,S,77,187,3,0.8688,Bossier City,LA,USA,32.5369356,-93.6952689,22015,DB,Israel Mukuamu,CB,DB,South Carolina,Southeastern Conference,2021,2025,6,TRUE
126933,4362895,HighSchool,2018,664,Nathaniel Watson,Maplesville,Mississippi State,ATH,75,200,3,0.8681,Maplesville,AL,USA,32.7884608,-86.8716549,01021,ATH,Nathaniel Watson,LB,LB,Mississippi State,Southeastern Conference,2024,2025,6,TRUE
126934,4361529,HighSchool,2018,665,Isaih Pacheco,Vineland South,Rutgers,RB,71,190,3,0.8681,Vineland,NJ,USA,39.4862777,-75.0254256,34011,RB,Isiah Pacheco,RB,RB,Rutgers,Big Ten Conference,2022,2025,7,TRUE
126936,4360572,HighSchool,2018,667,Charlie Thomas,Thomasville,Georgia Tech,S,74,190,3,0.8681,Thomasville,GA,USA,30.8365815,-83.9787808,13275,DB,Charlie Thomas,LB,LB,Georgia Tech,Atlantic Coast Conference,2023,2023,NA,TRUE
126967,4361266,HighSchool,2018,698,Greg Newsome,IMG Academy,Northwestern,CB,73,170,3,0.8667,Carol Stream,IL,USA,41.9125286,-88.1347927,17043,DB,Greg Newsome II,CB,DB,Northwestern,Big Ten Conference,2021,2025,1,TRUE
126969,4372074,HighSchool,2018,700,Vincent Gray,Adams,Michigan,CB,74,180,3,0.8667,Rochester,MI,USA,42.680588,-83.1338214,27109,DB,Vincent Gray,DB,DB,Michigan,Big Ten Conference,2022,2023,NA,TRUE
126978,4429939,HighSchool,2018,709,Jawhar Jordan,Hamilton,Syracuse,APB,70,160,3,0.866,Chandler,AZ,USA,33.3062223,-111.8413317,04013,RB,Jawhar Jordan,RB,RB,Louisville; Syracuse,Atlantic Coast Conference,2024,2025,6,TRUE
126986,4360644,HighSchool,2018,717,Daniel Arias,Jackson,Colorado,WR,76,195,3,0.8654,Bothell,WA,USA,47.7598697,-122.2068288,53033,WR,Daniel Arias,WR,WR,Colorado,Pacific Twelve Conference,2023,2023,NA,TRUE
126993,4362103,HighSchool,2018,724,Christian Jones,Cy Woods,Texas,OT,78,285,3,0.8647,Cypress,TX,USA,29.9691116,-95.6971686,48201,OL,Christian Jones,OT,OL,Texas,Big Twelve Conference,2024,2025,5,TRUE
126997,4360797,HighSchool,2018,728,Tutu Atwell,Northwestern,Louisville,ATH,68,155,3,0.8646,Miami,FL,USA,25.7742658,-80.1936589,12086,ATH,Tutu Atwell,WR,WR,Louisville,Atlantic Coast Conference,2021,2025,2,TRUE
127013,4360935,HighSchool,2018,744,Terell Smith,South Gwinnett,Minnesota,CB,72,170,3,0.8636,Snellville,GA,USA,33.857328,-84.0199108,13135,DB,Terell Smith,CB,DB,Minnesota,Big Ten Conference,2023,2025,5,TRUE
127015,4362486,HighSchool,2018,746,Ochaun Mathis,Manor,TCU,WDE,77,235,3,0.8635,Manor,TX,USA,30.3407629,-97.5569456,48453,DL,Ochaun Mathis,LB,LB,Nebraska; TCU,Big Ten Conference,2023,2025,6,TRUE
127019,4382466,HighSchool,2018,750,Jalen Nailor,Bishop Gorman,Michigan State,WR,71,170,3,0.8635,Las Vegas,NV,USA,36.1672559,-115.1485163,32003,WR,Jalen Nailor,WR,WR,Michigan State,Big Ten Conference,2022,2025,6,TRUE
127020,4372062,HighSchool,2018,751,Michael Barrett,Lowndes,Michigan,ATH,71.5,215,3,0.8635,Valdosta,GA,USA,30.8327022,-83.2784851,13185,ATH,Michael Barrett,LB,LB,Michigan,Big Ten Conference,2024,2024,7,TRUE
127022,4360413,HighSchool,2018,753,Shaka Heyward,Mill Creek,Duke,OLB,76,215,3,0.8635,Hoschton,GA,USA,34.096496,-83.7612839,13157,LB,Shaka Heyward,LB,LB,Duke,Atlantic Coast Conference,2023,2025,NA,TRUE
127023,4362227,HighSchool,2018,754,Bryce Ford-Wheaton,Holly Springs,West Virginia,WR,75,191,3,0.8635,Holly Springs,NC,USA,35.6512655,-78.8336218,37183,WR,Bryce Ford-Wheaton,WR,WR,West Virginia,Big Twelve Conference,2023,2025,NA,TRUE
127026,4373030,HighSchool,2018,757,Ben Sims,Clark,Baylor,TE,77,241,3,0.8634,San Antonio,TX,USA,29.4246002,-98.4951405,48029,TE,Ben Sims,TE,TE,Baylor,Big Twelve Conference,2023,2025,NA,TRUE
127036,4361994,HighSchool,2018,767,Sam Hartman,Oceanside Collegiate Academy,Wake Forest,PRO,72.5,186,3,0.8626,Mount Pleasant,SC,USA,32.7940651,-79.8625851,45019,QB,Sam Hartman,QB,QB,Notre Dame; Wake Forest,Independent,2024,2025,NA,TRUE
127046,4374033,HighSchool,2018,777,Jermar Jefferson,Narbonne,Oregon State,RB,70,188,3,0.8619,Redondo Beach,CA,USA,33.8455911,-118.3886766,06037,RB,Jermar Jefferson,RB,RB,Oregon State,Pacific Twelve Conference,2021,2025,7,TRUE
127047,4367203,HighSchool,2018,778,Alec Anderson,Etiwanda,UCLA,OT,77,283,3,0.8618,Rancho Cucamonga,CA,USA,34.1033192,-117.5751735,06071,OL,Alec Anderson,OT,OL,UCLA,Pacific Twelve Conference,2022,2025,NA,TRUE
127056,4361767,HighSchool,2018,787,Will McDonald,North,Iowa State,WDE,76,220,3,0.8614,Waukesha,WI,USA,43.0116784,-88.2314813,55133,DL,Will McDonald IV,DE,DL,Iowa State,Big Twelve Conference,2023,2025,1,TRUE
127062,4360203,HighSchool,2018,793,Elijah Jones,Cardinal Hayes,Boston College,ATH,75,175,3,0.8614,Bronx,NY,USA,40.85048545,-73.84040355802088,36005,ATH,Elijah Jones,CB,DB,Boston College,Atlantic Coast Conference,2024,2025,3,TRUE
127065,4372096,HighSchool,2018,796,Luke Schoonmaker,Hamden Hall,Michigan,TE,78,225,3,0.8614,Hamden,CT,USA,41.3959287,-72.8968716,09009,TE,Luke Schoonmaker,TE,TE,Michigan,Big Ten Conference,2023,2025,2,TRUE
127072,4373020,HighSchool,2018,803,Mark Milton,Clear Brook,Baylor,ATH,73,175,3,0.8608,Friendswood,TX,USA,29.5293998,-95.2010447,48167,ATH,Mark Milton,CB,DB,Baylor,Big Twelve Conference,2023,2023,NA,TRUE
127074,4360967,HighSchool,2018,805,Brevyn Spann-Ford,St. Cloud Technical,Minnesota,TE,78,233,3,0.8606,St. Cloud,MN,USA,45.5616075,-94.1642004,27145,TE,Brevyn Spann-Ford,TE,TE,Minnesota,Big Ten Conference,2024,2025,NA,TRUE
127076,4361835,HighSchool,2018,807,Jason Taylor,Carl Albert,Oklahoma State,S,72,180,3,0.8606,Oklahoma City,OK,USA,35.4729886,-97.5170536,40109,DB,Jason Taylor II,SAF,DB,Oklahoma State,Big Twelve Conference,2023,2024,7,TRUE
127082,4360807,HighSchool,2018,813,Yasir Abdullah,Miami Carol City,Louisville,OLB,73,220,3,0.8602,Opa Locka,FL,USA,25.896733849999997,-80.25949640850294,12086,LB,Yasir Abdullah,LB,LB,Louisville,Atlantic Coast Conference,2023,2025,5,TRUE
127083,4570485,HighSchool,2018,814,Joshua Gray,Rancho Cucamonga,Oregon State,OT,76,245,3,0.8602,Rancho Cucamonga,CA,USA,34.1033192,-117.5751735,06071,OL,Joshua Gray,G,OL,Oregon State,Pacific Twelve Conference,2025,2025,NA,TRUE
127088,4360319,HighSchool,2018,819,Jordan McFadden,Dorman,Clemson,OT,76,290,3,0.8601,Roebuck,SC,USA,34.8826085,-81.96547100908059,45083,OL,Jordan McFadden,G,OL,Clemson,Atlantic Coast Conference,2023,2025,5,TRUE
127090,4361979,HighSchool,2018,821,Luke Tenuta,Western Albemarle,Virginia Tech,OT,81,278,3,0.8601,Crozet,VA,USA,38.0695816,-78.7005751,51003,OL,Luke Tenuta,OT,OL,Virginia Tech,Atlantic Coast Conference,2022,2025,6,TRUE
127096,4360175,HighSchool,2018,827,Clayton Tune,Hebron,Houston,PRO,74.5,200,3,0.8601,Carrollton,TX,USA,32.9537349,-96.8902816,48113,QB,Clayton Tune,QB,QB,Houston,American Athletic Conference,2023,2025,5,TRUE
127108,4361741,HighSchool,2018,839,Brock Purdy,Perry,Iowa State,PRO,73,200,3,0.8594,Gilbert,AZ,USA,33.3527632,-111.7890373,04013,QB,Brock Purdy,QB,QB,Iowa State,Big Twelve Conference,2022,2025,7,TRUE
127111,4361861,HighSchool,2018,842,Tyler Lacy,Sachse,Oklahoma State,SDE,76,238,3,0.8593,Sachse,TX,USA,32.9762327,-96.5952703,48113,DL,Tyler Lacy,DE,DL,Oklahoma State,Big Twelve Conference,2023,2025,4,TRUE
127120,4371954,HighSchool,2018,851,Jaylin Williams,Germantown,Indiana,CB,72,180,3,0.859,Germantown,TN,USA,35.0867577,-89.8100858,47157,DB,Jaylin Williams,DB,DB,Indiana,Big Ten Conference,2023,2024,NA,TRUE
127124,4361094,HighSchool,2018,855,Dominique Hampton,Centennial,Washington,CB,74,197,3,0.8586,Peoria,AZ,USA,33.5806115,-112.2372942,04013,DB,Dominique Hampton,SAF,DB,Washington,Pacific Twelve Conference,2024,2025,5,TRUE
127128,4372595,HighSchool,2018,859,Christian Young,Foster,Arizona,S,73,201,3,0.8584,Richmond,TX,USA,29.5821811,-95.7607832,48157,DB,Christian Young,SAF,DB,Arizona,Pacific Twelve Conference,2023,2023,NA,TRUE
127136,4362770,HighSchool,2018,867,Messiah Swinson,Long Island Lutheran,Missouri,TE,80,232,3,0.858,Glen Head,NY,USA,40.84348675,-73.62581450092935,36059,TE,Messiah Swinson,TE,TE,Arizona State; Missouri,Big Twelve Conference,2024,2025,NA,TRUE
127141,4372561,HighSchool,2018,872,Isaac Guerendo,Avon,Wisconsin,WR,73,190,3,0.858,Avon,IN,USA,39.7628227,-86.3997168,18063,WR,Isaac Guerendo,RB,RB,Louisville; Wisconsin,Atlantic Coast Conference,2024,2025,4,TRUE
127150,4382481,HighSchool,2018,881,Dashaun Mallory,Bolingbrook,Michigan State,DT,75,310,3,0.8577,Bolingbrook,IL,USA,41.7003302,-88.0717708,17197,DL,Dashaun Mallory,DT,DL,Arizona State; Michigan State,Pacific Twelve Conference,2024,2024,NA,TRUE
127153,4372560,HighSchool,2018,884,Rachad Wildgoose Jr.,Northwestern,Wisconsin,S,71,190,3,0.8574,Miami,FL,USA,25.7742658,-80.1936589,12086,DB,Rachad Wildgoose,CB,DB,Wisconsin,Big Ten Conference,2021,2022,6,TRUE
127158,4360799,HighSchool,2018,889,Jordan Travis,The Benjamin School,Louisville,DUAL,74,185,3,0.8572,North Palm Beach,FL,USA,26.8237944,-80.05592659756701,12099,QB,Jordan Travis,QB,QB,Florida State; Louisville,Atlantic Coast Conference,2024,2024,5,TRUE
127163,4360287,HighSchool,2018,894,Delarrin Turner-Yell,Hempstead,Oklahoma,S,70,170,3,0.8569,Hempstead,TX,USA,30.0929491,-96.0806548,48473,DB,Delarrin Turner-Yell,SAF,DB,Oklahoma,Big Twelve Conference,2022,2025,5,TRUE
127173,4361651,HighSchool,2018,904,Tanner Ingle,Dr. Phillips,NC State,CB,69,180,3,0.8567,Orlando,FL,USA,28.5421109,-81.3790304,12095,DB,Tanner Ingle,SAF,DB,N.C. State,Atlantic Coast Conference,2023,2025,NA,TRUE
127179,4362917,HighSchool,2018,910,JT Woods,Steele,Baylor,S,74,175,3,0.8559,Cibolo,TX,USA,29.5707831,-98.2330927,48187,DB,JT Woods,SAF,DB,Baylor,Big Twelve Conference,2022,2025,3,TRUE
127190,4362999,HighSchool,2018,921,Spencer Burford,Wagner,UTSA,OT,75,289,3,0.8555,San Antonio,TX,USA,29.4246002,-98.4951405,48029,OL,Spencer Burford,OT,OL,Texas-San Antonio,Conference USA,2022,2025,4,TRUE
127195,4362851,HighSchool,2018,926,Ernest Jones,Ware County,South Carolina,OLB,74,205,3,0.8552,Waycross,GA,USA,31.2135511,-82.3540178,13299,LB,Ernest Jones,LB,LB,South Carolina,Southeastern Conference,2021,2025,3,TRUE
127198,4361939,HighSchool,2018,929,Andre Cisco,IMG Academy,Syracuse,S,72,186,3,0.8552,Bradenton,FL,USA,27.4989278,-82.5748194,12081,DB,Andre Cisco,SAF,DB,Syracuse,Atlantic Coast Conference,2021,2025,3,TRUE
127204,4373280,HighSchool,2018,935,Joshua Ezeudu,Archer,North Carolina,OT,76.5,295,3,0.8551,Lawrenceville,GA,USA,33.9562149,-83.9879625,13135,OL,Joshua Ezeudu,G,OL,North Carolina,Atlantic Coast Conference,2022,2025,3,TRUE
127218,4374045,HighSchool,2018,949,Teagan Quitoriano,Sprague,Oregon State,ATH,79,250,3,0.8546,Salem,OR,USA,44.9391565,-123.033121,41047,ATH,Teagan Quitoriano,TE,TE,Oregon State,Pacific Twelve Conference,2022,2025,5,TRUE
127220,4371959,HighSchool,2018,951,Cam Jones,St. Benedict at Auburndale,Indiana,ATH,75,215,3,0.8543,Cordova,TN,USA,35.1556451,-89.7761955,47157,ATH,Cam Jones,LB,LB,Indiana,Big Ten Conference,2023,2025,NA,TRUE
127221,4360063,HighSchool,2018,952,Lorenz Metz,Germany,Cincinnati,ATH,81,280,3,0.8543,Germany,GERM,USA,NA,NA,NA,ATH,Lorenz Metz,OT,OL,Cincinnati,American Athletic Conference,2024,2025,NA,TRUE
127227,4361259,HighSchool,2018,958,Zach Wilson,Corner Canyon,BYU,PRO,75,200,3,0.854,Draper,UT,USA,40.5246711,-111.8638226,49035,QB,Zach Wilson,QB,QB,BYU,Independent,2021,2025,1,TRUE
127233,4362010,HighSchool,2018,964,Michael Jurgens,Damascus,Wake Forest,OG,76,272,3,0.854,Damascus,MD,USA,39.2884381,-77.2038717,24031,OL,Michael Jurgens,G,OL,Wake Forest,Atlantic Coast Conference,2024,2025,7,TRUE
127244,4372071,HighSchool,2018,975,Hassan Haskins,Eureka,Michigan,RB,73,210,3,0.8539,Eureka,MO,USA,38.5025537,-90.6279044,29189,RB,Hassan Haskins,RB,RB,Michigan,Big Ten Conference,2022,2025,4,TRUE
127252,4362477,HighSchool,2018,983,Derius Davis,West Feliciana,TCU,CB,69,160,3,0.8532,Saint Francisville,LA,USA,30.7881,-91.3768,29045,DB,Derius Davis,WR,WR,TCU,Big Twelve Conference,2023,2025,4,TRUE
127253,4373087,HighSchool,2018,984,Lance Robinson,De La Salle,Kansas State,S,70,181,3,0.8532,New Orleans,LA,USA,29.9499323,-90.0701156,22071,DB,Lance Robinson,CB,DB,Tulane; Kansas State,American Athletic Conference,2024,2024,NA,TRUE
127258,4371973,HighSchool,2018,989,Roger McCreary,Williamson,Auburn,CB,71,178,3,0.8532,Mobile,AL,USA,30.6943566,-88.0430541,01097,DB,Roger McCreary,CB,DB,Auburn,Southeastern Conference,2022,2025,2,TRUE
127260,4373320,HighSchool,2018,991,Erick Hallett,Cy-Fair,Pittsburgh,CB,71,175,3,0.8531,Cypress,TX,USA,29.9691116,-95.6971686,48201,DB,Erick Hallett,SAF,DB,Pittsburgh,Atlantic Coast Conference,2023,2025,6,TRUE
127264,4361660,HighSchool,2018,995,Trent Pennix,Sanderson,NC State,RB,74,200,3,0.853,Raleigh,NC,USA,35.7803977,-78.6390989,37183,RB,Trent Pennix,RB,RB,N.C. State,Atlantic Coast Conference,2024,2024,NA,TRUE
127272,4373634,HighSchool,2018,1003,Dallin Holker,Lehi,BYU,TE,77,222,3,0.8527,Lehi,UT,USA,40.3880902,-111.8491619,49049,TE,Dallin Holker,TE,TE,Colorado State; BYU,Mountain West Conference,2024,2024,NA,TRUE
127278,4361528,HighSchool,2018,1009,Raiqwon O'Neal,Conway,Rutgers,OT,77,270,3,0.8527,Conway,SC,USA,33.8360035,-79.0478143,45051,OL,Raiqwon O'Neal,OT,OL,UCLA,Pacific Twelve Conference,2023,2025,NA,TRUE
127281,4361189,HighSchool,2018,1012,Casey Rogers,Old Farms,Nebraska,SDE,77,250,3,0.8526,Avon,CT,USA,41.8098209,-72.8306541,09003,DL,Casey Rogers,DT,DL,Oregon; Nebraska,Pacific Twelve Conference,2024,2025,NA,TRUE
127291,4373471,HighSchool,2018,1022,Brennan Jackson,Great Oak,Washington State,WDE,76,238,3,0.8519,Temecula,CA,USA,33.4946353,-117.1473661,06065,DL,Brennan Jackson,LB,LB,Washington State,Pacific Twelve Conference,2024,2025,5,TRUE
127296,4360805,HighSchool,2018,1027,Hassan Hall,Maynard Jackson,Louisville,RB,71,190,3,0.8519,Atlanta,GA,USA,33.7490987,-84.3901849,13121,RB,Hassan Hall,RB,RB,Georgia Tech; Louisville,Atlantic Coast Conference,2023,2024,NA,TRUE
127312,4360080,HighSchool,2018,1043,Myjai Sanders,Raines,Cincinnati,WDE,76,223,3,0.8513,Jacksonville,FL,USA,30.3321838,-81.655651,12031,DL,Myjai Sanders,LB,LB,Cincinnati,American Athletic Conference,2022,2023,3,TRUE
127318,4373079,HighSchool,2018,1049,KT Leveston Jr.,Midway,Kansas State,OT,77,290,3,0.851,Waco,TX,USA,31.549333,-97.1466695,48309,OL,KT Leveston,OT,OL,Kansas State,Big Twelve Conference,2024,2025,7,TRUE
127320,4362858,HighSchool,2018,1051,Darius Rush,C E Murray Hi,South Carolina,WR,74,172,3,0.8506,Greeleyville,SC,USA,33.5809988,-79.9889654,45089,WR,Darius Rush,CB,DB,South Carolina,Southeastern Conference,2023,2025,5,TRUE
127323,4372056,HighSchool,2018,1054,Spencer Anderson,Bishop McNamara,Maryland,OT,77,270,3,0.8506,District Heights,MD,USA,38.8576128,-76.8894171,24033,OL,Spencer Anderson,G,OL,Maryland,Big Ten Conference,2023,2025,7,TRUE
127334,4362474,HighSchool,2018,1065,Esteban Avila,South Grand Prairie,TCU,OG,76,308,3,0.8502,Grand Prairie,TX,USA,32.657368000000005,-97.02846624175038,48113,OL,Steve Avila,G,OL,TCU,Big Twelve Conference,2023,2025,2,TRUE
127356,4361834,HighSchool,2018,1087,Jarrick Bernard,Evangel Christian Academy,Oklahoma State,S,73,195,3,0.8493,Shreveport,LA,USA,32.5221828,-93.7651944,22017,DB,Jarrick Bernard-Converse,CB,DB,LSU; Oklahoma State,Southeastern Conference,2023,2025,6,TRUE
127358,4362617,HighSchool,2018,1089,Bryce Oliver,Dillard,Kentucky,WR,75,205,3,0.8493,Fort Lauderdale,FL,USA,26.1223084,-80.1433786,12011,WR,Bryce Oliver,WR,WR,Youngstown State; Kentucky,Missouri Valley Football Conference,2024,2025,NA,TRUE
127371,4372492,HighSchool,2018,1102,Cory Trice,Christian County,Purdue,S,74,163,3,0.8489,Hopkinsville,KY,USA,36.8657651,-87.4889532,21047,DB,Cory Trice Jr.,CB,DB,Purdue,Big Ten Conference,2023,2025,7,TRUE
127376,4373814,HighSchool,2018,1107,Kahlef Hailassie,Cosumnes Oaks,Oregon,CB,74,185,3,0.8485,Elk Grove,CA,USA,38.4087993,-121.3716178,06067,DB,Kahlef Hailassie,CB,DB,Western Kentucky; Oregon,Conference USA,2023,2025,NA,TRUE
127383,4362759,HighSchool,2018,1114,Nick Bolton,Lone Star,Missouri,ILB,71,228,3,0.8484,Frisco,TX,USA,33.1506744,-96.8236116,48085,LB,Nick Bolton,LB,LB,Missouri,Southeastern Conference,2021,2025,2,TRUE
127385,4372738,HighSchool,2018,1116,Matthew Cindric,Skyline,California,OT,76,270,3,0.8484,Sammamish,WA,USA,47.6088445,-122.0423067,53033,OL,Matthew Cindric,C,OL,California,Pacific Twelve Conference,2024,2024,NA,TRUE
127396,4382475,HighSchool,2018,1127,Jacob Slade,Olentangy,Michigan State,SDE,76,255,3,0.8477,Lewis Center,OH,USA,40.1983958,-83.0101843,39041,DL,Jacob Slade,DT,DL,Michigan State,Big Ten Conference,2023,2025,NA,TRUE
127399,4371949,HighSchool,2018,1130,Jamar Johnson,Riverview,Indiana,CB,73,190,3,0.8477,Sarasota,FL,USA,27.3364347,-82.5306527,12115,DB,Jamar Johnson,SAF,DB,Indiana,Big Ten Conference,2021,2021,5,TRUE
127407,4385430,HighSchool,2018,1138,Xavier Johnson,Summit Country Day School,Ohio State,WR,73,215,3,0.8477,Cincinnati,OH,USA,39.1014537,-84.5124602,39061,WR,Xavier Johnson,WR,WR,Ohio State,Big Ten Conference,2024,2025,NA,TRUE
127422,4360391,HighSchool,2018,1153,Julian Pearl,Danville,Illinois,OT,79,245,3,0.847,Danville,IL,USA,40.125222,-87.6304614,17183,OL,Julian Pearl,OT,OL,Illinois,Big Ten Conference,2024,2024,NA,TRUE
127430,4361438,HighSchool,2018,1161,Cole Turner,Clackamas,Nevada,TE,78,193,3,0.8466,Clackamas,OR,USA,45.4103887,-122.5660663,41005,TE,Cole Turner,TE,TE,Nevada,Mountain West Conference,2022,2025,5,TRUE
127433,4360078,HighSchool,2018,1164,Alec Pierce,Glenbard West,Cincinnati,WR,75,196,3,0.8466,Glen Ellyn,IL,USA,41.8775293,-88.0670118,17043,WR,Alec Pierce,WR,WR,Cincinnati,American Athletic Conference,2022,2025,2,TRUE
127471,4360947,HighSchool,2018,1202,Thomas Rush,Marysville,Minnesota,OLB,75,209,3,0.8456,Marysville,OH,USA,40.2364486,-83.3671432,39159,LB,Thomas Rush,LB,LB,Minnesota,Big Ten Conference,2023,2023,NA,TRUE
127474,4372526,HighSchool,2018,1205,Deneric Prince,Manvel,Texas A&M,RB,73,196,3,0.8452,Manvel,TX,USA,29.4664706,-95.355714,48039,RB,Deneric Prince,RB,RB,Tulsa; Texas A&M,American Athletic Conference,2023,2025,NA,TRUE
127512,4360466,HighSchool,2018,1243,Darien Butler,Narbonne,Arizona State,OLB,71,215,3,0.8436,Harbor City,CA,USA,33.7972822,-118.3004717,06037,LB,Darien Butler,LB,LB,Arizona State,Pacific Twelve Conference,2022,2023,NA,TRUE
127515,4362524,HighSchool,2018,1246,Jordan Miller,Sandalwood,Miami,DT,76,330,3,0.8431,Jacksonville,FL,USA,30.3321838,-81.655651,12031,DL,Jordan Miller,DT,DL,SMU; Miami,American Athletic Conference,2024,2025,NA,TRUE
127525,4360405,HighSchool,2018,1256,Jake Bobo,Belmont Hill School,Duke,WR,76,185,3,0.8431,Belmont,MA,USA,42.3959296,-71.1786655,25017,WR,Jake Bobo,WR,WR,UCLA; Duke,Pacific Twelve Conference,2023,2025,NA,TRUE
127527,4360193,HighSchool,2018,1258,Donavan Mutin,Klein Collins,Houston,ILB,72.5,228,3,0.843,Spring,TX,USA,30.0798826,-95.4172549,48201,LB,Donavan Mutin,LB,LB,Houston,American Athletic Conference,2023,2023,NA,TRUE
127528,4367202,HighSchool,2018,1259,Atonio Mafi,Junipero Serra,UCLA,DT,75,360,3,0.843,San Mateo,CA,USA,37.5439684,-122.3066789,06081,DL,Atonio Mafi,G,OL,UCLA,Pacific Twelve Conference,2023,2025,5,TRUE
127535,4374338,HighSchool,2018,1266,Steven Gilmore,South Pointe,Marshall,CB,69,152,3,0.8427,Rock Hill,SC,USA,34.9248667,-81.0250784,45091,DB,Steven Gilmore,DB,DB,Marshall,Conference USA,2023,2023,NA,TRUE
127538,4372418,HighSchool,2018,1269,Keidron Smith,Oxbridge Academy,Ole Miss,CB,74,180,3,0.8426,West Palm Beach,FL,USA,26.715364,-80.0532942,12099,DB,Keidron Smith,DB,DB,Kentucky,Southeastern Conference,2023,2025,NA,TRUE
127565,4361432,HighSchool,2018,1296,Romeo Doubs,Thomas Jefferson,Nevada,WR,75,170,3,0.8416,Los Angeles,CA,USA,34.0536909,-118.2427666,06037,WR,Romeo Doubs,WR,WR,Nevada,Mountain West Conference,2022,2025,4,TRUE
127570,4361282,HighSchool,2018,1301,Dequan Jackson,Riverside,Colorado State,OLB,74,205,3,0.8416,Jacksonville,FL,USA,30.3321838,-81.655651,12031,LB,Dequan Jackson,LB,LB,Colorado State,Mountain West Conference,2023,2024,NA,TRUE
127575,4374089,HighSchool,2018,1306,Marques Cox,Peoria,Northern Illinois,OT,77,290,3,0.8416,Peoria,IL,USA,40.6938609,-89.5891008,17143,OL,Marques Cox,OT,OL,Kentucky; Northern Illinois,Southeastern Conference,2025,2025,NA,TRUE
127604,4361748,HighSchool,2018,1335,Anthony Johnson Jr.,St. Petersburg,Iowa State,CB,72,170,3,0.8402,St. Petersburg,FL,USA,27.7703796,-82.6695085,12103,DB,Anthony Johnson Jr.,SAF,DB,Iowa State,Big Twelve Conference,2023,2025,7,TRUE
127606,4373061,HighSchool,2018,1337,Ekow Boye-Doe,Lawrence,Kansas State,CB,73,170,3,0.8402,Lawrence,KS,USA,38.9719384,-95.2359496,20045,DB,Ekow Boye-Doe,CB,DB,Kansas State,Big Twelve Conference,2023,2025,NA,TRUE
127631,4379396,HighSchool,2018,1362,Jake Camarda,Norcross,Georgia,P,74,175,3,0.8393,Norcross,GA,USA,33.9412127,-84.2135309,13135,ST,Jake Camarda,P,SPEC,Georgia,Southeastern Conference,2022,2024,4,TRUE
127650,4360290,HighSchool,2018,1381,Brayden Willis,Martin,Oklahoma,TE,76,220,3,0.8385,Arlington,TX,USA,32.701938999999996,-97.10562379033699,48439,TE,Brayden Willis,TE,TE,Oklahoma,Big Twelve Conference,2023,2025,7,TRUE
127652,4360887,HighSchool,2018,1383,Donovan Jennings,Gaither,South Florida,OT,77,310,3,0.8385,Tampa,FL,USA,27.9477595,-82.458444,12057,OL,Donovan Jennings,OT,OL,University of South Florida,American Athletic Conference,2024,2025,NA,TRUE
127655,4360224,HighSchool,2018,1386,Tyler Vrabel,St Pius X,Boston College,OT,76,255,3,0.8384,Houston,TX,USA,29.7589382,-95.3676974,48201,OL,Tyler Vrabel,OT,OL,Boston College,Atlantic Coast Conference,2022,2023,NA,TRUE
127666,4360802,HighSchool,2018,1397,Javian Hawkins,Cocoa,Louisville,APB,69,185,3,0.8378,Titusville,FL,USA,28.6122187,-80.8075538,12009,RB,Javian Hawkins,RB,RB,Louisville,Atlantic Coast Conference,2021,2021,NA,TRUE
127687,4362019,HighSchool,2018,1418,A.T. Perry,Park Vista Community,Wake Forest,WR,77,180,3,0.8371,Lake Worth,FL,USA,26.615891,-80.0691435,12099,WR,A.T. Perry,WR,WR,Wake Forest,Atlantic Coast Conference,2023,2025,6,TRUE
127692,4372051,HighSchool,2018,1423,Chance Campbell,Calvert Hall College,Maryland,OLB,74,222,3,0.8368,Towson,MD,USA,39.4018552,-76.602388,24005,LB,Chance Campbell,LB,LB,Mississippi,Southeastern Conference,2022,2025,6,TRUE
127695,4361807,HighSchool,2018,1426,Larry Brooks,Kennedale,Tulane,S,72,185,3,0.8366,Kennedale,TX,USA,32.646801,-97.2258465,48439,DB,Larry Brooks,DT,DL,Virginia State,NA,1974,1982,NA,TRUE
127700,4361512,HighSchool,2018,1431,William Dunkle,Eastlake,San Diego State,OT,77,335,3,0.8366,Chula Vista,CA,USA,32.6400541,-117.0841955,06073,OL,William Dunkle,G,OL,San Diego State,Mountain West Conference,2022,2022,NA,TRUE
127705,4361511,HighSchool,2018,1436,Alama Uluave,Punahou,San Diego State,OC,74,292,3,0.8366,Honolulu,HI,USA,21.304547,-157.8556764,15003,OTHER,Alama Uluave,C,OL,San Diego State,Mountain West Conference,2023,2023,NA,TRUE
127736,4362911,HighSchool,2018,1467,Cameron Young,Franklin,Mississippi State,DT,76,300,3,0.8355,Meadville,MS,USA,31.4723928,-90.8967682,28037,DL,Cameron Young,DT,DL,Mississippi State,Southeastern Conference,2023,2024,4,TRUE
127739,4360590,HighSchool,2018,1470,Juanyeh Thomas,Niceville,Georgia Tech,CB,75,205,3,0.8351,Niceville,FL,USA,30.5168639,-86.482172,12091,DB,Juanyeh Thomas,SAF,DB,Georgia Tech,Atlantic Coast Conference,2022,2025,NA,TRUE
127742,4372063,HighSchool,2018,1473,Ronnie Bell,Park Hill,Michigan,WR,73,170,3,0.8349,Kansas City,MO,USA,39.100105,-94.5781416,29095,WR,Ronnie Bell,WR,WR,Michigan,Big Ten Conference,2023,2025,7,TRUE
127745,4361579,HighSchool,2018,1476,Javonte Williams,Wallace-Rose Hill,North Carolina,RB,71,195,3,0.8344,Teachey,NC,USA,34.7682241,-78.0080407,37061,RB,Javonte Williams,RB,RB,North Carolina,Atlantic Coast Conference,2021,2025,2,TRUE
127749,4361823,HighSchool,2018,1480,Ryan Wright,California,Tulane,P,75,240,3,0.8342,San Ramon,CA,USA,37.7799273,-121.9780153,06013,ST,Ryan Wright,P,SPEC,Tulane,American Athletic Conference,2022,2025,NA,TRUE
127755,4360234,HighSchool,2018,1486,Evan McPherson,Fort Payne,Florida,K,72,165,3,0.8339,Fort Payne,AL,USA,34.4442547,-85.7196893,01049,ST,Evan McPherson,K,SPEC,Florida,Southeastern Conference,2021,2025,5,TRUE
127758,4372499,HighSchool,2018,1489,Branson Deen,Lawrence Central,Purdue,DT,75,255,3,0.8337,Indianapolis,IN,USA,39.7683331,-86.1583502,18097,DL,Branson Deen,DT,DL,Miami; Purdue,Atlantic Coast Conference,2024,2024,NA,TRUE
127764,4360378,HighSchool,2018,1495,Quan Martin,Lehigh Senior,Illinois,S,72,175,3,0.8336,Lehigh Acres,FL,USA,26.6091509,-81.652407,12071,DB,Quan Martin,SAF,DB,Illinois,Big Ten Conference,2023,2025,2,TRUE
127776,4360978,HighSchool,2018,1507,David Martin-Robinson,Hempfield,Temple,ATH,76,220,3,0.8328,Landisville,PA,USA,40.0951196,-76.4101958,42071,ATH,David Martin-Robinson,TE,TE,Temple,American Athletic Conference,2024,2025,NA,TRUE
127796,4362748,HighSchool,2018,1527,Tyler Badie,Briarcrest Christian,Missouri,APB,70,185,3,0.8316,Memphis,TN,USA,35.1490215,-90.0516285,47157,RB,Tyler Badie,RB,RB,Missouri,Southeastern Conference,2022,2025,6,TRUE
127809,4360282,HighSchool,2018,1540,Drake Stoops,Norman North,Oklahoma,WR,71,175,3,0.8315,Norman,OK,USA,35.2225717,-97.4394816,40027,WR,Drake Stoops,WR,WR,Oklahoma,Big Twelve Conference,2024,2024,NA,TRUE
127825,4361307,HighSchool,2018,1556,Trey McBride,Fort Morgan,Colorado State,TE,76,240,3,0.8311,Fort Morgan,CO,USA,40.2502582,-103.799951,08087,TE,Trey McBride,TE,TE,Colorado State,Mountain West Conference,2022,2025,2,TRUE
127839,4363408,HighSchool,2018,1570,Starling Thomas V,Ramsay,UAB,CB,72,180,3,0.8305,Birmingham,AL,USA,33.5206824,-86.8024326,01073,DB,Starling Thomas V,CB,DB,UAB,Conference USA,2023,2025,NA,TRUE
127845,4374148,HighSchool,2018,1576,Viliami Fehoko,St. Francis,San José State,TE,76,235,3,0.8305,East Palo Alto,CA,USA,37.4688273,-122.1410751,06081,TE,Viliami Fehoko Jr.,DE,DL,San Jose State,Mountain West Conference,2023,2025,4,TRUE
127867,4360386,HighSchool,2018,1598,Sydney Brown,St Stephen's Episcopal School,Illinois,S,72,185,3,0.8294,Bradenton,FL,USA,27.4989278,-82.5748194,12081,DB,Sydney Brown,SAF,DB,Illinois,Big Ten Conference,2023,2025,3,TRUE
127871,4360383,HighSchool,2018,1602,Kerby Joseph,Jones,Illinois,ATH,73,185,3,0.8292,Orlando,FL,USA,28.5421109,-81.3790304,12095,ATH,Kerby Joseph,SAF,DB,Illinois,Big Ten Conference,2022,2025,3,TRUE
127875,4362234,HighSchool,2018,1606,Zaire Barnes,Carmel Catholic,Western Michigan,ATH,75,191,3,0.8288,Mundelein,IL,USA,42.263079,-88.0039653,17097,ATH,Zaire Barnes,LB,LB,Western Michigan,Mid-American Conference,2023,2025,6,TRUE
127883,4371733,HighSchool,2018,1614,Kenneth Gainwell,Yazoo County,Memphis,ATH,71,185,3,0.828,Yazoo City,MS,USA,32.8551326,-90.4056469,28163,ATH,Kenneth Gainwell,RB,RB,Memphis,American Athletic Conference,2021,2025,5,TRUE
127900,4361480,HighSchool,2018,1631,Devin Richardson,Klein,New Mexico State,OLB,75,215,3,0.8276,Spring,TX,USA,30.0798826,-95.4172549,48201,LB,Devin Richardson,LB,LB,Washington State; Texas; New Mexico State,Pacific Twelve Conference,2024,2024,NA,TRUE
127901,4373077,HighSchool,2018,1632,Malik Knowles,Lake Ridge,Kansas State,WR,74,165,3,0.8275,Mansfield,TX,USA,32.5631924,-97.1416768,48439,WR,Malik Knowles,WR,WR,Kansas State,Big Twelve Conference,2023,2024,NA,TRUE
127923,4362081,HighSchool,2018,1654,Cameron Dicker,Lake Travis,Texas,K,73,187,3,0.8263,Austin,TX,USA,30.2711286,-97.7436995,48453,ST,Cameron Dicker,K,SPEC,Texas,Big Twelve Conference,2022,2025,NA,TRUE
127946,4369863,HighSchool,2018,1677,Cedric Tillman,Bishop Gorman,Tennessee,WR,75,205,3,0.8255,Las Vegas,NV,USA,36.1672559,-115.1485163,32003,WR,Cedric Tillman,WR,WR,Tennessee,Southeastern Conference,2023,2025,3,TRUE
127979,4362020,HighSchool,2018,1710,Nicolas Sciba,Clover,Wake Forest,K,69,160,3,0.8242,Clover,SC,USA,44.0380716,-87.7016818,55071,ST,Nick Sciba,K,SPEC,Wake Forest,Atlantic Coast Conference,2022,2022,NA,TRUE
128001,4360213,HighSchool,2018,1732,Jason Maitre,Everett,Boston College,ATH,69,160,3,0.8224,Everett,MA,USA,42.40843,-71.0536625,25017,ATH,Jason Maitre,CB,DB,Wisconsin; Boston College,Big Ten Conference,2024,2025,NA,TRUE
128034,4260223,HighSchool,2018,1765,Kaleb Smith,Patrick Henry,Virginia Tech,WR,75,190,3,0.8204,Ashland,VA,USA,37.7594012,-77.4806603,51085,WR,Lecitus Smith,G,OL,Virginia Tech,Atlantic Coast Conference,2022,2025,6,TRUE
128094,4362162,HighSchool,2018,1825,SaRodorick Thompson,Ranchview,Texas Tech,RB,72.5,192,3,0.8194,Carrollton,TX,USA,32.9537349,-96.8902816,48113,RB,SaRodorick Thompson Jr.,RB,RB,Texas Tech,Big Twelve Conference,2023,2023,NA,TRUE
128127,4258246,HighSchool,2018,1858,Shamar Jones,Greater Johnstown,Indiana,DT,73,271,3,0.8168,Johnstown,PA,USA,40.3267407,-78.9219698,42021,DL,Caleb Jones,OT,OL,Indiana,Big Ten Conference,2022,2024,NA,TRUE
128182,4362280,HighSchool,2018,1913,Dyontae Johnson,Cass Technical,Toledo,OLB,74,191,3,0.8154,Detroit,MI,USA,42.3315509,-83.046640300000007,26163,LB,Dyontae Johnson,LB,LB,Toledo,Mid-American Conference,2023,2024,NA,TRUE
128204,4362352,HighSchool,2018,1935,Isaiah McKoy,Norcross,Kent State,WR,75,175,3,0.8154,Norcross,GA,USA,33.9412127,-84.2135309,13135,WR,Isaiah McKoy,WR,WR,Kent State,Mid-American Conference,2021,2021,NA,TRUE
128234,4361919,HighSchool,2018,1965,Quavian White,Greer,Georgia State,CB,69,182,3,0.8115,Greer,SC,USA,34.9381361,-82.2272119,45045,DB,Quavian White,CB,DB,Georgia State,Sun Belt Conference,2023,2023,NA,TRUE
128247,4362139,HighSchool,2018,1978,Travis Jones,Wilbur Cross,UConn,OG,76.5,356,3,0.8115,New Haven,CT,USA,41.3082138,-72.9250518,09009,OL,Travis Jones,DT,DL,Connecticut,American Athletic Conference,2022,2025,3,TRUE
128249,4240636,HighSchool,2018,1980,Thomas Burns,Pine-Richland,Miami,CB,69,150,3,0.8115,Miami,FL,USA,25.7742658,-80.1936589,12086,DB,Robert Burns,RB,RB,Connecticut; Miami,American Athletic Conference,2023,2024,NA,TRUE
128254,4371961,HighSchool,2018,1985,Micah McFadden,Plant,Indiana,OLB,73,220,3,0.8114,Tampa,FL,USA,27.9477595,-82.458444,12057,LB,Micah McFadden,LB,LB,Indiana,Big Ten Conference,2022,2025,5,TRUE
128267,4360189,HighSchool,2018,1998,Logan Hall,Belton,Houston,WDE,78,225,3,0.8104,Belton,TX,USA,31.0560132,-97.464453,48027,DL,Logan Hall,DE,DL,Houston,American Athletic Conference,2022,2025,2,TRUE
128268,4374066,HighSchool,2018,1999,Dylan Horton,Frisco,New Mexico,S,76,202,3,0.8104,Frisco,TX,USA,33.1506744,-96.8236116,48085,DB,Dylan Horton,DE,DL,TCU,Big Twelve Conference,2023,2025,4,TRUE
128277,4361707,HighSchool,2018,2008,Chad Muma,Legend,Wyoming,S,74,196,3,0.8104,Parker,CO,USA,39.5184514,-104.7612638,08035,DB,Chad Muma,LB,LB,Wyoming,Mountain West Conference,2022,2025,3,TRUE
128332,4360502,HighSchool,2018,2063,Kaevon Merriweather,Belleville,Iowa,S,74,195,3,0.8093,Belleville,MI,USA,42.2048414,-83.4852106,17163,DB,Kaevon Merriweather,SAF,DB,Iowa,Big Ten Conference,2023,2025,NA,TRUE
128398,4360900,HighSchool,2018,2129,Jason Bean,Lake Ridge,North Texas,PRO,73.5,173,3,0.8054,Mansfield,TX,USA,32.5631924,-97.1416768,48439,QB,Jason Bean,QB,QB,Kansas; North Texas,Big Twelve Conference,2024,2024,NA,TRUE
128404,4374032,HighSchool,2018,2135,Jaden Robinson,Auburn Riverside,Oregon State,CB,73,187,3,0.8054,Auburn,WA,USA,47.3075369,-122.2301808,53033,DB,Jaden Robinson,CB,DB,Oregon State,Pacific Twelve Conference,2025,2025,NA,TRUE
128436,4360561,HighSchool,2018,2167,Jaylon Thomas,Coronado,SMU,OT,76,270,3,0.8047,Lubbock,TX,USA,33.5635206,-101.879336,48303,OL,Jaylon Thomas,OT,OL,SMU,American Athletic Conference,2023,2025,NA,TRUE
128440,4361435,HighSchool,2018,2171,Carson Strong,Will C. Wood,Nevada,PRO,76,195,3,0.8043,Vacaville,CA,USA,38.3565773,-121.9877444,06095,QB,Carson Strong,QB,QB,Nevada,Mountain West Conference,2022,2022,NA,TRUE
128443,4361508,HighSchool,2018,2174,Keshawn Banks,Rio Rancho,San Diego State,SDE,76,250,3,0.8043,Rio Rancho,NM,USA,35.269381,-106.632819,35043,DL,Keshawn Banks,DE,DL,San Diego State,Mountain West Conference,2023,2024,NA,TRUE
128486,4372463,HighSchool,2018,2217,Jamree Kromah,Charles Herbert Flowers,Rutgers,SDE,75,246,3,0.8012,Upper Marlboro,MD,USA,38.8165274,-76.7519753,24033,DL,Jamree Kromah,DL,DL,James Madison; Rutgers,Sun Belt Conference,2024,2025,NA,TRUE
128499,4360794,HighSchool,2018,2230,Henry Pearson,Paramus Catholic,App State,ATH,75,235,3,0.8004,Paramus,NJ,USA,40.9452911,-74.0735899,34003,ATH,Henry Pearson,TE,TE,Appalachian State,Sun Belt Conference,2023,2023,NA,TRUE
128554,4363551,HighSchool,2018,2285,Dylan Drummond,Cuyahoga Heights,Eastern Michigan,WR,72,171,3,0.7998,Cleveland,OH,USA,41.5051613,-81.6934446,39035,WR,Dylan Drummond,WR,WR,Eastern Michigan,Mid-American Conference,2023,2025,NA,TRUE
128591,4361820,HighSchool,2018,2322,Macon Clark,Destrehan,Tulane,S,72,185,3,0.7993,Destrehan,LA,USA,29.960933,-90.3705407077716,22089,DB,Macon Clark,SAF,DB,Tulane,American Athletic Conference,2023,2023,NA,TRUE
128628,4361516,HighSchool,2018,2359,Daniel Bellinger,Palo Verde,San Diego State,TE,78,220,2,0.7953,Las Vegas,NV,USA,36.1672559,-115.1485163,32003,TE,Daniel Bellinger,TE,TE,San Diego State,Mountain West Conference,2022,2025,4,TRUE
128656,4360773,HighSchool,2018,2387,Nick Hampton,Westside,App State,SDE,75,210,2,0.7953,Anderson,SC,USA,34.5068601,-82.6506264,45007,DL,Nick Hampton,LB,LB,Appalachian State,Sun Belt Conference,2023,2025,5,TRUE
128664,4383723,HighSchool,2018,2395,Jerreth Sterns,Waxahachie,Houston Christian,ATH,68,184,2,0.7953,Waxahachie,TX,USA,32.3944908,-96.8439365,48139,ATH,Jerreth Sterns,WR,WR,Western Kentucky; Houston Baptist University,Conference USA,2022,2022,NA,TRUE
128667,4363097,HighSchool,2018,2398,Percy Butler,Plaquemine,Louisiana,WR,73,180,2,0.7953,Plaquemine,LA,USA,30.2890833,-91.2342744,22047,WR,Percy Butler,SAF,DB,Louisiana-Lafayette,Sun Belt Conference,2022,2025,4,TRUE
128680,4362142,HighSchool,2018,2411,Jeremy Lucien,Choate Rosemary Hall,UConn,CB,74,NA,2,0.7953,Wallingford,CT,USA,41.4570418,-72.8231552,09009,DB,Jeremy Lucien,CB,DB,Vanderbilt; Connecticut,Southeastern Conference,2023,2023,NA,TRUE
128689,4363052,HighSchool,2018,2420,Beanie Bishop,Pleasure Ridge Park,Western Kentucky,CB,69,160,2,0.7943,Louisville,KY,USA,38.2542376,-85.759407,21111,DB,Beanie Bishop Jr.,CB,DB,West Virginia; Minnesota; Western Kentucky,Big Twelve Conference,2024,2025,NA,TRUE
128696,4363101,HighSchool,2018,2427,Eric Garror,McGill Toolen,Louisiana,CB,70,170,2,0.7943,Mobile,AL,USA,30.6943566,-88.0430541,01097,DB,Eric Garror,CB,DB,Louisiana-Lafayette,Sun Belt Conference,2023,2024,NA,TRUE
128741,4373706,HighSchool,2018,2473,Markees Watts,Lancaster,Charlotte,OLB,74,205,2,0.7903,Lancaster,SC,USA,34.7204257,-80.7709015,45057,LB,Markees Watts,LB,LB,Charlotte,Conference USA,2023,2025,NA,TRUE
128743,4361382,HighSchool,2018,2475,Najee Thompson,Boiling Springs,Georgia Southern,ATH,70,182,2,0.7903,Boiling Springs,SC,USA,35.04136,-81.97882024148419,45083,ATH,NaJee Thompson,CB,DB,Georgia Southern,Sun Belt Conference,2023,2024,NA,TRUE
128807,4361050,HighSchool,2018,2539,Isaiah Likely,Everett,Coastal Carolina,ATH,74,225,2,0.7898,Malden,MA,USA,42.4250964,-71.066163,25017,ATH,Isaiah Likely,TE,TE,Coastal Carolina,Sun Belt Conference,2022,2025,4,TRUE
128820,4243493,HighSchool,2018,2552,A.C. White,Harrisonburg,Old Dominion,PRO,75,210,2,0.7898,Harrisonburg,VA,USA,38.4493315,-78.8688833,51660,QB,Keion White,DE,DL,Georgia Tech; Old Dominion,Atlantic Coast Conference,2023,2025,2,TRUE
128840,4362570,HighSchool,2018,2572,Joel Wilson,Petoskey,Central Michigan,PRO,76,205,2,0.7898,Petoskey,MI,USA,45.373343,-84.95533,26047,QB,Joel Wilson,TE,TE,Central Michigan,Mid-American Conference,2023,2025,NA,TRUE
128859,4365303,HighSchool,2018,2591,Myles Cole,Evangel Christian Academy,UL Monroe,SDE,78,235,2,0.7892,Shreveport,LA,USA,32.5221828,-93.7651944,22017,DL,Myles Cole,DE,DL,Texas Tech; Louisiana-Monroe,Big Twelve Conference,2024,2025,7,TRUE
128877,4361496,HighSchool,2018,2609,Matt Araiza,Rancho Bernardo,San Diego State,K,74,185,2,0.7886,San Diego,CA,USA,32.7174209,-117.1627714,06073,ST,Matt Araiza,P,SPEC,San Diego State,Mountain West Conference,2024,2025,6,TRUE
128922,4361584,HighSchool,2018,2654,Lance Boykin,Hayworth Christian School,Old Dominion,ATH,74,180,2,0.7853,High Point,NC,USA,35.9556924,-80.0053176,37081,ATH,Lance Boykin,CB,DB,Coastal Carolina,Sun Belt Conference,2023,2023,NA,TRUE
129000,4382401,HighSchool,2018,2732,Riley Moss,Ankeny Centennial,Iowa,CB,72,175,2,0.781,Ankeny,IA,USA,41.7318715,-93.6003837,19153,DB,Riley Moss,CB,DB,Iowa,Big Ten Conference,2023,2025,3,TRUE
129131,4374171,HighSchool,2018,2863,Austin Ajiake,Bellarmine Prep,UNLV,OLB,75,215,2,0.7792,San Jose,CA,USA,37.3361905,-121.8905833,06085,LB,Austin Ajiake,LB,LB,UNLV,Mountain West Conference,2023,2025,NA,TRUE
129170,4361689,HighSchool,2018,2902,Solomon Byrd,William Knight,Wyoming,SDE,76,220,2,0.7781,Palmdale,CA,USA,34.5793131,-118.1171108,06037,DL,Solomon Byrd,DE,DL,USC; Wyoming,Pacific Twelve Conference,2024,2025,7,TRUE
129571,4373642,HighSchool,2018,3303,Dax Milne,Bingham,BYU,WR,72,180,2,0.7597,South Jordan,UT,USA,40.5621704,-111.929658,49035,WR,Dax Milne,WR,WR,BYU,Independent,2021,2024,7,TRUE
129610,4034957,HighSchool,2018,3342,Andrew Smith,Prentiss Senior,UAB,OT,73,285,2,0.7597,Prentiss,MS,USA,31.5985012,-89.8670229,28065,OL,Jordan Smith,DE,DL,UAB,Conference USA,2021,2022,4,TRUE
129763,4361604,HighSchool,2018,3495,Blake Watson,Green Hope,Old Dominion,WR,69,170,2,0.7497,Cary,NC,USA,35.7883046,-78.7811964,37183,WR,Blake Watson,RB,RB,Memphis; Old Dominion,American Athletic Conference,2024,2025,NA,TRUE
129823,4374187,HighSchool,2018,3555,Deven Thompkins,Dunbar,Utah State,CB,67,160,2,0.7497,Fort Myers,FL,USA,26.640628,-81.8723084,12071,DB,Deven Thompkins,WR,WR,Utah State,Mountain West Conference,2022,2025,NA,TRUE
129853,4361727,HighSchool,2018,3585,Evan Deckers,Avon Old Farms,Massachusetts,LS,75,245,2,0.743,Avon,CT,USA,41.8098209,-72.8306541,09003,ST,Evan Deckers,LS,SPEC,Duke,Atlantic Coast Conference,2023,2025,NA,TRUE
129927,4373626,HighSchool,2018,3659,Tyler Allgeier,Kaiser,BYU,RB,71,195,2,0.7397,Fontana,CA,USA,34.0922335,-117.435048,06071,RB,Tyler Allgeier,RB,RB,BYU,Independent,2022,2025,5,TRUE
122278,4429105,HighSchool,2019,1,Nolan Smith,IMG Academy,Georgia,WDE,75,227,5,0.9994,Bradenton,FL,USA,27.4989278,-82.5748194,12081,DL,Arian Smith,WR,WR,Georgia,Southeastern Conference,2025,2025,4,TRUE
122279,4426326,HighSchool,2019,2,Kayvon Thibodeaux,Oaks Christian,Oregon,WDE,76.5,239,5,0.9987,Thousand Oaks,CA,USA,34.17142715,-118.91058772974445,06111,DL,Kayvon Thibodeaux,LB,LB,Oregon,Pacific Twelve Conference,2022,2025,1,TRUE
122280,4426434,HighSchool,2019,3,Derek Stingley Jr.,Dunham School,LSU,CB,72.5,188,5,0.998,Baton Rouge,LA,USA,30.4459596,-91.18738,22033,DB,Derek Stingley Jr.,CB,DB,LSU,Southeastern Conference,2022,2025,1,TRUE
122284,4567134,HighSchool,2019,7,Evan Neal,IMG Academy,Alabama,OT,79.5,360,5,0.9946,Okeechobee,FL,USA,27.2436957,-80.8287487,12093,OL,Evan Neal,OT,OL,Alabama,Southeastern Conference,2022,2025,1,TRUE
122285,4426332,HighSchool,2019,8,Zacch Pickens,T.L. Hanna,South Carolina,DT,75,293,5,0.9945,Anderson,SC,USA,34.5068601,-82.6506264,45007,DL,Zacch Pickens,DT,DL,South Carolina,Southeastern Conference,2023,2025,3,TRUE
122288,4426339,HighSchool,2019,11,Spencer Rattler,Pinnacle,Oklahoma,PRO,73,198,5,0.9942,Phoenix,AZ,USA,33.4484367,-112.0741417,04013,QB,Spencer Rattler,QB,QB,South Carolina; Oklahoma,Southeastern Conference,2024,2025,5,TRUE
122289,4426412,HighSchool,2019,12,Zach Harrison,Olentangy Orange,Ohio State,SDE,77,253,5,0.9932,Lewis Center,OH,USA,40.1983958,-83.0101843,39041,DL,Zach Harrison,DE,DL,Ohio State,Big Ten Conference,2023,2025,3,TRUE
122291,4426422,HighSchool,2019,14,Daxton Hill,Booker T. Washington,Michigan,S,72.5,186,5,0.9926,Tulsa,OK,USA,36.1556805,-95.9929113,40143,DB,Daxton Hill,CB,DB,Michigan,Big Ten Conference,2022,2025,1,TRUE
122292,4426327,HighSchool,2019,15,Kenyon Green,Atascocita,Texas A&M,OT,76.5,322,5,0.9925,Humble,TX,USA,29.9988312,-95.2621553,48201,OL,Kenyon Green,G,OL,Texas A&M,Southeastern Conference,2022,2025,1,TRUE
122293,4426359,HighSchool,2019,16,DeMarvin Leal,Judson,Texas A&M,DT,76,289,5,0.9919,Converse,TX,USA,29.5180081,-98.3161241,48029,DL,DeMarvin Leal,DE,DL,Texas A&M,Southeastern Conference,2022,2025,3,TRUE
122294,4570075,HighSchool,2019,17,Logan Brown,East Kentwood,Wisconsin,OT,78,305,5,0.9915,Grand Rapids,MI,USA,42.9632405,-85.6678639,26081,OL,Logan Brown,OT,OL,Kansas; Wisconsin,Big Twelve Conference,2025,2025,NA,TRUE
122296,4426340,HighSchool,2019,19,Nakobe Dean,Horn Lake,Georgia,ILB,72,220,5,0.9907,Horn Lake,MS,USA,34.9553719,-90.0348139,28033,LB,Nakobe Dean,LB,LB,Georgia,Southeastern Conference,2022,2025,3,TRUE
122297,4569618,HighSchool,2019,20,Garrett Wilson,Lake Travis,Ohio State,WR,71.5,175,5,0.9903,Austin,TX,USA,30.2711286,-97.7436995,48453,WR,Garrett Wilson,WR,WR,Ohio State,Big Ten Conference,2022,2025,1,TRUE
122298,4426535,HighSchool,2019,21,Theo Wease Jr.,Allen,Oklahoma,WR,75,202,5,0.9903,Allen,TX,USA,33.1031744,-96.6705503,48085,WR,Theo Wease Jr.,WR,WR,Missouri; Oklahoma,Southeastern Conference,2025,2025,NA,TRUE
122299,4426349,HighSchool,2019,22,Travon Walker,Upson-Lee,Georgia,DT,77,285,5,0.99,Thomaston,GA,USA,32.8881879,-84.3265855,13293,DL,Travon Walker,DE,DL,Georgia,Southeastern Conference,2022,2025,1,TRUE
122300,4426344,HighSchool,2019,23,Andrew Booth,Archer,Clemson,CB,73,188,5,0.9891,Lawrenceville,GA,USA,33.9562149,-83.9879625,13135,DB,Andrew Booth,CB,DB,Clemson,Atlantic Coast Conference,2022,2024,2,TRUE
122301,4426354,HighSchool,2019,24,George Pickens,Hoover,Georgia,WR,75.5,190,5,0.9879,Hoover,AL,USA,33.3848933,-86.8070484,01073,WR,George Pickens,WR,WR,Georgia,Southeastern Conference,2022,2025,2,TRUE
122302,4567219,HighSchool,2019,25,Owen Pappoe,Grayson,Auburn,OLB,72,210,5,0.9878,Loganville,GA,USA,33.8389977,-83.9007382,13297,LB,Owen Pappoe,LB,LB,Auburn,Southeastern Conference,2023,2025,5,TRUE
122303,4426336,HighSchool,2019,26,Clay Webb,Oxford,Georgia,OC,75,295,5,0.9877,Oxford,AL,USA,33.5853695,-85.91428175037092,01121,OTHER,Clay Webb,G,OL,Jacksonville State; Georgia,Conference USA,2025,2025,NA,TRUE
122304,4426376,HighSchool,2019,27,Charles Cross,Laurel,Mississippi State,OT,77,270,5,0.9877,Laurel,MS,USA,31.74096,-89.13382003619111,28067,OL,Charles Cross,OT,OL,Mississippi State,Southeastern Conference,2022,2025,1,TRUE
122306,4426330,HighSchool,2019,29,Jerrion Ealy,Jackson Prep,Ole Miss,RB,70,200,5,0.987,Flowood,MS,USA,32.309590300000004,-90.1389757,28121,RB,Jerrion Ealy,RB,RB,Mississippi,Southeastern Conference,2022,2022,NA,TRUE
122308,4426583,HighSchool,2019,31,Christopher Hinton,Greater Atlanta Christian School,Michigan,DT,76,280,5,0.9867,Norcross,GA,USA,33.9412127,-84.2135309,13135,DL,Christopher Hinton,DT,DL,Michigan,Big Ten Conference,2022,2024,NA,TRUE
122311,4569382,HighSchool,2019,34,Jordan Whittington,Cuero,Texas,ATH,72,198,5,0.9836,Cuero,TX,USA,29.0938036,-97.2900564,48123,ATH,Jordan Whittington,WR,WR,Texas,Big Twelve Conference,2024,2025,6,TRUE
122312,4426348,HighSchool,2019,35,Jayden Daniels,Cajon,Arizona State,DUAL,75,175,4,0.9832,San Bernardino,CA,USA,34.1083449,-117.2897652,06071,QB,Jayden Daniels,QB,QB,LSU; Arizona State,Southeastern Conference,2024,2025,1,TRUE
122314,4426374,HighSchool,2019,37,Tyrique Stevenson,Miami Southridge,Georgia,CB,72.5,202,4,0.9831,Homestead,FL,USA,25.4718946,-80.4759905,12086,DB,Tyrique Stevenson,CB,DB,Miami; Georgia,Atlantic Coast Conference,2023,2025,2,TRUE
122320,4567098,HighSchool,2019,43,Jordan Battle,St. Thomas Aquinas,Alabama,S,73,187,4,0.9779,Fort Lauderdale,FL,USA,26.1223084,-80.1433786,12011,DB,Jordan Battle,SAF,DB,Alabama,Southeastern Conference,2023,2025,3,TRUE
122321,4426350,HighSchool,2019,44,Henry To'o To'o,De La Salle,Tennessee,OLB,74,230,4,0.9779,Concord,CA,USA,37.9768525,-122.0335624,06013,LB,Henry To'oTo'o,LB,LB,Alabama; Tennessee,Southeastern Conference,2023,2025,5,TRUE
122322,4426536,HighSchool,2019,45,Lewis Cine,Trinity Christian School,Georgia,S,74,180,4,0.9765,Cedar Hill,TX,USA,32.5888072,-96.9553675,48113,DB,Lewis Cine,SAF,DB,Georgia,Southeastern Conference,2022,2025,1,TRUE
122323,4426385,HighSchool,2019,46,Zach Charbonnet,Oaks Christian,Michigan,RB,74,215,4,0.976,Westlake Village,CA,USA,34.1460234,-118.8061794,06037,RB,Zach Charbonnet,RB,RB,UCLA; Michigan,Pacific Twelve Conference,2023,2025,2,TRUE
122325,4567399,HighSchool,2019,48,Kaiir Elam,The Benjamin School,Florida,CB,73,182,4,0.9755,North Palm Beach,FL,USA,26.8237944,-80.05592659756701,12099,DB,Kaiir Elam,CB,DB,Florida,Southeastern Conference,2022,2025,1,TRUE
122330,4426364,HighSchool,2019,53,Baylor Cupp,Brock,Texas A&M,TE,78,240,4,0.9731,Brock,TX,USA,32.6762432,-97.9408718,48367,TE,Baylor Cupp,TE,TE,Texas Tech; Texas A&M,Big Twelve Conference,2024,2024,NA,TRUE
122332,4426403,HighSchool,2019,55,Nick Cross,DeMatha Catholic,Maryland,S,72,206,4,0.9727,Hyattsville,MD,USA,38.9529442,-76.9408647,24033,DB,Nick Cross,SAF,DB,Maryland,Big Ten Conference,2022,2025,3,TRUE
122333,4569511,HighSchool,2019,56,Drake Jackson,Centennial,USC,SDE,75,269,4,0.9725,Corona,CA,USA,33.8752945,-117.5664449,06065,DL,Drake Jackson,DE,DL,USC,Pacific Twelve Conference,2022,2025,2,TRUE
122336,4426659,HighSchool,2019,59,George Karlaftis,West Lafayette,Purdue,SDE,76,265,4,0.9705,West Lafayette,IN,USA,40.4258686,-86.9080655,18157,DL,George Karlaftis,DE,DL,Purdue,Big Ten Conference,2022,2025,1,TRUE
122337,4575517,HighSchool,2019,60,Kyle Hamilton,Marist School,Notre Dame,S,75,190,4,0.9699,Atlanta,GA,USA,33.7490987,-84.3901849,13121,DB,Kyle Hamilton,SAF,DB,Notre Dame,Independent,2022,2025,1,TRUE
122339,4567138,HighSchool,2019,62,Justin Eboigbe,Forest Park,Alabama,SDE,76.5,263,4,0.9697,Forest Park,GA,USA,33.6220542,-84.3690918,13063,DL,Justin Eboigbe,DT,DL,Alabama,Southeastern Conference,2024,2025,4,TRUE
122342,4426335,HighSchool,2019,65,Graham Mertz,Blue Valley North,Wisconsin,PRO,75,205,4,0.9689,Mission,KS,USA,39.0277832,-94.6557914,20091,QB,Graham Mertz,QB,QB,Florida; Wisconsin,Southeastern Conference,2025,2025,6,TRUE
122351,4426411,HighSchool,2019,74,Sean Rhyan,San Juan Hills,UCLA,OG,76.5,324,4,0.9671,San Juan Capistrano,CA,USA,33.5016932,-117.6625509,06059,OL,Sean Rhyan,OT,OL,UCLA,Pacific Twelve Conference,2022,2025,3,TRUE
122352,4426676,HighSchool,2019,75,Jowon Briggs,Walnut Hills,Virginia,DT,74,295,4,0.9667,Cincinnati,OH,USA,39.1014537,-84.5124602,39061,DL,Jowon Briggs,DE,DL,Cincinnati; Virginia,Big Twelve Conference,2024,2025,7,TRUE
122353,4567135,HighSchool,2019,76,Amari Kight,Thompson,Alabama,OT,78.5,315,4,0.9648,Alabaster,AL,USA,33.2442813,-86.8163773,01117,OL,Amari Kight,OT,OL,UCF; Alabama,Big Twelve Conference,2025,2025,NA,TRUE
122354,4685720,HighSchool,2019,77,Byron Young,West Jones,Alabama,DT,74.5,290,4,0.9647,Laurel,MS,USA,31.74096,-89.13382003619111,28067,DL,Bryce Young,QB,QB,Alabama,Southeastern Conference,2023,2025,1,TRUE
122357,4426926,HighSchool,2019,80,Demani Richardson,Waxahachie,Texas A&M,S,73,209,4,0.9629,Waxahachie,TX,USA,32.3944908,-96.8439365,48139,DB,Demani Richardson,SAF,DB,Texas A&M,Southeastern Conference,2024,2025,NA,TRUE
122358,4426446,HighSchool,2019,81,Caedan Wallace,Hun School,Penn State,OG,77,288,4,0.9626,Princeton,NJ,USA,40.3492744,-74.6592958,34021,OL,Caedan Wallace,OT,OL,Penn State; West Virginia,Big Ten Conference,2024,2025,3,TRUE
122361,4567111,HighSchool,2019,84,DeMarcco Hellams,DeMatha Catholic,Alabama,S,73,203,4,0.9603,Hyattsville,MD,USA,38.9529442,-76.9408647,24033,DB,DeMarcco Hellams,SAF,DB,Alabama,Southeastern Conference,2023,2025,7,TRUE
122362,4426844,HighSchool,2019,85,Elijah Higgins,Bowie,Stanford,WR,75,214,4,0.96,Austin,TX,USA,30.2711286,-97.7436995,48453,WR,Elijah Higgins,TE,TE,Stanford,Pacific Twelve Conference,2023,2025,6,TRUE
122364,4569587,HighSchool,2019,87,Wan'Dale Robinson,Western Hills,Nebraska,APB,69,175,4,0.9597,Frankfort,KY,USA,38.2009055,-84.8732836,21073,RB,Wan'Dale Robinson,WR,WR,Kentucky,Southeastern Conference,2022,2025,2,TRUE
122365,4567406,HighSchool,2019,88,Ty'Ron Hopper,Roswell,Florida,OLB,74,197,4,0.9595,Roswell,GA,USA,34.02332,-84.360022,13121,LB,Ty'Ron Hopper,LB,LB,Missouri; Florida,Southeastern Conference,2024,2025,3,TRUE
122369,4426372,HighSchool,2019,92,Adisa Isaac,Canarsie,Penn State,WDE,77,220,4,0.9584,Brooklyn,NY,USA,40.6501038,-73.9495823,36047,DL,Adisa Isaac,LB,LB,Penn State,Big Ten Conference,2024,2025,3,TRUE
122370,4426875,HighSchool,2019,93,Sam Howell,Sun Valley,North Carolina,DUAL,72,225,4,0.9582,Monroe,NC,USA,34.9854275,-80.5495112,37179,QB,Sam Howell,QB,QB,North Carolina,Atlantic Coast Conference,2022,2025,5,TRUE
122372,4426414,HighSchool,2019,95,Zeke Correll,Anderson,Notre Dame,OC,76,285,4,0.9578,Cincinnati,OH,USA,39.1014537,-84.5124602,39061,OTHER,Zeke Correll,C,OL,N.C. State,Atlantic Coast Conference,2025,2025,NA,TRUE
122379,4572460,HighSchool,2019,102,Tyler Owens,Plano East,Texas,S,74,197,4,0.9554,Plano,TX,USA,33.0136764,-96.6925096,48085,DB,Tyler Owens,SAF,DB,Texas Tech; Texas,Big Twelve Conference,2024,2025,NA,TRUE
122381,4567156,HighSchool,2019,104,Treylon Burks,Warren,Arkansas,WR,75,225,4,0.9544,Warren,AR,USA,33.6126086,-92.0645831,05011,WR,Treylon Burks,WR,WR,Arkansas,Southeastern Conference,2022,2025,1,TRUE
122384,4426368,HighSchool,2019,107,Doug Nester,Spring Valley,Virginia Tech,OG,78.5,305,4,0.9519,Huntington,WV,USA,38.4192496,-82.445154,54011,OL,Doug Nester,G,OL,West Virginia; Virginia Tech,Big Twelve Conference,2024,2025,NA,TRUE
122386,4567403,HighSchool,2019,109,Mohamoud Diabate,Auburn,Florida,OLB,75,215,4,0.951,Auburn,AL,USA,32.6550905,-85.50364346309962,01081,LB,Mohamoud Diabate,LB,LB,Utah,Pacific Twelve Conference,2023,2025,NA,TRUE
122387,4567099,HighSchool,2019,110,Christian Harris,University Lab,Alabama,ILB,73.5,235,4,0.9506,Baton Rouge,LA,USA,30.4459596,-91.18738,22033,LB,Christian Harris,LB,LB,Alabama,Southeastern Conference,2022,2025,3,TRUE
122388,4426399,HighSchool,2019,111,Ramel Keyton,Marietta,Tennessee,WR,75,185,4,0.9503,Marietta,GA,USA,33.9528472,-84.5496148,13067,WR,Ramel Keyton,WR,WR,Tennessee,Southeastern Conference,2024,2024,NA,TRUE
122389,4426407,HighSchool,2019,112,Trey Palmer,Kentwood,LSU,WR,72,179,4,0.9499,Kentwood,LA,USA,30.9382358,-90.5089843,26081,WR,Trey Palmer,WR,WR,Nebraska; LSU,Big Ten Conference,2023,2025,6,TRUE
122390,4570409,HighSchool,2019,113,David Bell,Warren Central,Purdue,WR,73,200,4,0.9495,Indianapolis,IN,USA,39.7683331,-86.1583502,18097,WR,David Bell,WR,WR,Purdue,Big Ten Conference,2022,2025,3,TRUE
122391,4426496,HighSchool,2019,114,Cade Stover,Lexington,Ohio State,OLB,77,235,4,0.9487,Mansfield,OH,USA,40.75839,-82.5154471,39139,LB,Cade Stover,TE,TE,Ohio State,Big Ten Conference,2024,2025,4,TRUE
122392,4569620,HighSchool,2019,115,Ronnie Hickman,DePaul Catholic,Ohio State,S,73,200,4,0.9485,Wayne,NJ,USA,40.9491723,-74.2376802,34031,DB,Ronnie Hickman Jr.,SAF,DB,Ohio State,Big Ten Conference,2023,2025,NA,TRUE
122393,4569371,HighSchool,2019,116,Isaiah Williams,Trinity Catholic,Illinois,ATH,69.5,170,4,0.9479,St. Louis,MO,USA,38.6268039,-90.1994097,29510,ATH,Isaiah Williams,WR,WR,Illinois,Big Ten Conference,2024,2025,NA,TRUE
122403,4426405,HighSchool,2019,126,Trent McDuffie,St. John Bosco,Washington,CB,71,187,4,0.9441,Bellflower,CA,USA,33.8825705,-118.1167679,06037,DB,Trent McDuffie,CB,DB,Washington,Pacific Twelve Conference,2022,2025,1,TRUE
122404,4567109,HighSchool,2019,127,Marcus Banks,Dekaney,Alabama,CB,72,166,4,0.9441,Houston,TX,USA,29.7589382,-95.3676974,48201,DB,Marcus Banks,DB,DB,Mississippi State; Alabama,Southeastern Conference,2024,2025,NA,TRUE
122405,4426473,HighSchool,2019,128,Laiatu Latu,Jesuit,Washington,WDE,76,272,4,0.9435,Carmichael,CA,USA,38.62709845,-121.32224222755409,06067,DL,Laiatu Latu,DE,DL,UCLA; Washington,Pacific Twelve Conference,2024,2025,1,TRUE
122413,4426515,HighSchool,2019,136,Puka Nacua,Orem,Washington,WR,74,190,4,0.9404,Orem,UT,USA,40.2971825,-111.694943,49049,WR,Puka Nacua,WR,WR,BYU; Washington,Independent,2023,2025,5,TRUE
122415,4426440,HighSchool,2019,138,Siaki Ika,East,LSU,DT,74.5,372,4,0.94,Salt Lake City,UT,USA,40.7596198,-111.8867975,49035,DL,Siaki Ika,DT,DL,Baylor; LSU,Big Twelve Conference,2023,2024,3,TRUE
122416,4426475,HighSchool,2019,139,Tyrion Davis-Price,Southern Lab,LSU,RB,73,235,4,0.9398,Baton Rouge,LA,USA,30.4459596,-91.18738,22033,RB,Tyrion Davis-Price,RB,RB,LSU,Southeastern Conference,2022,2024,3,TRUE
122426,4567226,HighSchool,2019,149,Derick Hall,Gulfport,Auburn,WDE,75.5,216,4,0.9378,Gulfport,MS,USA,30.3674198,-89.0928155,28047,DL,Derick Hall,LB,LB,Auburn,Southeastern Conference,2023,2025,2,TRUE
122428,4570672,HighSchool,2019,151,Cam Smith,Westwood,South Carolina,CB,73,168,4,0.9366,Blythewood,SC,USA,34.2187005,-80.98456918011235,45079,DB,Cam Smith,CB,DB,South Carolina,Southeastern Conference,2023,2025,2,TRUE
122429,4426891,HighSchool,2019,152,Isaiah Spiller,Klein Collins,Texas A&M,RB,72.5,201,4,0.9351,Spring,TX,USA,30.0798826,-95.4172549,48201,RB,Isaiah Spiller,RB,RB,Texas A&M,Southeastern Conference,2022,2024,4,TRUE
122434,4427120,HighSchool,2019,157,Jaylen McCollough,Hillgrove,Tennessee,S,72,194,4,0.9331,Powder Springs,GA,USA,33.8595492,-84.683824,13067,DB,Jaylen McCollough,SAF,DB,Tennessee,Southeastern Conference,2024,2025,NA,TRUE
122439,4426401,HighSchool,2019,162,Bill Norton,Christian Brothers,Georgia,SDE,78,275,4,0.9326,Memphis,TN,USA,35.1490215,-90.0516285,47157,DL,Bill Norton,DE,DL,Texas; Arizona; Georgia,Southeastern Conference,2025,2025,NA,TRUE
122442,4569586,HighSchool,2019,165,Ty Robinson,Higley,Nebraska,SDE,77,283,4,0.9325,Gilbert,AZ,USA,33.3527632,-111.7890373,04013,DL,Ty Robinson,DT,DL,Nebraska,Big Ten Conference,2025,2025,4,TRUE
122444,4427079,HighSchool,2019,167,Lance Dixon,West Bloomfield,Penn State,OLB,74,201,4,0.9317,West Bloomfield,MI,USA,42.5679,-83.3733,36069,LB,Lance Dixon,LB,LB,Toledo,Mid-American Conference,2025,2025,NA,TRUE
122454,4426479,HighSchool,2019,177,Cornelius Johnson,Brunswick School,Michigan,WR,74,195,4,0.9294,Greenwich,CT,USA,41.0264862,-73.6284598,09001,WR,Cornelius Johnson,WR,WR,Michigan,Big Ten Conference,2024,2025,7,TRUE
122455,4427140,HighSchool,2019,178,Trevor Keegan,Crystal Lake South,Michigan,OT,78,310,4,0.9288,Crystal Lake,IL,USA,42.2411344,-88.3161965,17111,OL,Trevor Keegan,G,OL,Michigan,Big Ten Conference,2024,2025,5,TRUE
122456,4567132,HighSchool,2019,179,Darrian Dalcourt,St. Frances Academy,Alabama,OG,75,290,4,0.9285,Baltimore,MD,USA,39.2908816,-76.610759,24510,OL,Darrian Dalcourt,G,OL,Alabama,Southeastern Conference,2024,2025,NA,TRUE
122462,4570561,HighSchool,2019,185,Eric Gray,Lausanne Collegiate School,Tennessee,APB,69.5,194,4,0.9243,Memphis,TN,USA,35.1490215,-90.0516285,47157,RB,Eric Gray,RB,RB,Oklahoma; Tennessee,Big Twelve Conference,2023,2025,5,TRUE
122465,4427391,HighSchool,2019,188,Kenny McIntosh,University School,Georgia,RB,72.5,218,4,0.9233,Fort Lauderdale,FL,USA,26.1223084,-80.1433786,12011,RB,Kenny McIntosh,RB,RB,Georgia,Southeastern Conference,2023,2025,7,TRUE
122468,4429211,HighSchool,2019,191,Anthony Bradford,Muskegon,LSU,OG,77,355,4,0.9221,Muskegon,MI,USA,43.2341813,-86.2483921,26121,OL,Anthony Bradford,G,OL,LSU,Southeastern Conference,2023,2025,4,TRUE
122476,4427408,HighSchool,2019,199,Jahfari Harvey,Vero Beach,Miami,WDE,76,225,4,0.9206,Fort Pierce,FL,USA,27.4467056,-80.3256056,12111,DL,Jahfari Harvey,DE,DL,SMU; Miami,Atlantic Coast Conference,2025,2025,NA,TRUE
122479,4426489,HighSchool,2019,202,Bryan Hudson,Scott County,Virginia Tech,OG,76,292,4,0.9189,Georgetown,KY,USA,38.2097967,-84.5588311,21209,OL,Bryan Hudson,C,OL,Louisville,Atlantic Coast Conference,2024,2025,NA,TRUE
122488,4427105,HighSchool,2019,211,Max Duggan,Lewis Central,TCU,DUAL,74,190,4,0.9169,Council Bluffs,IA,USA,41.2621283,-95.8613912,19155,QB,Max Duggan,QB,QB,TCU,Big Twelve Conference,2023,2023,7,TRUE
122489,4426457,HighSchool,2019,212,Isaiah Foskey,De La Salle,Notre Dame,WDE,76,233,4,0.9164,Concord,CA,USA,37.9768525,-122.0335624,06013,DL,Isaiah Foskey,DE,DL,Notre Dame,Independent,2023,2025,2,TRUE
122492,4427080,HighSchool,2019,215,Xavier Truss,Bishop Hendricken,Georgia,OT,78.5,316,4,0.9158,Warwick,RI,USA,41.7002024,-71.4161108,44003,OL,Xavier Truss,G,OL,Georgia,Southeastern Conference,2025,2025,NA,TRUE
122493,4426485,HighSchool,2019,216,Jonathan Mingo,Brandon,Ole Miss,WR,74,200,4,0.9157,Brandon,MS,USA,32.2731475,-89.9868058,28121,WR,Jonathan Mingo,WR,WR,Mississippi,Southeastern Conference,2023,2025,2,TRUE
122497,4426448,HighSchool,2019,220,Jarrian Jones,Northwest Rankin,Mississippi State,S,73,185,4,0.9147,Flowood,MS,USA,32.309590300000004,-90.1389757,28121,DB,Jarrian Jones,CB,DB,Florida State; Mississippi State,Atlantic Coast Conference,2024,2025,3,TRUE
122501,4427291,HighSchool,2019,224,Kalen DeLoach,Islands,Florida State,OLB,72,206,4,0.9138,Savannah,GA,USA,32.0809263,-81.0911768,13051,LB,Kalen DeLoach,LB,LB,Florida State,Atlantic Coast Conference,2024,2024,NA,TRUE
122502,4426435,HighSchool,2019,225,Jaden Davis,St. Thomas Aquinas,Oklahoma,CB,69,166,4,0.9138,Fort Lauderdale,FL,USA,26.1223084,-80.1433786,12011,DB,Jaden Davis,DB,DB,Miami; Oklahoma,Atlantic Coast Conference,2024,2025,7,TRUE
122508,4429811,HighSchool,2019,231,Patrick Herbert,Sheldon,Oregon,TE,77,225,4,0.9131,Eugene,OR,USA,44.0505054,-123.0950506,41039,TE,Patrick Herbert,TE,TE,Oregon,Big Ten Conference,2025,2025,NA,TRUE
122509,4426512,HighSchool,2019,232,Warren McClendon,Brunswick,Georgia,OT,76,318,4,0.9131,Brunswick,GA,USA,31.1499528,-81.4914894,13127,OL,Warren McClendon Jr.,OT,OL,Georgia,Southeastern Conference,2023,2025,5,TRUE
122523,4426386,HighSchool,2019,246,Roschon Johnson,Port Neches-Groves,Texas,DUAL,73,192,4,0.9111,Port Neches,TX,USA,29.9913244,-93.9585067,48245,QB,Roschon Johnson,RB,RB,Texas,Big Twelve Conference,2023,2025,4,TRUE
122531,4426638,HighSchool,2019,254,Karsen Barnhart,Paw Paw,Michigan,OG,76,282,4,0.9097,Paw Paw,MI,USA,42.2178171,-85.8911246,26159,OL,Karsen Barnhart,OT,OL,Michigan,Big Ten Conference,2024,2025,NA,TRUE
122532,4692048,HighSchool,2019,255,Keilan Robinson,St. John's College,Alabama,RB,69,184,4,0.9094,Washington,DC,USA,38.8949855,-77.0365708,11001,RB,Que Robinson,LB,LB,Alabama,Southeastern Conference,2025,2025,4,TRUE
122535,4426502,HighSchool,2019,258,Drake London,Moorpark,USC,WR,76,200,4,0.9087,Moorpark,CA,USA,34.285558,-118.8820414,06111,WR,Drake London,WR,WR,USC,Pacific Twelve Conference,2022,2025,1,TRUE
122539,4567096,HighSchool,2019,262,John Metchie,The Peddie School,Alabama,WR,72,195,4,0.9084,Brampton,ON,CAN,NA,NA,NA,WR,John Metchie III,WR,WR,Alabama,Southeastern Conference,2022,2025,2,TRUE
122546,4426948,HighSchool,2019,269,Luke McCaffrey,Valor Christian,Nebraska,ATH,74,183,4,0.907,Littleton,CO,USA,39.613321,-105.0166498,08005,ATH,Luke McCaffrey,WR,WR,Rice; Nebraska,American Athletic Conference,2024,2025,3,TRUE
122547,4428935,HighSchool,2019,270,Sal Wormley,Smyrna,Penn State,OG,75,318,4,0.9068,Smyrna,DE,USA,39.2998339,-75.6046494,10001,OL,Sal Wormley,G,OL,Penn State,Big Ten Conference,2025,2025,NA,TRUE
122567,4567412,HighSchool,2019,290,Michael Tarquin,North Marion,Florida,OT,78,290,4,0.9042,Citra,FL,USA,29.4119166,-82.1098156,12083,OL,Michael Tarquin,OT,OL,Oklahoma; USC; Florida,Southeastern Conference,2025,2025,NA,TRUE
122573,4427532,HighSchool,2019,296,Eugene Asante,Westfield,North Carolina,OLB,73,212,4,0.9031,Chantilly,VA,USA,38.8941543,-77.4311513,51059,LB,Eugene Asante,LB,LB,Auburn; North Carolina,Southeastern Conference,2025,2025,NA,TRUE
122590,4427770,HighSchool,2019,313,Sataoa Laumea,Eisenhower,Utah,OG,76,305,4,0.9011,Rialto,CA,USA,34.1064001,-117.3703235,06071,OL,Sataoa Laumea,OT,OL,Utah,Pacific Twelve Conference,2024,2025,6,TRUE
122593,4428681,HighSchool,2019,316,Joe Tippmann,Bishop Dwenger,Wisconsin,OT,78,283,4,0.9006,Fort Wayne,IN,USA,41.0799898,-85.1386015,18003,OL,Joe Tippmann,G,OL,Wisconsin,Big Ten Conference,2023,2025,2,TRUE
122595,4429560,HighSchool,2019,318,Tommy Eichenberg,St Ignatius,Ohio State,ILB,75,235,4,0.9005,Cleveland,OH,USA,41.5051613,-81.6934446,39035,LB,Tommy Eichenberg,LB,LB,Ohio State,Big Ten Conference,2024,2025,5,TRUE
122603,4567225,HighSchool,2019,322,Jaylin Simpson,Frederica Academy,Auburn,CB,71,185,4,0.9,Saint Simons Island,GA,USA,31.1505097,-81.3695404,13127,DB,Jaylin Simpson,CB,DB,Auburn,Southeastern Conference,2024,2025,5,TRUE
122604,4426992,HighSchool,2019,322,Howard Cross III,St. Joseph Regional,Notre Dame,SDE,74,265,4,0.9,Montvale,NJ,USA,41.0467635,-74.0229173,34003,DL,Howard Cross III,DT,DL,Notre Dame,Independent,2025,2025,NA,TRUE
122606,4427366,HighSchool,2019,329,Breece Hall,Northwest,Iowa State,RB,72,215,4,0.8991,Wichita,KS,USA,37.6922361,-97.3375448,20173,RB,Breece Hall,RB,RB,Iowa State,Big Twelve Conference,2022,2025,2,TRUE
122608,4426507,HighSchool,2019,331,David Ojabo,Blair Academy,Michigan,SDE,76.5,240,4,0.8986,Blairstown,NJ,USA,40.9828753,-74.9604501,34041,DL,David Ojabo,LB,LB,Michigan,Big Ten Conference,2022,2025,2,TRUE
122609,4427826,HighSchool,2019,332,Zion Logue,Lebanon,Georgia,SDE,78,287,4,0.8979,Lebanon,TN,USA,36.2079779,-86.2910945,47189,DL,Zion Logue,DT,DL,Georgia,Southeastern Conference,2024,2025,6,TRUE
122610,4567224,HighSchool,2019,333,Colby Wooden,Archer,Auburn,WDE,76,230,4,0.8978,Lawrenceville,GA,USA,33.9562149,-83.9879625,13135,DL,Colby Wooden,DE,DL,Auburn,Southeastern Conference,2023,2025,4,TRUE
122611,4427834,HighSchool,2019,333,Erick All,Fairfield,Michigan,TE,76,225,4,0.8978,Fairfield,OH,USA,39.3458953,-84.5605031,39017,TE,Erick All,TE,TE,Iowa; Michigan,Big Ten Conference,2024,2025,4,TRUE
122617,4567216,HighSchool,2019,340,D.J. Williams,Sebring,Auburn,RB,71,210,4,0.8975,Sebring,FL,USA,27.4957453,-81.4410425,12055,RB,D.J. Williams,RB,RB,Arizona; Florida State,Big Twelve Conference,2024,2024,NA,TRUE
122621,4430539,HighSchool,2019,344,Brenton Strange,Parkersburg,Penn State,TE,77,210,4,0.8972,Parkersburg,WV,USA,39.2699565,-81.5506916,54107,TE,Brenton Strange,TE,TE,Penn State,Big Ten Conference,2023,2025,2,TRUE
122622,4426506,HighSchool,2019,345,Joey Porter Jr.,North Allegheny,Penn State,CB,74,185,4,0.8969,Wexford,PA,USA,40.6264561,-80.055891,42003,DB,Joey Porter Jr.,CB,DB,Penn State,Big Ten Conference,2023,2025,2,TRUE
122685,4427716,HighSchool,2019,409,Jack Kiser,Pioneer,Notre Dame,OLB,74,215,4,0.8916,Royal Center,IN,USA,40.8644849,-86.4997266,18017,LB,Jack Kiser,LB,LB,Notre Dame,Independent,2025,2025,4,TRUE
122686,4426444,HighSchool,2019,410,Connor Bazelak,Archbishop Alter,Missouri,PRO,75,207,4,0.8914,Dayton,OH,USA,39.7589478,-84.1916069,39113,QB,Connor Bazelak,QB,QB,Bowling Green; Indiana; Missouri,Mid-American Conference,2025,2025,NA,TRUE
122692,4429148,HighSchool,2019,416,Michael Johnson Jr.,Sheldon,Penn State,DUAL,74.5,192,4,0.8905,Eugene,OR,USA,44.0505054,-123.0950506,41039,QB,Theo Johnson,TE,TE,Penn State,Big Ten Conference,2024,2025,4,TRUE
122703,4427294,HighSchool,2019,423,Ralen Goforth,St. John Bosco,USC,OLB,74,224,3,0.89,Bellflower,CA,USA,33.8825705,-118.1167679,06037,LB,Ralen Goforth,LB,LB,Washington,Big Ten Conference,2024,2024,NA,TRUE
122720,4428283,HighSchool,2019,438,Deantre Prince,Charleston,Ole Miss,ATH,73,170,3,0.8893,Charleston,MS,USA,34.00678,-90.0567563,28135,ATH,Deantre Prince,CB,DB,Mississippi,Southeastern Conference,2024,2024,5,TRUE
122727,4428368,HighSchool,2019,447,Layden Robinson,Manvel,Texas A&M,OC,76,324,3,0.8889,Manvel,TX,USA,29.4664706,-95.355714,48039,OTHER,Layden Robinson,G,OL,Texas A&M,Southeastern Conference,2024,2025,4,TRUE
122775,4567173,HighSchool,2019,498,Ricky Stromberg,Union,Arkansas,OC,75,280,3,0.8852,Tulsa,OK,USA,36.1556805,-95.9929113,40143,OTHER,Ricky Stromberg,OL,OL,Arkansas,Southeastern Conference,2023,2025,3,TRUE
123115,4428328,HighSchool,2019,854,Deonte Banks,Edgewood,Maryland,CB,73,190,3,0.8648,Edgewood,MD,USA,39.4187194,-76.2944016,24025,DB,Deonte Banks,CB,DB,Maryland,Big Ten Conference,2023,2025,1,TRUE
123140,4429436,HighSchool,2019,879,Seth Coleman,Holy Trinity Episcopal Academy,Illinois,WDE,76,200,3,0.8637,Melbourne,FL,USA,28.0836269,-80.6081089,12009,DL,Seth Coleman,DE,DL,Illinois,Big Ten Conference,2025,2025,NA,TRUE
123143,4426882,HighSchool,2019,879,Sebastian Castro,H L Richards,Iowa,S,73,198,3,0.8637,Oak Lawn,IL,USA,41.7108662,-87.7581081,17031,DB,Sebastian Castro,SAF,DB,Iowa,Big Ten Conference,2025,2025,NA,TRUE
123153,4430436,HighSchool,2019,889,Chris Russell,Dyersburg,Texas A&M,ILB,73,228,3,0.863,Dyersburg,TN,USA,36.0345159,-89.3856281,47045,LB,Chris Russell,LB,LB,Texas A&M,Southeastern Conference,2024,2024,NA,TRUE
123170,4430404,HighSchool,2019,902,Aidan Robbins,Dupont Manual,Louisville,RB,74,220,3,0.8622,Louisville,KY,USA,38.2542376,-85.759407,21111,RB,Aidan Robbins,RB,RB,BYU; UNLV,Big Twelve Conference,2024,2024,NA,TRUE
123162,4430379,HighSchool,2019,902,Asim Richards,The Haverford School,North Carolina,OT,77,285,3,0.8622,Haverford,PA,USA,40.0131672,-75.2943516,42091,OL,Asim Richards,OT,OL,North Carolina,Atlantic Coast Conference,2023,2025,5,TRUE
123208,4568510,HighSchool,2019,936,Matthew Bergeron,Cegep Garneau,Syracuse,OT,77,280,3,0.8607,Quebec City,QC,CAN,NA,NA,NA,OL,Matthew Bergeron,G,OL,Syracuse,Atlantic Coast Conference,2023,2025,2,TRUE
123205,4426955,HighSchool,2019,936,Jack Conley,New Canaan,Boston College,OT,79,289,3,0.8607,New Canaan,CT,USA,41.146763,-73.4948446,09001,OL,Jack Conley,OL,OL,Boston College,Atlantic Coast Conference,2025,2025,NA,TRUE
123740,4428930,HighSchool,2019,1512,Craig Woodson,South Grand Prairie,California,S,71,190,3,0.8374,Grand Prairie,TX,USA,32.657368000000005,-97.02846624175038,48113,DB,Craig Woodson,SAF,DB,California,Atlantic Coast Conference,2025,2025,4,TRUE
123790,4428796,HighSchool,2019,1568,Casey Washington,Pflugerville,Illinois,WR,74,175,3,0.8359,Pflugerville,TX,USA,30.4393696,-97.6200043,48453,WR,Casey Washington,WR,WR,Illinois,Big Ten Conference,2024,2025,6,TRUE
123811,4568490,HighSchool,2019,1581,RJ Harvey,Edgewater,Virginia,DUAL,70,182,3,0.8356,Orlando,FL,USA,28.5421109,-81.3790304,12095,QB,RJ Harvey,RB,RB,UCF; Virginia,Big Twelve Conference,2025,2025,2,TRUE
123808,4569337,HighSchool,2019,1581,Ryan Sanborn,Francis Parker School,Stanford,P,75,195,3,0.8356,San Diego,CA,USA,32.7174209,-117.1627714,06073,ST,Ryan Sanborn,P,SPEC,Texas; Stanford,Big Twelve Conference,2024,2024,NA,TRUE
123815,4427588,HighSchool,2019,1596,Jeremiah Jean-Baptiste,South Dade,UCF,ILB,74,220,3,0.8348,Homestead,FL,USA,25.4718946,-80.4759905,12086,LB,Jeremiah Jean-Baptiste,LB,LB,Mississippi; UCF,Southeastern Conference,2024,2024,NA,TRUE
123821,4427250,HighSchool,2019,1605,Ahmad Gardner,Martin Luther King,Cincinnati,CB,74,163,3,0.8344,Detroit,MI,USA,42.3315509,-83.046640300000007,26163,DB,Sauce Gardner,CB,DB,Cincinnati,American Athletic Conference,2022,2025,1,TRUE
123826,4426646,HighSchool,2019,1605,Jared Bartlett,Collins Hill,West Virginia,OLB,74,213,3,0.8344,Suwanee,GA,USA,34.0514898,-84.0712997,13135,LB,Jared Bartlett,LB,LB,Cincinnati; West Virginia,Big Twelve Conference,2025,2025,NA,TRUE
123831,4426689,HighSchool,2019,1613,Ulysses Bentley IV,C.E. King,SMU,RB,69,185,3,0.8341,Houston,TX,USA,29.7589382,-95.3676974,48201,RB,Ulysses Bentley IV,RB,RB,Mississippi; SMU,Southeastern Conference,2025,2025,NA,TRUE
123837,4428696,HighSchool,2019,1617,O'Cyrus Torrence,St. Helena College and Career Academy,Louisiana,OT,77,330,3,0.8337,Greensburg,LA,USA,30.8307379,-90.6717642,42129,OL,O'Cyrus Torrence,G,OL,Florida; Louisiana-Lafayette,Southeastern Conference,2023,2025,2,TRUE
123874,4427982,HighSchool,2019,1664,Austin McNamara,Highland,Texas Tech,P,76,165,3,0.8326,Gilbert,AZ,USA,33.3527632,-111.7890373,04013,ST,Austin McNamara,P,SPEC,Texas Tech,Big Twelve Conference,2025,2025,NA,TRUE
123901,4428678,HighSchool,2019,1679,Jamari Thrash,Troup County,Georgia State,WR,72,180,3,0.8317,LaGrange,GA,USA,33.039291,-85.0313269,13285,WR,Jamari Thrash,WR,WR,Louisville; Georgia State,Atlantic Coast Conference,2024,2025,5,TRUE
123894,4427636,HighSchool,2019,1679,Nic Jones,Southfield,Ball State,CB,72.5,160,3,0.8317,Southfield,MI,USA,42.4733689,-83.2218731,26125,DB,Nic Jones,CB,DB,Ball State,Mid-American Conference,2023,2025,7,TRUE
123889,4430104,HighSchool,2019,1679,Sincere McCormick,Judson,UTSA,RB,69,187,3,0.8317,Converse,TX,USA,29.5180081,-98.3161241,48029,RB,Sincere McCormick,RB,RB,Texas-San Antonio,Conference USA,2022,2025,NA,TRUE
123927,4426599,HighSchool,2019,1716,Alex Austin,Long Beach Poly,Oregon State,CB,73,174,3,0.8311,Long Beach,CA,USA,33.7690164,-118.1916048,06037,DB,Alex Austin,CB,DB,Oregon State,Pacific Twelve Conference,2023,2025,7,TRUE
123930,4428963,HighSchool,2019,1716,Cade York,Prosper,LSU,K,74,175,3,0.8311,Prosper,TX,USA,33.2385763,-96.7866058,48085,ST,Cade York,K,SPEC,LSU,Southeastern Conference,2022,2025,4,TRUE
123919,4569202,HighSchool,2019,1716,Ben Scott,St. Louis,Arizona State,OT,77,290,3,0.8311,Honolulu,HI,USA,21.304547,-157.8556764,15003,OL,Ben Scott,G,OL,Nebraska; Arizona State,Big Ten Conference,2025,2025,NA,TRUE
123929,4427278,HighSchool,2019,1716,Xavier Gipson,Woodrow Wilson,Stephen F. Austin,CB,69,156,3,0.8311,Dallas,TX,USA,32.7762719,-96.7968559,48113,DB,Xavier Gipson,WR,WR,Stephen F. Austin State,Southland Conference,2023,2025,NA,TRUE
123936,4427677,HighSchool,2019,1731,Mohamed Kamara,Central,Colorado State,OLB,74,200,3,0.8306,Newark,NJ,USA,40.735657,-74.1723667,34013,LB,Mohamed Kamara,LB,LB,Colorado State,Mountain West Conference,2024,2025,5,TRUE
123947,4428458,HighSchool,2019,1739,Valentin Senn,Austria,Colorado,OT,79,285,3,0.8304,Austria,NA,AUST,NA,NA,NA,OL,Valentin Senn,OT,OL,Connecticut; Colorado,Independent,2025,2025,NA,TRUE
123970,4569448,HighSchool,2019,1746,Jordan Jefferson,Navarre,West Virginia,DT,76,300,3,0.83,Navarre,FL,USA,30.4019789,-86.8700821,12113,DL,Jordan Jefferson,DT,DL,LSU,Southeastern Conference,2024,2025,4,TRUE
123982,4426692,HighSchool,2019,1783,Luke Benson,Central Bucks West,Syracuse,TE,76,220,3,0.8293,Doylestown,PA,USA,40.3100446,-75.1304588,42017,TE,Luke Benson,TE,TE,Georgia Tech; Syracuse,Atlantic Coast Conference,2024,2024,NA,TRUE
123993,4428390,HighSchool,2019,1794,Keivie Rose,Henderson,Louisiana Tech,SDE,75,240,3,0.8281,Henderson,TX,USA,32.1532157,-94.7993802,48401,DL,Keivie Rose,DT,DL,Arkansas; Louisiana Tech,Southeastern Conference,2025,2025,NA,TRUE
123998,4567506,HighSchool,2019,1794,Tahj Washington,Marshall,Memphis,WR,70,170,3,0.8281,Marshall,TX,USA,32.5447756,-94.3661004,48203,WR,Tahj Washington,WR,WR,USC; Memphis,Pacific Twelve Conference,2024,2025,7,TRUE
124036,4427423,HighSchool,2019,1826,Sincere Haynesworth,Pearland,Tulane,OC,74,290,3,0.8267,Pearland,TX,USA,29.5639758,-95.2864299,48039,OTHER,Sincere Haynesworth,C,OL,Tulane,American Athletic Conference,2024,2024,NA,TRUE
124046,4570738,HighSchool,2019,1853,Justin Williams,Armwood,Wake Forest,SDE,76,250,3,0.8263,Seffner,FL,USA,27.998541000000003,-82.27488400114905,12057,DL,Ke'Shawn Williams,WR,WR,Indiana; Wake Forest,Big Ten Conference,2025,2025,NA,TRUE
124082,4567529,HighSchool,2019,1887,Gabe Jeudy-Lally,Ardrey Kell,Vanderbilt,CB,73,172,3,0.8256,Charlotte,NC,USA,35.2272,-80.843083,37119,DB,Gabe Jeudy-Lally,CB,DB,Tennessee; BYU; Vanderbilt,Southeastern Conference,2024,2024,NA,TRUE
124081,4427985,HighSchool,2019,1887,Bub Means,Lovejoy,Tennessee,WR,74,212,3,0.8256,Hampton,GA,USA,33.3870578,-84.2829784,13151,WR,Bub Means,WR,WR,Pittsburgh; Louisiana Tech,Atlantic Coast Conference,2024,2025,5,TRUE
124091,4568986,HighSchool,2019,1895,Matt Lee,Hagerty,UCF,OT,75,285,3,0.8248,Oviedo,FL,USA,28.6702526,-81.2084941,12117,OL,Matt Lee,C,OL,Miami; UCF,Atlantic Coast Conference,2024,2025,7,TRUE
124088,4426987,HighSchool,2019,1895,Brandon Crenshaw-Dickson,Narbonne,San Diego State,OT,78,260,3,0.8248,Harbor City,CA,USA,33.7972822,-118.3004717,06037,OL,Brandon Crenshaw-Dickson,OT,OL,Florida; San Diego State,Southeastern Conference,2025,2025,NA,TRUE
124096,4428811,HighSchool,2019,1902,Xavier Weaver,Orlando Christian Prep,South Florida,WR,73,165,3,0.8237,Orlando,FL,USA,28.5421109,-81.3790304,12095,WR,Xavier Weaver,WR,WR,Colorado; University of South Florida,Pacific Twelve Conference,2024,2025,NA,TRUE
124124,4429379,HighSchool,2019,1926,Ajani Carter,North Shore,Utah State,WR,74,175,3,0.8217,Houston,TX,USA,29.7589382,-95.3676974,48201,WR,Ajani Carter,DB,DB,Houston; Utah State,Big Twelve Conference,2025,2025,NA,TRUE
124154,4429456,HighSchool,2019,1956,Tyler Cooper,Saint Croix Falls,Minnesota,OT,77,315,3,0.8215,Saint Croix Falls,WI,USA,45.4104918,-92.6445824,55095,OL,Tyler Cooper,G,OL,Minnesota,Big Ten Conference,2025,2025,NA,TRUE
124149,4428633,HighSchool,2019,1956,Dadrion Taylor-Demerson,Carl Albert,Texas Tech,RB,71,170,3,0.8215,Oklahoma City,OK,USA,35.4729886,-97.5170536,40109,RB,Dadrion Taylor-Demerson,SAF,DB,Texas Tech,Big Twelve Conference,2024,2025,4,TRUE
124170,4573152,HighSchool,2019,1968,Marcus Harris,Park Crossing,Kansas,SDE,75,250,3,0.8206,Montgomery,AL,USA,32.3669656,-86.3006485,01101,DL,Marcus Harris,DT,DL,Auburn; Kansas,Southeastern Conference,2024,2025,7,TRUE
124177,4570119,HighSchool,2019,1968,Alex Wright,Elba,UAB,SDE,76,225,3,0.8206,Elba,AL,USA,31.4146108,-86.0677243,01031,DL,Alex Wright,DE,DL,UAB,Conference USA,2022,2025,3,TRUE
124192,4569135,HighSchool,2019,1994,Kyon Barrs,Murrieta Mesa,Arizona,DT,75,285,3,0.82,Murrieta,CA,USA,33.577752399999994,-117.18845420205307,06065,DL,Kyon Barrs,DT,DL,USC,Pacific Twelve Conference,2025,2025,NA,TRUE
124226,4429946,HighSchool,2019,1994,PJ Jules,Jones,Southern Illinois,S,73,185,3,0.82,Orlando,FL,USA,28.5421109,-81.3790304,12095,DB,PJ Jules,SAF,DB,Southern Illinois,Missouri Valley Football Conference,2024,2025,NA,TRUE
124251,4567493,HighSchool,2019,2066,Patrick Paul,Jersey Village,Houston,OT,79,315,3,0.8185,Houston,TX,USA,29.7589382,-95.3676974,48201,OL,Patrick Paul,OT,OL,Houston,Big Twelve Conference,2024,2025,2,TRUE
124300,4567048,HighSchool,2019,2111,Kenneth Walker,Arlington,Wake Forest,RB,69.5,191,3,0.8159,Arlington,TN,USA,35.2964487,-89.6617313,47157,RB,Kenneth Walker III,RB,RB,Michigan State; Wake Forest,Big Ten Conference,2022,2025,2,TRUE
124333,4427563,HighSchool,2019,2117,Micah Abraham,East Lake,Marshall,CB,70,175,3,0.8156,Bradenton,FL,USA,27.4989278,-82.5748194,12081,DB,Micah Abraham,DB,DB,Marshall,Sun Belt Conference,2024,2024,6,TRUE
124329,4428909,HighSchool,2019,2117,Jacoby Windmon,John Ehret,UNLV,ILB,73,215,3,0.8156,Marrero,LA,USA,29.8993723,-90.1003506,22051,LB,Jacoby Windmon,LB,LB,Michigan State; UNLV,Big Ten Conference,2024,2025,NA,TRUE
124302,4428343,HighSchool,2019,2117,Ricky Barber,Doss Magnet Career Academy,Western Kentucky,SDE,74,267,3,0.8156,Louisville,KY,USA,38.2542376,-85.759407,21111,DL,Ricky Barber,DT,DL,UCF; Western Kentucky,Big Twelve Conference,2025,2025,NA,TRUE
124337,4575558,HighSchool,2019,2153,Josh Kelly,San Joaquin Memorial,Fresno State,WR,73.5,180,3,0.8152,Fresno,CA,USA,36.7295295,-119.70886126075588,06019,WR,Josh Kelly,WR,WR,Texas Tech; Washington State; Fresno State,Big Twelve Conference,2025,2025,NA,TRUE
124365,4429392,HighSchool,2019,2181,Elijah Chatman,Evangel Christian Academy,SMU,DT,71,260,3,0.813,Shreveport,LA,USA,32.5221828,-93.7651944,22017,DL,Elijah Chatman,DT,DL,SMU,American Athletic Conference,2024,2025,NA,TRUE
124405,4430431,HighSchool,2019,2221,Kurtis Rourke,Holy Trinity,Ohio,PRO,76,200,3,0.8115,Canada,CANA,USA,NA,NA,NA,QB,Kurtis Rourke,QB,QB,Indiana,Big Ten Conference,2025,2025,7,TRUE
124415,4361779,HighSchool,2019,2223,Myles Wilson,Western,UCF,CB,72,175,3,0.8111,Fort Lauderdale,FL,USA,26.1223084,-80.1433786,12011,DB,Divaad Wilson,CB,DB,UCF; Georgia,Big Twelve Conference,2023,2024,NA,TRUE
124443,4426921,HighSchool,2019,2254,Dean Clark,Washington,Kent State,S,73,185,3,0.8106,Massillon,OH,USA,40.7967244,-81.5215093,39151,DB,Dean Clark,SAF,DB,Fresno State; Kent State,Mountain West Conference,2025,2025,NA,TRUE
124546,4568263,HighSchool,2019,2362,Ryan Fitzgerald,Colquitt County,Florida State,K,72,185,3,0.8093,Moultrie,GA,USA,31.179998,-83.7887928,13071,ST,Ryan Fitzgerald,K,SPEC,Florida State,Atlantic Coast Conference,2025,2025,NA,TRUE
124589,4428241,HighSchool,2019,2404,Levelle Bailey,Luther Burbank,Fresno State,ATH,75,190,3,0.8056,Sacramento,CA,USA,38.5815719,-121.4943996,06067,ATH,Levelle Bailey,LB,LB,Fresno State; Sacramento State,Mountain West Conference,2024,2025,NA,TRUE
124619,4428763,HighSchool,2019,2404,Dayton Wade,Lovejoy,Western Kentucky,ATH,72,172,3,0.8056,Hampton,GA,USA,33.3870578,-84.2829784,13151,ATH,Dayton Wade,WR,WR,Mississippi; Western Kentucky,Southeastern Conference,2024,2025,NA,TRUE
124588,4568624,HighSchool,2019,2404,Dorian Williams,Indian Land,Tulane,OLB,74,195,3,0.8056,Fort Mill,SC,USA,35.0073697,-80.9450759,45091,LB,Dorian Williams,LB,LB,Tulane,American Athletic Conference,2023,2025,3,TRUE
124610,4568652,HighSchool,2019,2404,Tyler Smith,North Crowley,Tulsa,OG,76,312,3,0.8056,Fort Worth,TX,USA,32.753177,-97.3327459,48439,OL,Tyler Smith,OT,OL,Tulsa,American Athletic Conference,2022,2025,1,TRUE
124653,4430070,HighSchool,2019,2464,Federico Maranges,Christopher Columbus HS,Florida Atlantic,OG,76,285,3,0.8033,Miami,FL,USA,25.7742658,-80.1936589,12086,OL,Federico Maranges,C,OL,Florida Atlantic,American Athletic Conference,2025,2025,NA,TRUE
124660,4428656,HighSchool,2019,2476,Nathan Thomas,Chalmette,Louisiana,OT,77,268,3,0.803,Chalmette,LA,USA,29.9427892,-89.9629372,22087,OL,Nathan Thomas,OT,OL,Louisiana-Lafayette,Sun Belt Conference,2024,2025,7,TRUE
124698,4426542,HighSchool,2019,2508,Darius Alexander,Wayne,Toledo,WDE,77,216,3,0.8006,Fort Wayne,IN,USA,41.0799898,-85.1386015,18003,DL,Darius Alexander,DT,DL,Toledo,Mid-American Conference,2025,2025,3,TRUE
124733,4575664,HighSchool,2019,2508,Jeremiah Byers,Anderson,UTEP,DT,78,290,3,0.8006,Austin,TX,USA,30.2711286,-97.7436995,48453,DL,Jeremiah Byers,OT,OL,Florida State; Texas-El Paso,Atlantic Coast Conference,2025,2025,NA,TRUE
124711,4568617,HighSchool,2019,2508,Jordan Magee,Dover,Temple,ATH,75,205,3,0.8006,Dover,DE,USA,39.158168,-75.5243682,10001,ATH,Jordan Magee,LB,LB,Temple,American Athletic Conference,2024,2025,5,TRUE
124723,4569009,HighSchool,2019,2508,Jackson Mitchell,Ridgefield,UConn,ILB,74,211,3,0.8006,Ridgefield,CT,USA,41.2814842,-73.4981792,09001,LB,Jackson Mitchell,LB,LB,Connecticut,Independent,2024,2024,NA,TRUE
124712,4430482,HighSchool,2019,2508,Joshua Simon,Crestwood,Western Kentucky,WR,75.5,217,3,0.8006,Sumter,SC,USA,33.9204354,-80.3414693,45085,WR,Joshua Simon,TE,TE,South Carolina; Western Kentucky,Southeastern Conference,2025,2025,NA,TRUE
124721,4427843,HighSchool,2019,2508,Chase Lundt,Martin,UConn,OT,78,265,3,0.8006,Arlington,TX,USA,32.701938999999996,-97.10562379033699,48439,OL,Chase Lundt,OT,OL,Connecticut,Independent,2025,2025,6,TRUE
124875,4426972,HighSchool,2019,2675,Dalton Cooper,Prague,Texas State,OT,79,280,3,0.7994,Prague,OK,USA,35.4867369,-96.6850174,40081,OL,Dalton Cooper,OT,OL,Oklahoma State; Texas State-San Marcos,Big Twelve Conference,2025,2025,NA,TRUE
124971,4573428,HighSchool,2019,2779,Tra Fluellen,Gilmer,Houston Christian,S,75,185,2,0.7944,Gilmer,TX,USA,32.7312256,-94.9469309,48459,DB,Tra Fluellen,SAF,DB,Middle Tennessee State,Conference USA,2024,2024,NA,TRUE
125001,4571755,HighSchool,2019,2812,Hogan Hatten,Saguaro,Idaho,ILB,75,230,2,0.7933,Scottsdale,AZ,USA,33.4942189,-111.9260184,04013,LB,Hogan Hatten,LS,SPEC,Idaho,Big Sky Conference,2024,2025,NA,TRUE
125055,4426893,HighSchool,2019,2839,Joshua Cephus,Dekaney,UTSA,WR,76,180,2,0.7906,Houston,TX,USA,29.7589382,-95.3676974,48201,WR,Joshua Cephus,WR,WR,Texas-San Antonio,American Athletic Conference,2024,2025,NA,TRUE
125038,4429366,HighSchool,2019,2839,Derrick Canteen,Evans,Georgia Southern,CB,70,175,2,0.7906,Evans,GA,USA,33.514306500000004,-82.1387819734912,13073,DB,Derrick Canteen,CB,DB,Cincinnati; Virginia Tech,Big Twelve Conference,2025,2025,NA,TRUE
125225,4430280,HighSchool,2019,3017,Ivan Pace Jr.,Colerain,Miami (OH),ILB,72,220,2,0.7894,Cincinnati,OH,USA,39.1014537,-84.5124602,39061,LB,Ivan Pace Jr.,LB,LB,Cincinnati; Miami (Ohio),American Athletic Conference,2023,2025,NA,TRUE
125315,4429511,HighSchool,2019,3111,SirVocea Dennis,The Peddie School,Pittsburgh,OLB,73,204,2,0.7856,Syracuse,NY,USA,43.0481221,-76.1474244,36067,LB,SirVocea Dennis,LB,LB,Pittsburgh,Atlantic Coast Conference,2023,2025,5,TRUE
125306,4568024,HighSchool,2019,3111,Josh Williams,The Kinkaid School,LSU,RB,69.5,180,2,0.7856,Houston,TX,USA,29.7589382,-95.3676974,48201,RB,Josh Williams,RB,RB,LSU,Southeastern Conference,2025,2025,NA,TRUE
125354,4428116,HighSchool,2019,3135,Isaiah Neyor,Lamar,Wyoming,WR,75,195,2,0.7844,Arlington,TX,USA,32.701938999999996,-97.10562379033699,48439,WR,Isaiah Neyor,WR,WR,Nebraska; Texas; Wyoming,Big Ten Conference,2025,2025,NA,TRUE
125365,4430684,HighSchool,2019,3178,Treyton Welch,Buffalo Senior,Wyoming,WR,75,204,2,0.7833,Buffalo,MN,USA,45.1719084,-93.8746941,27171,WR,Treyton Welch,TE,TE,Wyoming,Mountain West Conference,2024,2025,NA,TRUE
125380,4430158,HighSchool,2019,3178,Patrick McMorris,Santa Ana,San Diego State,CB,71,160,2,0.7833,Santa Ana,CA,USA,33.7494951,-117.8732213,06059,DB,Patrick McMorris,SAF,DB,California; San Diego State,Pacific Twelve Conference,2024,2025,6,TRUE
125583,4428657,HighSchool,2019,3390,Wykevious Thomas,Riverdale,South Alabama,DT,75,315,2,0.7794,Riverdale,GA,USA,33.5726113,-84.4132594,13063,DL,Wy'Kevious Thomas,DT,DL,South Alabama,Sun Belt Conference,2025,2025,NA,TRUE
125612,4429996,HighSchool,2019,3427,Marshawn Kneeland,Godwin Heights,Western Michigan,WDE,76,240,2,0.7783,Grand Rapids,MI,USA,42.9632405,-85.6678639,26081,DL,Marshawn Kneeland,DE,DL,Western Michigan,Mid-American Conference,2024,2025,2,TRUE
125647,4429576,HighSchool,2019,3462,James Ester,Cass Technical,Northern Illinois,WDE,75,230,2,0.7744,Detroit,MI,USA,42.3315509,-83.046640300000007,26163,DL,James Ester,DT,DL,Northern Illinois,Mid-American Conference,2024,2025,NA,TRUE
125867,4575665,HighSchool,2019,3652,Jacob Cowing,Maricopa,UTEP,WR,70,175,2,0.7683,Maricopa,AZ,USA,33.058129,-112.0477554,04021,WR,Jacob Cowing,WR,WR,Arizona; Texas-El Paso,Pacific Twelve Conference,2024,2025,4,TRUE
125875,4573398,HighSchool,2019,3690,Max Brosmer,Centennial,New Hampshire,PRO,74,195,2,0.7667,Roswell,GA,USA,34.02332,-84.360022,13121,QB,Max Brosmer,QB,QB,Minnesota; New Hampshire,Big Ten Conference,2025,2025,NA,TRUE
126103,4570469,HighSchool,2019,3886,Marcus Harris,Grant,Oregon State,ATH,70,155,2,0.75,Portland,OR,USA,45.5202471,-122.6741949,41051,ATH,Marcus Harris,CB,DB,California; Idaho; Oregon State,Atlantic Coast Conference,2025,2025,6,TRUE
126180,4690013,HighSchool,2019,3984,Rasheen Ali,Shaker Heights,Marshall,RB,72,185,2,0.74,Cleveland,OH,USA,41.5051613,-81.6934446,39035,RB,Rasheen Ali,RB,RB,Marshall,Sun Belt Conference,2024,2025,5,TRUE
118408,4428988,HighSchool,2020,1,Bryan Bresee,Damascus,Clemson,DT,77,290,5,0.9995,Damascus,MD,USA,39.2884381,-77.2038717,24031,DL,Bryan Bresee,DT,DL,Clemson,Atlantic Coast Conference,2023,2025,1,TRUE
118411,4428992,HighSchool,2020,4,Kelee Ringo,Saguaro,Georgia,CB,74,205,5,0.9976,Scottsdale,AZ,USA,33.4942189,-111.9260184,04013,DB,Kelee Ringo,CB,DB,Georgia,Southeastern Conference,2023,2025,4,TRUE
118414,4428985,HighSchool,2020,7,Myles Murphy,Hillgrove,Clemson,SDE,77,260,5,0.9965,Powder Springs,GA,USA,33.8595492,-84.683824,13067,DL,Myles Murphy,DE,DL,Clemson,Atlantic Coast Conference,2023,2025,1,TRUE
118415,4428996,HighSchool,2020,8,Jordan Burch,Hammond School,South Carolina,DT,77,275,5,0.9954,Columbia,SC,USA,34.0007493,-81.0343313,45079,DL,Jordan Burch,LB,LB,Oregon; South Carolina,Big Ten Conference,2025,2025,3,TRUE
118417,4429020,HighSchool,2020,10,DJ Uiagalelei,St. John Bosco,Clemson,PRO,76.5,246,5,0.9949,Bellflower,CA,USA,33.8825705,-118.1167679,06037,QB,DJ Uiagalelei,QB,QB,Florida State; Oregon State; Clemson,Atlantic Coast Conference,2025,2025,NA,TRUE
118419,4429014,HighSchool,2020,12,Gervon Dexter,Lake Wales,Florida,DT,78.5,286,5,0.9946,Lake Wales,FL,USA,27.9014133,-81.5859099,12105,DL,Gervon Dexter Sr.,DT,DL,Florida,Southeastern Conference,2023,2025,2,TRUE
118420,4430822,HighSchool,2020,13,Noah Sewell,Orem,Oregon,ILB,74,266,5,0.9935,Orem,UT,USA,40.2971825,-111.694943,49049,LB,Noah Sewell,LB,LB,Oregon,Pacific Twelve Conference,2023,2025,5,TRUE
118421,4429011,HighSchool,2020,14,Eli Ricks,IMG Academy,LSU,CB,74,192,5,0.9928,Rancho Cucamonga,CA,USA,34.1033192,-117.5751735,06071,DB,Eli Ricks,CB,DB,Alabama; LSU,Southeastern Conference,2023,2025,NA,TRUE
118422,4567095,HighSchool,2020,15,Bijan Robinson,Salpointe Catholic,Texas,RB,72,200,5,0.9928,Tucson,AZ,USA,32.2228765,-110.9748477,04019,RB,Keilan Robinson,RB,RB,Texas; Alabama,Big Twelve Conference,2024,2025,5,TRUE
118423,4685035,HighSchool,2020,16,Zach Evans,North Shore,TCU,RB,71,200,5,0.9924,Houston,TX,USA,29.7589382,-95.3676974,48201,RB,Zach Evans,RB,RB,Mississippi; TCU,Southeastern Conference,2023,2024,6,TRUE
118424,4685724,HighSchool,2020,17,Will Anderson,Dutchtown,Alabama,WDE,75,230,5,0.9913,Hampton,GA,USA,33.3870578,-84.2829784,13151,DL,Will Anderson Jr.,DE,DL,Alabama,Southeastern Conference,2023,2025,1,TRUE
118425,4685759,HighSchool,2020,18,Jalen Carter,Apopka,Georgia,DT,75,301,5,0.9911,Apopka,FL,USA,28.6779683,-81.5115214,12095,DL,Jalen Carter,DT,DL,Georgia,Southeastern Conference,2023,2025,1,TRUE
118426,4428989,HighSchool,2020,19,Chris Braswell,St. Frances Academy,Alabama,WDE,75,220,5,0.9909,Baltimore,MD,USA,39.2908816,-76.610759,24510,DL,Chris Braswell,LB,LB,Alabama,Southeastern Conference,2024,2025,2,TRUE
118428,4685145,HighSchool,2020,21,Jaylon Jones,Steele,Texas A&M,S,73.5,190,5,0.9906,Cibolo,TX,USA,29.5707831,-98.2330927,48187,DB,Jaylon Jones,CB,DB,Texas A&M,Southeastern Conference,2023,2025,7,TRUE
118430,4430802,HighSchool,2020,23,Darnell Washington,Desert Pines,Georgia,ATH,79.5,261,5,0.9893,Las Vegas,NV,USA,36.1672559,-115.1485163,32003,ATH,Darnell Washington,TE,TE,Georgia,Southeastern Conference,2023,2025,3,TRUE
118431,4429022,HighSchool,2020,24,Kayshon Boutte,Westgate,LSU,WR,72,180,5,0.9892,New Iberia,LA,USA,30.0035365,-91.8187285,22045,WR,Kayshon Boutte,WR,WR,LSU,Southeastern Conference,2023,2025,6,TRUE
118433,4430831,HighSchool,2020,26,Trenton Simpson,Mallard Creek,Clemson,OLB,75,224,5,0.987,Charlotte,NC,USA,35.2272,-80.843083,37119,LB,Trenton Simpson,LB,LB,Clemson,Atlantic Coast Conference,2023,2025,3,TRUE
118434,4429006,HighSchool,2020,27,Rakim Jarrett,St. John's College,Maryland,WR,72,208,5,0.9868,Washington,DC,USA,38.8949855,-77.0365708,11001,WR,Rakim Jarrett,WR,WR,Maryland,Big Ten Conference,2023,2025,NA,TRUE
118436,4430878,HighSchool,2020,29,Jaxon Smith-Njigba,Rockwall,Ohio State,WR,73,188,5,0.9855,Rockwall,TX,USA,32.9312336,-96.4597089,48397,WR,Jaxon Smith-Njigba,WR,WR,Ohio State,Big Ten Conference,2023,2025,1,TRUE
118438,4430805,HighSchool,2020,31,Dontae Manning,Raytown,Oregon,CB,72,185,5,0.984,Kansas City,MO,USA,39.100105,-94.5781416,29095,DB,Dontae Manning,CB,DB,Oregon,Big Ten Conference,2025,2025,NA,TRUE
118439,4429086,HighSchool,2020,32,Michael Mayer,Covington Catholic,Notre Dame,TE,76,232,5,0.9833,Alexandria,KY,USA,38.9595078,-84.3879946,21037,TE,Michael Mayer,TE,TE,Notre Dame,Independent,2023,2025,2,TRUE
118443,4429097,HighSchool,2020,36,Curtis Jacobs,McDonogh School,Penn State,OLB,74,220,4,0.9823,Owings Mills,MD,USA,39.4010753,-76.796299,24005,LB,Curtis Jacobs,LB,LB,Penn State,Big Ten Conference,2024,2025,NA,TRUE
118445,4429035,HighSchool,2020,38,Tate Ratledge,Darlington School,Georgia,OT,78,322,4,0.9821,Rome,GA,USA,34.257038,-85.1646726,13115,OL,Tate Ratledge,G,OL,Georgia,Southeastern Conference,2025,2025,2,TRUE
118447,4429013,HighSchool,2020,40,Tank Bigsby,Callaway,Auburn,RB,72,210,4,0.9814,Hogansville,GA,USA,33.1731769,-84.914936,13285,RB,Tank Bigsby,RB,RB,Auburn,Southeastern Conference,2023,2025,3,TRUE
118448,4429034,HighSchool,2020,41,Jaquelin Roy,University Lab,LSU,DT,75.5,289,4,0.9803,Baton Rouge,LA,USA,30.4459596,-91.18738,22033,DL,Jaquelin Roy,DT,DL,LSU,Southeastern Conference,2023,2025,5,TRUE
118449,4432577,HighSchool,2020,42,C.J. Stroud,Rancho Cucamonga,Ohio State,PRO,74.5,194,4,0.9779,Rancho Cucamonga,CA,USA,34.1033192,-117.5751735,06071,QB,C.J. Stroud,QB,QB,Ohio State,Big Ten Conference,2023,2025,1,TRUE
118450,4429023,HighSchool,2020,43,MarShawn Lloyd,DeMatha Catholic,South Carolina,RB,69,211,4,0.9778,Hyattsville,MD,USA,38.9529442,-76.9408647,24033,RB,MarShawn Lloyd,RB,RB,USC; South Carolina,Pacific Twelve Conference,2024,2025,3,TRUE
118452,4431613,HighSchool,2020,45,Avantae Williams,Deland,Miami,S,71,170,4,0.9766,Deland,FL,USA,29.028321300000002,-81.3031098,12127,DB,James Williams,LB,LB,Miami,Atlantic Coast Conference,2024,2025,7,TRUE
118454,4429001,HighSchool,2020,47,Jase McClellan,Aledo,Alabama,RB,70.5,202,4,0.9755,Aledo,TX,USA,32.69900905,-97.60396629774493,48367,RB,Jase McClellan,RB,RB,Alabama,Southeastern Conference,2024,2024,6,TRUE
118459,4692185,HighSchool,2020,52,Justin Rogers,Oak Park,Kentucky,DT,74.5,311,4,0.9744,Oak Park,MI,USA,42.4595317,-83.1821445,17031,DL,Justin Rogers,DT,DL,Auburn,Southeastern Conference,2024,2024,7,TRUE
118461,4429012,HighSchool,2020,54,Kendall Milton,Buchanan,Georgia,RB,73.5,215,4,0.9737,Clovis,CA,USA,36.8252277,-119.7029194,06019,RB,Kendall Milton,RB,RB,Georgia,Southeastern Conference,2024,2025,NA,TRUE
118462,4429019,HighSchool,2020,55,Marcus Rosemy-Jacksaint,St. Thomas Aquinas,Georgia,WR,74,195,4,0.9734,Fort Lauderdale,FL,USA,26.1223084,-80.1433786,12011,WR,Marcus Rosemy-Jacksaint,WR,WR,Georgia,Southeastern Conference,2024,2024,NA,TRUE
118465,4428522,HighSchool,2020,58,Arian Smith,Lakeland,Georgia,WR,73,170,4,0.9722,Lakeland,FL,USA,28.0394654,-81.9498042,12105,WR,Tykee Smith,SAF,DB,Georgia; West Virginia,Southeastern Conference,2024,2025,3,TRUE
118467,4430815,HighSchool,2020,60,Sedrick Van Pran,Warren Easton,Georgia,OC,76,305,4,0.9712,New Orleans,LA,USA,29.9499323,-90.0701156,22071,OTHER,Sedrick Van Pran-Granger,C,OL,Georgia,Southeastern Conference,2024,2025,5,TRUE
118468,4692025,HighSchool,2020,61,Brian Branch,Sandy Creek,Alabama,S,71,185,4,0.9709,Tyrone,GA,USA,33.4713249,-84.5972005,13113,DB,Brian Branch,SAF,DB,Alabama,Southeastern Conference,2023,2025,2,TRUE
118469,4692680,HighSchool,2020,62,McKinnley Jackson,George County,Texas A&M,DT,74,327,4,0.9708,Lucedale,MS,USA,30.9251869,-88.5900235,28039,DL,McKinnley Jackson,DT,DL,Texas A&M,Southeastern Conference,2024,2025,3,TRUE
118470,4430835,HighSchool,2020,63,Alfred Collins,Cedar Creek,Texas,SDE,77,284,4,0.9706,Bastrop,TX,USA,30.1104947,-97.3152701,48021,DL,Alfred Collins,DT,DL,Texas,Southeastern Conference,2025,2025,2,TRUE
118473,4429115,HighSchool,2020,66,Gee Scott Jr.,Eastside Catholic,Ohio State,WR,74.5,207,4,0.9702,Sammamish,WA,USA,47.6088445,-122.0423067,53033,WR,Gee Scott Jr.,TE,TE,Ohio State,Big Ten Conference,2025,2025,NA,TRUE
118474,4430834,HighSchool,2020,67,Jalen McMillan,San Joaquin Memorial,Washington,WR,74,182,4,0.9701,Fresno,CA,USA,36.7295295,-119.70886126075588,06019,WR,Jalen McMillan,WR,WR,Washington,Pacific Twelve Conference,2024,2025,3,TRUE
118478,4429025,HighSchool,2020,71,Quentin Johnston,Temple,TCU,WR,76,180,4,0.9674,Temple,TX,USA,31.098207,-97.3427847,48027,WR,Quentin Johnston,WR,WR,TCU,Big Twelve Conference,2023,2025,1,TRUE
118480,4690972,HighSchool,2020,73,Ja'Quinden Jackson,Duncanville,Texas,DUAL,74,219,4,0.9663,Duncanville,TX,USA,32.6518004,-96.9083366,48113,QB,Ja'Quinden Jackson,RB,RB,Arkansas; Utah; Texas,Southeastern Conference,2025,2025,NA,TRUE
118481,4429000,HighSchool,2020,74,Myles Hinton,Greater Atlanta Christian School,Stanford,OT,78,308,4,0.9662,Norcross,GA,USA,33.9412127,-84.2135309,13135,OL,Myles Hinton,OT,OL,Michigan; Stanford,Big Ten Conference,2025,2025,6,TRUE
118482,4429071,HighSchool,2020,75,Cody Simon,St. Peter's Prep,Ohio State,ILB,73,218,4,0.966,Jersey City,NJ,USA,40.7281575,-74.0776417,34017,LB,Cody Simon,LB,LB,Ohio State,Big Ten Conference,2025,2025,4,TRUE
118483,4429795,HighSchool,2020,76,Jahmyr Gibbs,Dalton,Georgia Tech,RB,69,191,4,0.9651,Dalton,GA,USA,34.7691867,-84.9702475,13313,RB,Jahmyr Gibbs,RB,RB,Alabama; Georgia Tech,Southeastern Conference,2023,2025,1,TRUE
118489,4429033,HighSchool,2020,82,Jermaine Burton,Calabasas,Georgia,WR,72.5,190,4,0.9646,Calabasas,CA,USA,34.1446643,-118.6440973,06037,WR,Jermaine Burton,WR,WR,Alabama; Georgia,Southeastern Conference,2024,2025,3,TRUE
118490,4430812,HighSchool,2020,83,Trey Wedig,Kettle Moraine,Wisconsin,OT,80,320,4,0.9641,Wales,WI,USA,43.0044549,-88.3767626,55133,OL,Trey Wedig,OT,OL,Indiana; Wisconsin,Big Ten Conference,2025,2025,NA,TRUE
118491,4429111,HighSchool,2020,84,BJ Ojulari,Marietta,LSU,WDE,75,224,4,0.9634,Marietta,GA,USA,33.9528472,-84.5496148,13067,DL,BJ Ojulari,LB,LB,LSU,Southeastern Conference,2023,2025,2,TRUE
118499,4429030,HighSchool,2020,92,Andrew Raym,Broken Arrow,Oklahoma,OG,77,285,4,0.9576,Broken Arrow,OK,USA,36.0525993,-95.7908195,40143,OL,Andrew Raym,C,OL,Oklahoma,Big Twelve Conference,2024,2024,NA,TRUE
118502,4688813,HighSchool,2020,95,Josh Downs,North Gwinnett,North Carolina,WR,70,165,4,0.9563,Suwanee,GA,USA,34.0514898,-84.0712997,13135,WR,Josh Downs,WR,WR,North Carolina,Atlantic Coast Conference,2023,2025,3,TRUE
118509,4429053,HighSchool,2020,102,A.J. Henning,Lincoln-Way East,Michigan,WR,70,183,4,0.9546,Frankfort,IL,USA,41.4958665,-87.8486613,17197,WR,A.J. Henning,WR,WR,Northwestern; Michigan,Big Ten Conference,2025,2025,NA,TRUE
118511,4693369,HighSchool,2020,104,Jack Nelson,Stoughton,Wisconsin,OT,79,273,4,0.9539,Stoughton,WI,USA,42.9167389,-89.2178997,55025,OL,Jack Nelson,OT,OL,Wisconsin,Big Ten Conference,2025,2025,7,TRUE
118512,4430819,HighSchool,2020,105,Jalen Kimber,Mansfield Timberview,Georgia,CB,72,170,4,0.9534,Arlington,TX,USA,32.701938999999996,-97.10562379033699,48439,DB,Jalen Kimber,CB,DB,Penn State; Florida,Big Ten Conference,2025,2025,NA,TRUE
118515,4430806,HighSchool,2020,108,Luke Wypler,St Joseph Regional,Ohio State,OC,74,285,4,0.9523,Montvale,NJ,USA,41.0467635,-74.0229173,34003,OTHER,Luke Wypler,C,OL,Ohio State,Big Ten Conference,2023,2025,6,TRUE
118520,4429100,HighSchool,2020,113,Peter Skoronski,Maine South,Northwestern,OC,76,275,4,0.9502,Park Ridge,IL,USA,42.0112329,-87.8406031,17031,OTHER,Peter Skoronski,OT,OL,Northwestern,Big Ten Conference,2023,2025,1,TRUE
118525,4692555,HighSchool,2020,118,Tyler Baron,Knoxville Catholic,Tennessee,SDE,77,256,4,0.9487,Knoxville,TN,USA,35.9603948,-83.9210261,47093,DL,Tyler Baron,DE,DL,Miami; Tennessee,Atlantic Coast Conference,2025,2025,5,TRUE
118529,4429040,HighSchool,2020,122,Vernon Broughton,Cy Ridge,Texas,DT,77,286,4,0.9473,Houston,TX,USA,29.7589382,-95.3676974,48201,DL,Vernon Broughton,DT,DL,Texas,Southeastern Conference,2025,2025,3,TRUE
118530,4429005,HighSchool,2020,123,Braiden McGregor,Port Huron Northern,Michigan,SDE,78,260,4,0.947,Port Huron,MI,USA,42.9815877,-82.440466,26147,DL,Braiden McGregor,DE,DL,Michigan,Big Ten Conference,2024,2025,NA,TRUE
118535,4429010,HighSchool,2020,128,Jalen Rivers,Oakleaf,Miami,OT,78,331,4,0.9425,Orange Park,FL,USA,30.1654707,-81.7016346,12019,OL,Jalen Rivers,OT,OL,Miami,Atlantic Coast Conference,2025,2025,5,TRUE
118536,4429096,HighSchool,2020,129,Blake Corum,St. Frances Academy,Michigan,RB,68,193,4,0.9419,Laurel,MD,USA,39.0992752,-76.8483061,24033,RB,Blake Corum,RB,RB,Michigan,Big Ten Conference,2024,2025,3,TRUE
118544,4429160,HighSchool,2020,137,Devon Achane,Fort Bend Marshall,Texas A&M,APB,69,170,4,0.9373,Missouri City,TX,USA,29.6185669,-95.5377215,48157,RB,De'Von Achane,RB,RB,Texas A&M,Southeastern Conference,2023,2025,3,TRUE
118545,4429059,HighSchool,2020,138,Woody Marks,Carver,Mississippi State,RB,70,190,4,0.9369,Atlanta,GA,USA,33.7490987,-84.3901849,13121,RB,Woody Marks,RB,RB,USC; Mississippi State,Big Ten Conference,2025,2025,4,TRUE
118550,4429164,HighSchool,2020,143,Nick Herbig,St. Louis School,Wisconsin,OLB,74,215,4,0.9359,Honolulu,HI,USA,21.304547,-157.8556764,15003,LB,Nick Herbig,LB,LB,Wisconsin,Big Ten Conference,2023,2025,4,TRUE
118552,4430821,HighSchool,2020,145,Kitan Crawford,John Tyler,Texas,CB,71,200,4,0.9356,Tyler,TX,USA,32.3512601,-95.3010624,48423,DB,Kitan Crawford,SAF,DB,Nevada; Texas,Mountain West Conference,2025,2025,7,TRUE
118560,4429121,HighSchool,2020,153,Kalel Mullings,Milton Academy,Michigan,OLB,73,220,4,0.9329,Boston,MA,USA,42.3602534,-71.0582912,25025,LB,Kalel Mullings,RB,RB,Michigan,Big Ten Conference,2025,2025,6,TRUE
118562,4429073,HighSchool,2020,155,Fadil Diggs,Eastside,Texas A&M,WDE,77,230,4,0.9321,Camden,NJ,USA,39.9448402,-75.1198911,34007,DL,Fadil Diggs,LB,LB,Syracuse; Texas A&M,Atlantic Coast Conference,2025,2025,7,TRUE
118566,4430838,HighSchool,2020,159,Rylie Mills,Lake Forest,Notre Dame,SDE,77,275,4,0.9304,Lake Forest,IL,USA,42.2586342,-87.840625,17097,DL,Rylie Mills,DE,DL,Notre Dame,Independent,2025,2025,5,TRUE
118569,4430438,HighSchool,2020,162,Edgerrin Cooper,Covington,Texas A&M,OLB,73.5,205,4,0.9298,Covington,LA,USA,30.4754702,-90.1009108,21117,LB,Edgerrin Cooper,LB,LB,Texas A&M,Southeastern Conference,2024,2025,2,TRUE
118573,4431615,HighSchool,2020,166,Kourt Williams,St. John Bosco,Ohio State,OLB,73,216,4,0.9291,Bellflower,CA,USA,33.8825705,-118.1167679,06037,LB,Tyleik Williams,DT,DL,Ohio State,Big Ten Conference,2025,2025,1,TRUE
118574,4429110,HighSchool,2020,167,Lathan Ransom,Salpointe Catholic,Ohio State,S,72.5,193,4,0.9286,Tucson,AZ,USA,32.2228765,-110.9748477,04019,DB,Lathan Ransom,SAF,DB,Ohio State,Big Ten Conference,2025,2025,4,TRUE
118575,4686472,HighSchool,2020,168,Marvin Mims,Lone Star,Oklahoma,WR,72,173,4,0.9285,Frisco,TX,USA,33.1506744,-96.8236116,48085,WR,Marvin Mims Jr.,WR,WR,Oklahoma,Big Twelve Conference,2023,2025,2,TRUE
118578,4430876,HighSchool,2020,171,Roger Rosengarten,Valor Christian,Washington,OT,77,258,4,0.9284,Littleton,CO,USA,39.613321,-105.0166498,08005,OL,Roger Rosengarten,OT,OL,Washington,Pacific Twelve Conference,2024,2025,2,TRUE
118585,4692525,HighSchool,2020,178,Anton Harrison,Archbishop Carroll,Oklahoma,OT,77,310,4,0.9271,Washington,DC,USA,38.8949855,-77.0365708,11001,OL,Anton Harrison,OT,OL,Oklahoma,Big Twelve Conference,2023,2025,1,TRUE
118587,4430411,HighSchool,2020,180,Bryan Robinson,Palm Beach Central,Florida State,WR,73,185,4,0.9263,West Palm Beach,FL,USA,26.715364,-80.0532942,12099,WR,Jammie Robinson,SAF,DB,Florida State,Atlantic Coast Conference,2023,2025,5,TRUE
118590,4692590,HighSchool,2020,183,Jalin Hyatt,Dutch Fork,Tennessee,WR,72,164,4,0.9257,Irmo,SC,USA,34.08846885,-81.18021121302588,45063,WR,Jalin Hyatt,WR,WR,Tennessee,Southeastern Conference,2023,2025,3,TRUE
118594,4429767,HighSchool,2020,187,Emmanuel Forbes,Grenada,Mississippi State,CB,73,171,4,0.9245,Grenada,MS,USA,33.7690049,-89.8084192,28043,DB,Emmanuel Forbes,CB,DB,Mississippi State,Southeastern Conference,2023,2025,1,TRUE
118596,4432595,HighSchool,2020,189,Ozzy Trapilo,Boston College High,Boston College,OT,79,275,4,0.9241,Boston,MA,USA,42.3602534,-71.0582912,25025,OL,Ozzy Trapilo,OT,OL,Boston College,Atlantic Coast Conference,2025,2025,2,TRUE
118606,4430814,HighSchool,2020,199,Jake Majors,Prosper,Texas,OC,75.5,283,4,0.9219,Prosper,TX,USA,33.2385763,-96.7866058,48085,OTHER,Jake Majors,C,OL,Texas,Southeastern Conference,2025,2025,NA,TRUE
118609,4431437,HighSchool,2020,202,Jah-Marien Latham,Pickens County,Alabama,DT,75,280,4,0.9215,Reform,AL,USA,33.378451,-88.0153008,01107,DL,JC Latham,OT,OL,Alabama,Southeastern Conference,2024,2025,1,TRUE
118610,4692022,HighSchool,2020,203,Javon Baker,McEachern,Alabama,WR,73,196,4,0.9214,Powder Springs,GA,USA,33.8595492,-84.683824,13067,WR,Javon Baker,WR,WR,UCF; Alabama,Big Twelve Conference,2024,2025,4,TRUE
118612,4685092,HighSchool,2020,205,Ryan Watts,Little Elm,Ohio State,S,74.5,187,4,0.9206,Little Elm,TX,USA,33.1626194,-96.9375051,48121,DB,Ryan Watts,DB,DB,Texas; Ohio State,Big Twelve Conference,2024,2024,6,TRUE
118614,4429084,HighSchool,2020,207,Anthony Richardson,Eastside,Florida,DUAL,76,224,4,0.9204,Gainesville,FL,USA,29.6519684,-82.3249846,12001,QB,Anthony Richardson,QB,QB,Florida,Southeastern Conference,2023,2025,1,TRUE
118617,4430870,HighSchool,2020,210,KeAndre Lambert-Smith,Maury,Penn State,WR,73,176,4,0.9198,Norfolk,VA,USA,36.8462923,-76.2929252,51710,WR,KeAndre Lambert-Smith,WR,WR,Auburn; Penn State,Southeastern Conference,2025,2025,5,TRUE
118620,4692024,HighSchool,2020,213,Malachi Moore,Hewitt-Trussville,Alabama,S,72,180,4,0.9191,Trussville,AL,USA,33.626629,-86.5549335251678,01073,DB,Malachi Moore,SAF,DB,Alabama,Southeastern Conference,2025,2025,4,TRUE
118627,4430877,HighSchool,2020,220,Alex Huntley,Hammond School,South Carolina,DT,75,279,4,0.9181,Columbia,SC,USA,34.0007493,-81.0343313,45079,DL,Alex Huntley,DT,DL,South Carolina,Southeastern Conference,2025,2025,NA,TRUE
118631,4429018,HighSchool,2020,224,R.J. Mickens,Southlake Carroll,Clemson,S,72.5,197,4,0.9178,Southlake,TX,USA,32.9412363,-97.1341783,48439,DB,R.J. Mickens,SAF,DB,Clemson,Atlantic Coast Conference,2025,2025,6,TRUE
118632,4431299,HighSchool,2020,225,Rome Odunze,Bishop Gorman,Washington,WR,75,205,4,0.9175,Las Vegas,NV,USA,36.1672559,-115.1485163,32003,WR,Rome Odunze,WR,WR,Washington,Pacific Twelve Conference,2024,2025,1,TRUE
118638,4431172,HighSchool,2020,231,Patrick Jenkins,John Ehret,TCU,DT,74,285,4,0.9163,Marrero,LA,USA,29.8993723,-90.1003506,22051,DL,Patrick Jenkins,DE,DL,Tulane; TCU,American Athletic Conference,2025,2025,NA,TRUE
118639,4430896,HighSchool,2020,232,JJ Pegues,Oxford,Auburn,ATH,74,285,4,0.9162,Oxford,MS,USA,34.3664127,-89.5187664,28071,ATH,JJ Pegues,DT,DL,Mississippi; Auburn,Southeastern Conference,2025,2025,6,TRUE
118644,4429072,HighSchool,2020,237,Lawrance Toafili,Pinellas Park,Florida State,RB,72,180,4,0.9143,St. Petersburg,FL,USA,27.7703796,-82.6695085,12103,RB,Lawrance Toafili,RB,RB,Florida State,Atlantic Coast Conference,2025,2025,NA,TRUE
118646,4429172,HighSchool,2020,239,Traeshon Holden,Narbonne,Alabama,WR,75,195,4,0.9132,Harbor City,CA,USA,33.7972822,-118.3004717,06037,WR,Traeshon Holden,WR,WR,Oregon; Alabama,Big Ten Conference,2025,2025,NA,TRUE
118648,4429076,HighSchool,2020,241,Coziah Izzard,DeMatha Catholic,Penn State,DT,75,281,4,0.9127,Laurel,MD,USA,39.0992752,-76.8483061,24033,DL,Coziah Izzard,DT,DL,Penn State,Big Ten Conference,2025,2025,NA,TRUE
118654,4429166,HighSchool,2020,247,Princely Umanmielen,Manor,Florida,SDE,76,249,4,0.9117,Manor,TX,USA,30.3407629,-97.5569456,48453,DL,Princely Umanmielen,LB,LB,Mississippi; Florida,Southeastern Conference,2025,2025,3,TRUE
118656,4433963,HighSchool,2020,249,Zak Zinter,Buckingham Browne & Nichols School,Michigan,OG,78,300,4,0.9106,North Andover,MA,USA,42.6839894,-71.1127065,25009,OL,Zak Zinter,G,OL,Michigan,Big Ten Conference,2024,2025,3,TRUE
118659,4429189,HighSchool,2020,252,Xavier Carlton,Juan Diego Catholic,Utah,SDE,79,262,4,0.91,Draper,UT,USA,40.5246711,-111.8638226,49035,DL,Xavier Carlton,DE,DL,California; Utah,Atlantic Coast Conference,2025,2025,NA,TRUE
118660,4429142,HighSchool,2020,253,Nazir Stackhouse,Columbia,Georgia,DT,75.5,306,4,0.9097,Decatur,GA,USA,33.7737582,-84.296069,13089,DL,Nazir Stackhouse,DT,DL,Georgia,Southeastern Conference,2025,2025,NA,TRUE
118664,4429970,HighSchool,2020,257,Ruben Hyppolite II,McArthur,Maryland,OLB,72,225,4,0.9089,Hollywood,FL,USA,26.0112014,-80.1494901,12011,LB,Ruben Hyppolite II,LB,LB,Maryland,Big Ten Conference,2025,2025,4,TRUE
118666,4429205,HighSchool,2020,259,Jordan Addison,Tuscarora,Pittsburgh,ATH,71,161,4,0.9085,Frederick,MD,USA,39.4142186,-77.4109269,24021,ATH,Jordan Addison,WR,WR,USC; Pittsburgh,Pacific Twelve Conference,2023,2025,1,TRUE
118669,4432620,HighSchool,2020,262,Parker Washington,Fort Bend Travis,Penn State,WR,70,201,4,0.9079,Richmond,TX,USA,29.5821811,-95.7607832,48157,WR,Parker Washington,WR,WR,Penn State,Big Ten Conference,2023,2025,6,TRUE
118677,4429128,HighSchool,2020,270,Dwight McGlothern,Klein Oak,LSU,CB,74,180,4,0.9066,Spring,TX,USA,30.0798826,-95.4172549,48201,DB,Dwight McGlothern,CB,DB,Arkansas,Southeastern Conference,2024,2025,NA,TRUE
118678,4429153,HighSchool,2020,271,Lideatrick Griffin,Philadelphia,Mississippi State,ATH,70,170,4,0.9064,Philadelphia,MS,USA,32.7703841,-89.1153488,28099,ATH,Lideatrick Griffin,WR,WR,Mississippi State,Southeastern Conference,2024,2024,NA,TRUE
118701,4429136,HighSchool,2020,294,Warren Brinson,IMG Academy,Georgia,DT,76.5,290,4,0.9019,Bradenton,FL,USA,27.4989278,-82.5748194,12081,DL,Warren Brinson,DT,DL,Georgia,Southeastern Conference,2025,2025,6,TRUE
118707,4431346,HighSchool,2020,300,Mark Redman,Corona Del Mar,Washington,TE,78,239,4,0.9012,Newport Beach,CA,USA,33.6170092,-117.9294401,06059,TE,Mark Redman,TE,TE,Louisville; San Diego State,Atlantic Coast Conference,2025,2025,NA,TRUE
118715,4565358,HighSchool,2020,308,Hunter Dekkers,West Sioux,Iowa State,DUAL,75,225,4,0.9006,Hawarden,IA,USA,42.9958216,-96.4853085,19167,QB,Hunter Dekkers,QB,QB,Iowa Western CC; Iowa State,Midwest Junior College Football Conference,2025,2025,NA,TRUE
118716,4429058,HighSchool,2020,309,Jaylen Harrell,Berkeley Prep,Michigan,WDE,76,235,4,0.9003,Tampa,FL,USA,27.9477595,-82.458444,12057,DL,Jaylen Harrell,LB,LB,Michigan,Big Ten Conference,2024,2025,7,TRUE
118723,4686772,HighSchool,2020,312,Christian Gonzalez,The Colony,Colorado,S,73,193,4,0.9,The Colony,TX,USA,33.0890094,-96.8863922,48121,DB,Christian Gonzalez,CB,DB,Oregon,Pacific Twelve Conference,2023,2025,1,TRUE
118732,4692037,HighSchool,2020,325,Javion Cohen,Central,Alabama,OT,77,295,4,0.8991,Phenix City,AL,USA,32.4709761,-85.0007653,01113,OL,Javion Cohen,G,OL,Miami; Alabama,Atlantic Coast Conference,2024,2024,NA,TRUE
118733,4429109,HighSchool,2020,326,Tonka Hemingway,Conway,South Carolina,DT,74,259,4,0.8989,Conway,SC,USA,33.8360035,-79.0478143,45051,DL,Tonka Hemingway,DT,DL,South Carolina,Southeastern Conference,2025,2025,4,TRUE
118734,4686781,HighSchool,2020,327,Brenden Rice,Hamilton,Colorado,WR,74,204,4,0.8987,Chandler,AZ,USA,33.3062223,-111.8413317,04013,WR,Brenden Rice,WR,WR,USC; Colorado,Pacific Twelve Conference,2024,2025,7,TRUE
118738,4605478,HighSchool,2020,331,Jared Ivey,North Gwinnett,Georgia Tech,WDE,78,225,4,0.8982,Suwanee,GA,USA,34.0514898,-84.0712997,13135,DL,Jared Ivey,LB,LB,Mississippi; Georgia Tech,Southeastern Conference,2025,2025,NA,TRUE
118741,4432237,HighSchool,2020,334,Gus Hartwig,Zionsville,Purdue,OC,77,295,4,0.8978,Zionsville,IN,USA,39.950724,-86.2616968,18011,OTHER,Gus Hartwig,C,OL,Purdue,Big Ten Conference,2025,2025,NA,TRUE
118745,4431360,HighSchool,2020,338,Cam Riley,Hillcrest,Auburn,OLB,75.5,207,4,0.8976,Evergreen,AL,USA,31.4334994,-86.9569176,01035,LB,Cam Riley,LB,LB,Florida State; Auburn,Atlantic Coast Conference,2025,2025,NA,TRUE
118750,4430925,HighSchool,2020,343,Jahdae Barron,Pflugerville Connally,Texas,CB,71,175,4,0.8971,Austin,TX,USA,30.2711286,-97.7436995,48453,DB,Jahdae Barron,CB,DB,Texas,Southeastern Conference,2025,2025,1,TRUE
118753,4431492,HighSchool,2020,346,Roman Wilson,St. Louis,Michigan,WR,72,175,4,0.8967,Honolulu,HI,USA,21.304547,-157.8556764,15003,WR,Roman Wilson,WR,WR,Michigan,Big Ten Conference,2024,2025,3,TRUE
118756,4430481,HighSchool,2020,347,Jonah Monheim,Moorpark,USC,OG,77,280,4,0.8967,Moorpark,CA,USA,34.285558,-118.8820414,06111,OL,Jonah Monheim,C,OL,USC,Big Ten Conference,2025,2025,7,TRUE
118808,4431809,HighSchool,2020,401,Olu Fashanu,Gonzaga,Penn State,OT,77,320,4,0.8911,Washington,DC,USA,38.8949855,-77.0365708,11001,OL,Olumuyiwa Fashanu,OT,OL,Penn State,Big Ten Conference,2024,2025,1,TRUE
118819,4431479,HighSchool,2020,414,Ricky White III,Marietta,Michigan State,WR,73,165,3,0.8897,Marietta,GA,USA,33.9528472,-84.5496148,13067,WR,Ricky White III,WR,WR,UNLV; Michigan State,Mountain West Conference,2025,2025,7,TRUE
118823,4429193,HighSchool,2020,418,Kris Abrams-Draine,Spanish Fort,Missouri,WR,73,170,3,0.8893,Spanish Fort,AL,USA,30.6749127,-87.9152724,01003,WR,Kris Abrams-Draine,CB,DB,Missouri,Southeastern Conference,2024,2025,5,TRUE
118830,4429202,HighSchool,2020,425,Israel Abanikanda,Abraham Lincoln,Pittsburgh,RB,71,197,3,0.8881,Brooklyn,NY,USA,40.6501038,-73.9495823,36047,RB,Israel Abanikanda,RB,RB,Pittsburgh,Atlantic Coast Conference,2023,2025,5,TRUE
118840,4605491,HighSchool,2020,430,Connor O'Toole,La Cueva,Utah,TE,75,205,3,0.887,Albuquerque,NM,USA,35.0841034,-106.6509851,35001,TE,Connor O'Toole,LB,LB,Utah,Big Twelve Conference,2025,2025,NA,TRUE
118836,4432503,HighSchool,2020,430,Josh Priebe,Edwardsburg,Northwestern,OG,77,280,3,0.887,Edwardsburg,MI,USA,41.7956038,-86.0808384,26027,OL,Josh Priebe,G,OL,Michigan; Northwestern,Big Ten Conference,2025,2025,NA,TRUE
118845,4431487,HighSchool,2020,440,Savion Williams,Marshall,TCU,WR,76.5,205,3,0.8869,Marshall,TX,USA,32.5447756,-94.3661004,48203,WR,Savion Williams,WR,WR,TCU,Big Twelve Conference,2025,2025,3,TRUE
118865,4430637,HighSchool,2020,461,Ja'Lynn Polk,Lufkin,Texas Tech,WR,74,185,3,0.8848,Lufkin,TX,USA,31.3386242,-94.7288558,48005,WR,Ja'Lynn Polk,WR,WR,Washington; Texas Tech,Pacific Twelve Conference,2024,2025,2,TRUE
118888,4570577,HighSchool,2020,485,Chandler Morris,Highland Park,Oklahoma,DUAL,71,178,3,0.8827,Dallas,TX,USA,32.7762719,-96.7968559,48113,QB,Wanya Morris,OT,OL,Oklahoma; Tennessee,Big Twelve Conference,2023,2025,3,TRUE
118909,4429782,HighSchool,2020,502,Josh Fryar,Beech Grove,Ohio State,OG,77.5,305,3,0.8815,Beech Grove,IN,USA,39.7221906,-86.0894158,18097,OL,Josh Fryar,OT,OL,Ohio State,Big Ten Conference,2025,2025,NA,TRUE
118912,4432301,HighSchool,2020,502,Kris Jenkins,Our Lady of Good Counsel HS,Michigan,SDE,76,239,3,0.8815,Olney,MD,USA,39.1532123,-77.0668408,24031,DL,Kris Jenkins,DT,DL,Michigan,Big Ten Conference,2024,2025,2,TRUE
118908,4431424,HighSchool,2020,502,Bradyn Swinson,Chapel Hill,Oregon,SDE,76,245,3,0.8815,Douglasville,GA,USA,33.7514966,-84.7477136,13097,DL,Bradyn Swinson,LB,LB,LSU; Oregon,Southeastern Conference,2025,2025,5,TRUE
118927,4429187,HighSchool,2020,524,Seth McLaughlin,Buford,Alabama,OC,76,270,3,0.8803,Buford,GA,USA,34.1206564,-84.0043513,13135,OTHER,Seth McLaughlin,C,OL,Ohio State; Alabama,Big Ten Conference,2025,2025,NA,TRUE
118940,4431142,HighSchool,2020,533,Jimmy Holiday,Madison Central,Tennessee,ATH,72,190,3,0.8793,Madison,MS,USA,32.4618086,-90.1153638,28089,ATH,Jimmy Holiday,WR,WR,Louisiana Tech; Western Kentucky; Tennessee,Conference USA,2025,2025,NA,TRUE
119213,4432333,HighSchool,2020,804,Kyle Kennard,Riverwood,Georgia Tech,WDE,76,220,3,0.8652,Atlanta,GA,USA,33.7490987,-84.3901849,13121,DL,Kyle Kennard,LB,LB,South Carolina,Southeastern Conference,2025,2025,4,TRUE
119205,4565309,HighSchool,2020,804,Fatorma Mulbah,Susquehanna Township,Penn State,DT,75,270,3,0.8652,Harrisburg,PA,USA,40.2663107,-76.8861122,42043,DL,Fatorma Mulbah,DT,DL,West Virginia; Penn State,Big Twelve Conference,2025,2025,NA,TRUE
119230,4430010,HighSchool,2020,822,LaMareon James,Indian River,Old Dominion,CB,70,170,3,0.8648,Chesapeake,VA,USA,36.7183708,-76.2466798,51550,DB,LaMareon James,CB,DB,TCU; Old Dominion,Big Twelve Conference,2025,2025,NA,TRUE
119587,4566088,HighSchool,2020,1200,Jaylan Ford,Lone Star,Texas,OLB,74.5,205,3,0.85,Frisco,TX,USA,33.1506744,-96.8236116,48085,LB,Jaylan Ford,LB,LB,Texas,Big Twelve Conference,2024,2025,5,TRUE
119592,4430114,HighSchool,2020,1200,Josh Kaltenberger,Seneca Valley,Purdue,OC,77,280,3,0.85,Harmony,PA,USA,40.8027772,-80.1280528,42019,OTHER,Josh Kaltenberger,C,OL,Maryland; Purdue,Big Ten Conference,2025,2025,NA,TRUE
119608,4431453,HighSchool,2020,1200,Deuce Vaughn,Cedar Ridge,Kansas State,APB,66,166,3,0.85,Round Rock,TX,USA,30.508235,-97.6788934,48491,RB,Deuce Vaughn,RB,RB,Kansas State,Big Twelve Conference,2023,2025,6,TRUE
119683,4697636,HighSchool,2020,1301,Chau Smith-Wade,Simeon Vocational HS,Washington State,CB,71,175,3,0.8474,Chicago,IL,USA,41.8755616,-87.6244212,17031,DB,Chau Smith-Wade,CB,DB,Washington State,Pacific Twelve Conference,2024,2025,5,TRUE
119693,4565761,HighSchool,2020,1310,Emani Bailey,Ryan,Louisiana,RB,69,200,3,0.8467,Denton,TX,USA,33.2150386,-97.1330516,48121,RB,Emani Bailey,RB,RB,TCU; Louisiana,Big Twelve Conference,2024,2024,NA,TRUE
119704,4566100,HighSchool,2020,1310,Kobee Minor,Lake Dallas,Texas Tech,S,72,175,3,0.8467,Lake Dallas,TX,USA,33.1192875,-97.0255641,48121,DB,Kobee Minor,DB,DB,Memphis; Indiana; Texas Tech,American Athletic Conference,2025,2025,7,TRUE
119702,4429249,HighSchool,2020,1310,Justin Barron,Suffield Academy,Syracuse,ATH,76,210,3,0.8467,Suffield,CT,USA,41.9816944,-72.6506604,09003,ATH,Justin Barron,LB,LB,Syracuse,Atlantic Coast Conference,2025,2025,NA,TRUE
119712,4566192,HighSchool,2020,1310,Joshua Karty,Western Alamance,Stanford,K,74,175,3,0.8467,Elon,NC,USA,36.1029132,-79.5066895,37001,ST,Joshua Karty,K,SPEC,Stanford,Pacific Twelve Conference,2024,2025,6,TRUE
119724,4685841,HighSchool,2020,1341,Zion Childress,New Caney,Texas State,WR,70.5,177,3,0.8463,New Caney,TX,USA,30.155216,-95.2113221,48339,WR,Zion Childress,CB,DB,Kentucky; Texas State-San Marcos,Southeastern Conference,2025,2025,NA,TRUE
119830,4574689,HighSchool,2020,1448,Trey Amos,Catholic - New Iberia,Louisiana,ATH,72,173,3,0.8422,New Iberia,LA,USA,30.0035365,-91.8187285,22045,ATH,Trey Amos,CB,DB,Mississippi; Alabama; Louisiana,Southeastern Conference,2025,2025,2,TRUE
119834,4568703,HighSchool,2020,1448,Dorian Strong,Dr. Henry Wise,Virginia Tech,CB,72,160,3,0.8422,Upper Marlboro,MD,USA,38.8165274,-76.7519753,24033,DB,Dorian Strong,CB,DB,Virginia Tech,Atlantic Coast Conference,2025,2025,6,TRUE
119962,4576129,HighSchool,2020,1590,Jalen McLeod,Friendship Collegiate Academy,App State,ILB,74,220,3,0.8383,Washington,DC,USA,38.8949855,-77.0365708,11001,LB,Jalen McLeod,LB,LB,Auburn; Appalachian State,Southeastern Conference,2025,2025,6,TRUE
119974,4606711,HighSchool,2020,1608,Taliese Fuaga,Mount Tahoma,Oregon State,OT,77,320,3,0.8378,Tacoma,WA,USA,47.2495798,-122.4398746,53053,OL,Taliese Fuaga,OT,OL,Oregon State,Pacific Twelve Conference,2024,2025,1,TRUE
119993,4431147,HighSchool,2020,1627,Cam Horsley,Cinnaminson,Boston College,DT,74,271,3,0.837,Riverton,NJ,USA,40.0115009,-75.0148931,34005,DL,Cam Horsley,DT,DL,Boston College,Atlantic Coast Conference,2025,2025,NA,TRUE
119995,4242657,HighSchool,2020,1627,Brooks Miller,West Monroe,Baylor,OLB,73,195,3,0.837,West Monroe,LA,USA,32.5184775,-92.1476353,22073,LB,Grant Miller,G,OL,Baylor; Vanderbilt,Big Twelve Conference,2023,2023,NA,TRUE
120006,4370933,HighSchool,2020,1627,Ahmad Jackson,Sandy Creek,Liberty,WR,74,194,3,0.837,Tyrone,GA,USA,33.4713249,-84.5972005,13113,WR,Storey Jackson,LB,LB,Liberty,Independent,2022,2022,NA,TRUE
120010,4565350,HighSchool,2020,1646,Jay Higgins,Brebeuf Jesuit,Iowa,ILB,74,215,3,0.8367,Indianapolis,IN,USA,39.7683331,-86.1583502,18097,LB,Jay Higgins,LB,LB,Iowa,Big Ten Conference,2025,2025,NA,TRUE
120039,4565297,HighSchool,2020,1675,Dontae Fleming,East St. John,Louisiana,WR,72,165,3,0.8359,Reserve,LA,USA,30.0538131,-90.5517534,20013,WR,Dontae Fleming,WR,WR,Tulane,American Athletic Conference,2025,2025,NA,TRUE
120042,4566157,HighSchool,2020,1681,Luke Floriea,Mentor,Kent State,WR,70,170,3,0.8356,Mentor,OH,USA,41.6661573,-81.339552,39085,WR,Luke Floriea,WR,WR,Kent State,Mid-American Conference,2025,2025,NA,TRUE
120048,4431426,HighSchool,2020,1681,Corey Thornton,Booker T. Washington,UCF,CB,73,175,3,0.8356,Miami,FL,USA,25.7742658,-80.1936589,12086,DB,Corey Thornton,CB,DB,Louisville,Atlantic Coast Conference,2025,2025,NA,TRUE
120041,4685056,HighSchool,2020,1681,Reggie Brown,Legacy the School of Sport Sciences,Tulane,TE,75,233,3,0.8356,Houston,TX,USA,29.7589382,-95.3676974,48201,TE,Reggie Brown,RB,RB,Oregon; Pasadena College,NA,1982,1987,4,TRUE
120072,4431006,HighSchool,2020,1707,Caelen Carson,North Point,Wake Forest,CB,72,175,3,0.8348,Waldorf,MD,USA,38.6263882,-76.9106581,24017,DB,Caelen Carson,CB,DB,Wake Forest,Atlantic Coast Conference,2024,2025,5,TRUE
120106,4594338,HighSchool,2020,1747,Da'Quan Johnson,Flomaton,Duke,ATH,72,190,3,0.8333,Flomaton,AL,USA,31.000182,-87.2608071,01053,ATH,Brandon Johnson,CB,DB,Oregon; Duke,Big Ten Conference,2025,2025,NA,TRUE
120125,4596334,HighSchool,2020,1768,Keaton Mitchell,Eagle's Landing Christian Academy,East Carolina,APB,69,170,3,0.8322,McDonough,GA,USA,33.4473361,-84.1468616,13151,RB,Keaton Mitchell,RB,RB,East Carolina,American Athletic Conference,2023,2025,NA,TRUE
120173,4606683,HighSchool,2020,1800,Delmar Glaze,West Mecklenburg,Maryland,OT,77,315,3,0.8315,Charlotte,NC,USA,35.2272,-80.843083,37119,OL,DJ Glaze,OT,OL,Maryland,Big Ten Conference,2024,2025,3,TRUE
120183,4433895,HighSchool,2020,1824,Eric Rogers,Burlington Township,Northern Illinois,S,74,165,3,0.8307,Cherry Hill,NJ,USA,39.9348351,-75.0307264,34007,DB,Eric Rogers,CB,DB,Rutgers,Big Ten Conference,2025,2025,NA,TRUE
120191,4686273,HighSchool,2020,1830,Quinyon Mitchell,Williston,Toledo,CB,73,175,3,0.8306,Williston,FL,USA,29.3880028,-82.4481694,12075,DB,Quinyon Mitchell,CB,DB,Toledo,Mid-American Conference,2024,2025,1,TRUE
120255,4606181,HighSchool,2020,1910,Keydrain Calligan,Westgate,UL Monroe,CB,74,185,3,0.8296,New Iberia,LA,USA,30.0035365,-91.8187285,22045,DB,Keydrain Calligan,DB,DB,Southeastern Louisiana; Jackson State University,Southland Conference,2025,2025,NA,TRUE
120258,4602667,HighSchool,2020,1912,Jaylin Lane,Clover,Middle Tennessee,WR,70,170,3,0.8293,Clover,SC,USA,44.0380716,-87.7016818,55071,WR,Jaylin Lane,WR,WR,Virginia Tech; Middle Tennessee State,Atlantic Coast Conference,2025,2025,4,TRUE
120259,4565200,HighSchool,2020,1912,Upton Stout,North Shore,North Texas,S,69,165,3,0.8293,Houston,TX,USA,29.7589382,-95.3676974,48201,DB,Upton Stout,CB,DB,Western Kentucky; North Texas,Conference USA,2025,2025,3,TRUE
120294,4433830,HighSchool,2020,1941,Luke Grimm,Raymore-Peculiar,Kansas,WR,72,175,3,0.8278,Peculiar,MO,USA,38.7145481,-94.4611204,29037,WR,Luke Grimm,WR,WR,Kansas,Big Twelve Conference,2025,2025,NA,TRUE
120311,4582836,HighSchool,2020,1965,Willie Lampkin,Lakeland,Coastal Carolina,DT,73,288,3,0.8267,Lakeland,FL,USA,28.0394654,-81.9498042,12105,DL,Willie Lampkin,G,OL,North Carolina; Coastal Carolina,Atlantic Coast Conference,2025,2025,NA,TRUE
120307,4608686,HighSchool,2020,1965,Kyle Monangai,Don Bosco Prep,Rutgers,RB,68.5,203,3,0.8267,Ramsey,NJ,USA,41.0573188,-74.1409771,34003,RB,Kyle Monangai,RB,RB,Rutgers,Big Ten Conference,2025,2025,7,TRUE
120324,4430388,HighSchool,2020,1971,Dewayne McBride,Vanguard,UAB,RB,71,212,3,0.8267,Ocala,FL,USA,29.1871986,-82.1400923,12083,RB,DeWayne McBride,RB,RB,UAB,Conference USA,2023,2023,7,TRUE
120431,4570033,HighSchool,2020,2080,Kai Kroeger,Lake Forest,South Carolina,P,75,190,3,0.8226,Lake Forest,IL,USA,42.2586342,-87.840625,17097,ST,Kai Kroeger,P,SPEC,South Carolina,Southeastern Conference,2025,2025,NA,TRUE
120474,4574716,HighSchool,2020,2131,Harrison Mevis,Warsaw Community,Missouri,K,73,200,3,0.8211,Warsaw,IN,USA,41.2381017,-85.8530544,18085,ST,Harrison Mevis,K,SPEC,Missouri,Southeastern Conference,2025,2025,NA,TRUE
120487,4610705,HighSchool,2020,2145,Nohl Williams,Pacifica,UNLV,CB,72,170,3,0.8204,Oxnard,CA,USA,34.1976308,-119.1803818,06111,DB,Nohl Williams,CB,DB,California,Atlantic Coast Conference,2025,2025,3,TRUE
120552,4608762,HighSchool,2020,2154,John Saunders,High Point Christian Academy,Miami (OH),WR,76,195,3,0.82,High Point,NC,USA,35.9556924,-80.0053176,37081,WR,John Saunders Jr.,SAF,DB,Mississippi; Miami (Ohio),Southeastern Conference,2025,2025,NA,TRUE
120567,4361942,HighSchool,2020,2154,James Williams,Athens Academy,Syracuse,K,73,182,3,0.82,Athens,GA,USA,33.9597677,-83.376398,13059,ST,Trill Williams,DB,DB,Syracuse,Atlantic Coast Conference,2021,2022,NA,TRUE
120584,4612182,HighSchool,2020,2243,Evan Anderson,Jones,Florida Atlantic,OG,75,325,3,0.8189,Orlando,FL,USA,28.5421109,-81.3790304,12095,OL,Evan Anderson,DL,DL,Florida Atlantic,American Athletic Conference,2024,2025,NA,TRUE
120588,4686768,HighSchool,2020,2243,Gerad Christian-Lichtenhan,Davis Senior,Colorado,OT,80.5,345,3,0.8189,Davis,CA,USA,38.545379,-121.7445835,06113,OL,Gerad Lichtenhan,OT,OL,Oregon State,Pacific Twelve Conference,2025,2025,NA,TRUE
120606,4686612,HighSchool,2020,2258,Tre Harris,Comeaux,Louisiana Tech,ATH,75,190,3,0.8181,Lafayette,LA,USA,30.2240897,-92.0198427,22055,ATH,Tre Harris,WR,WR,Mississippi; Louisiana Tech,Southeastern Conference,2025,2025,2,TRUE
120644,4429951,HighSchool,2020,2294,Reid Holskey,Licking Heights,Miami (OH),OT,79,272,3,0.8167,Pataskala,OH,USA,39.9956193,-82.6743341,39089,OL,Reid Holskey,OT,OL,Miami (Ohio),Mid-American Conference,2025,2025,NA,TRUE
120673,4612077,HighSchool,2020,2325,Bryce Cabeldue,Clovis,Kansas,OT,78,245,3,0.8159,Clovis,NM,USA,34.405472,-103.2050709,35009,OL,Bryce Cabeldue,G,OL,Kansas,Big Twelve Conference,2025,2025,6,TRUE
120688,4684527,HighSchool,2020,2333,Jesse Sanders,South Aiken,South Carolina,TE,76,240,3,0.8156,Aiken,SC,USA,33.5598586,-81.721952,45003,TE,T.J. Sanders,DT,DL,South Carolina,Southeastern Conference,2025,2025,2,TRUE
120700,4612272,HighSchool,2020,2355,Jakob Robinson,Orem,Utah State,CB,70,155,3,0.8148,Orem,UT,USA,40.2971825,-111.694943,49049,DB,Jakob Robinson,CB,DB,BYU; Utah State,Big Twelve Conference,2025,2025,NA,TRUE
120705,4565320,HighSchool,2020,2355,Savion Washington,St. Vincent-St. Mary,Kent State,OT,80,340,3,0.8148,Akron,OH,USA,41.083064,-81.518485,39153,OL,Savion Washington,OT,OL,Syracuse; Colorado; Kent State,Atlantic Coast Conference,2025,2025,NA,TRUE
120889,4608004,HighSchool,2020,2503,Donte Kent,Harrisburg,Central Michigan,ATH,71,165,3,0.81,Harrisburg,PA,USA,40.2663107,-76.8861122,42043,ATH,Donte Kent,CB,DB,Central Michigan,Mid-American Conference,2025,2025,7,TRUE
120933,4608604,HighSchool,2020,2503,Wyett Ekeler,Windsor,Wyoming,RB,71,195,3,0.81,Severance,CO,USA,NA,NA,NA,RB,Wyett Ekeler,SAF,DB,Wyoming,NA,2025,2025,NA,TRUE
120956,4605858,HighSchool,2020,2611,Rivaldo Fairweather,Boyd Anderson,Florida International,TE,77,210,3,0.8094,Fort Lauderdale,FL,USA,26.1223084,-80.1433786,12011,TE,Rivaldo Fairweather,TE,TE,Auburn; Florida International,Southeastern Conference,2025,2025,NA,TRUE
120964,4597703,HighSchool,2020,2622,Tory Horton,Washington Union,Nevada,ATH,73,161,3,0.8089,Fresno,CA,USA,36.7295295,-119.70886126075588,06019,ATH,Tory Horton,WR,WR,Colorado State; Nevada,Mountain West Conference,2025,2025,5,TRUE
120980,4431145,HighSchool,2020,2627,Maxen Hook,New Palestine,Toledo,S,74,180,3,0.8083,New Palestine,IN,USA,39.7219882,-85.8891471,18059,DB,Maxen Hook,SAF,DB,Toledo,Mid-American Conference,2025,2025,NA,TRUE
120988,4710855,HighSchool,2020,2640,Konata Mumpfield,Dacula,Akron,ATH,72,175,3,0.8081,Dacula,GA,USA,33.9887165,-83.8979573,13135,ATH,Konata Mumpfield,WR,WR,Pittsburgh; Akron,Atlantic Coast Conference,2025,2025,7,TRUE
120983,4689651,HighSchool,2020,2640,Mac McWilliams,Pine Forest,UAB,CB,70,175,3,0.8081,Pensacola,FL,USA,30.421309,-87.2169149,12033,DB,Mac McWilliams,CB,DB,UCF; UAB,Big Twelve Conference,2025,2025,5,TRUE
121054,4433914,HighSchool,2020,2694,Jack Taylor,The Lawrenceville School,Western Michigan,OT,77,295,3,0.8056,Lawrenceville,NJ,USA,40.300987649999996,-74.73737283395636,34021,OL,Branson Taylor,G,OL,Pittsburgh,Atlantic Coast Conference,2025,2025,6,TRUE
121064,4695280,HighSchool,2020,2694,Micah Robinson,Westlake,Furman,CB,71,160,3,0.8056,Atlanta,GA,USA,33.7490987,-84.3901849,13121,DB,Micah Robinson,CB,DB,Tulane,American Athletic Conference,2025,2025,7,TRUE
121071,4605792,HighSchool,2020,2729,Adin Huntington,Mountain View,Kent State,DT,72,260,3,0.805,Stafford,VA,USA,38.4222681,-77.4084067,51179,DL,Adin Huntington,DE,DL,Tulane; Louisiana-Monroe; Kent State,American Athletic Conference,2025,2025,NA,TRUE
121086,4697745,HighSchool,2020,2742,Tyler Loop,Lovejoy,Arizona,K,72,160,3,0.8037,Lucas,TX,USA,33.0842854,-96.5766577,48085,ST,Tyler Loop,K,SPEC,Arizona,Big Twelve Conference,2025,2025,6,TRUE
121163,4609783,HighSchool,2020,2819,Mose Vavao,St. Francis,Fresno State,OG,74,313,3,0.8,Mountain View,CA,USA,37.3893889,-122.0832101,06085,OL,Mose Vavao,C,OL,Fresno State,Mountain West Conference,2025,2025,NA,TRUE
121332,4566158,HighSchool,2020,2990,Ben Sauls,Tippecanoe,Pittsburgh,K,70,175,3,0.7996,Tipp City,OH,USA,39.9583892,-84.1721638,39109,ST,Ben Sauls,K,SPEC,Pittsburgh,Atlantic Coast Conference,2025,2025,NA,TRUE
121341,4695193,HighSchool,2020,3000,Efton Chism III,Monroe,Eastern Washington,WR,71,186,3,0.7983,Monroe,WA,USA,47.8552259,-121.9713359,53061,WR,Efton Chism III,WR,WR,Eastern Washington,Big Sky Conference,2025,2025,NA,TRUE
121353,4589212,HighSchool,2020,3010,Jeremy Crawshaw,ProKick Australia,Florida,P,75,190,3,0.7978,Australia,AUST,USA,NA,NA,NA,ST,Jeremy Crawshaw,P,SPEC,Florida,Southeastern Conference,2025,2025,6,TRUE
121351,4608691,HighSchool,2020,3010,Maximilian Mang,Germany,Syracuse,TE,79,230,3,0.7978,Germany,GERM,USA,NA,NA,NA,TE,Maximilian Mang,TE,TE,Syracuse,Atlantic Coast Conference,2025,2025,NA,TRUE
121428,4605841,HighSchool,2020,3085,Nate Carter,Bishop Kearney,UConn,RB,70,190,2,0.793,Rochester,NY,USA,43.157285,-77.615214,36055,RB,Nate Carter,RB,RB,Michigan State; Connecticut,Big Ten Conference,2025,2025,NA,TRUE
121453,4613104,HighSchool,2020,3099,Malachi Corley,Campbellsville,Western Kentucky,CB,70.5,167,2,0.7906,Campbellsville,KY,USA,37.3433974,-85.3419069,21217,DB,Malachi Corley,WR,WR,Western Kentucky,Conference USA,2024,2025,3,TRUE
121636,4688432,HighSchool,2020,3115,Elijah Ponder,Bishop Amat,Cal Poly,OLB,75,200,2,0.79,La Puente,CA,USA,34.01979,-117.9503677,06037,LB,Elijah Ponder,LB,LB,Cal Poly (San Luis Obispo),Big Sky Conference,2025,2025,NA,TRUE
121546,4698253,HighSchool,2020,3115,Lan Larison,Vallivue,UC Davis,DUAL,72,180,2,0.79,Caldwell,ID,USA,43.6678736,-116.6894156,16027,QB,Lan Larison,RB,RB,UC Davis,Big Sky Conference,2025,2025,NA,TRUE
121692,4698244,HighSchool,2020,3345,Teddye Buchanan,St. Ignatius College Preparatory,UC Davis,OLB,74,210,2,0.7883,San Francisco,CA,USA,37.7790262,-122.4199061,06075,LB,Teddye Buchanan,LB,LB,California,Atlantic Coast Conference,2025,2025,4,TRUE
121867,4613050,HighSchool,2020,3396,Quentin Skinner,Claremore,Kansas,ATH,74,160,2,0.78,Claremore,OK,USA,36.3126005,-95.6160686,40131,ATH,Quentin Skinner,WR,WR,Kansas,Big Twelve Conference,2025,2025,NA,TRUE
122125,4695991,HighSchool,2020,3755,Johnathan Edwards,Parkway North,Indiana State,CB,72,175,2,0.76,St. Louis,MO,USA,38.6268039,-90.1994097,29510,DB,Johnathan Edwards,CB,DB,Tulane,American Athletic Conference,2025,2025,NA,TRUE
122251,4570858,HighSchool,2020,3908,Jesse Johnson,Marion-Franklin,Eastern Illinois,CB,72,170,2,0.71,Columbus,OH,USA,39.9622601,-83.0007065,39049,DB,Jason Johnson,WR,WR,Illinois State,NA,1988,1991,NA,TRUE
115745,4566154,HighSchool,2021,4,J.T. Tuimoloau,Eastside Catholic,Ohio State,DL,76.5,277,5,0.9989,Sammamish,WA,USA,47.6088445,-122.0423067,53033,DL,JT Tuimoloau,DE,DL,Ohio State,Big Ten Conference,2025,2025,2,TRUE
115746,4431590,HighSchool,2021,5,Jack Sawyer,Pickerington North,Ohio State,DL,77,248,5,0.998,Pickerington,OH,USA,39.896277299999994,-82.77319049748806,39045,DL,Jack Sawyer,LB,LB,Ohio State,Big Ten Conference,2025,2025,4,TRUE
115749,4431571,HighSchool,2021,8,Amarius Mims,Bleckley County,Georgia,OT,79,315,5,0.9956,Cochran,GA,USA,32.3868278,-83.3546098,13023,OL,Amarius Mims,OT,OL,Georgia,Southeastern Conference,2024,2025,1,TRUE
115750,4565190,HighSchool,2021,9,Dallas Turner,St. Thomas Aquinas,Alabama,EDGE,76,245,5,0.995,Fort Lauderdale,FL,USA,26.1223084,-80.1433786,12011,OTHER,Dallas Turner,LB,LB,Alabama,Southeastern Conference,2024,2025,1,TRUE
115751,4567750,HighSchool,2021,10,Emeka Egbuka,Steilacoom,Ohio State,WR,73,190,5,0.9945,Steilacoom,WA,USA,47.1703692,-122.5962874,53053,WR,Emeka Egbuka,WR,WR,Ohio State,Big Ten Conference,2025,2025,1,TRUE
115752,4431598,HighSchool,2021,11,Leonard Taylor III,Miami Palmetto,Miami,DL,76,265,5,0.9938,Miami,FL,USA,25.7742658,-80.1936589,12086,DL,Leonard Taylor III,DT,DL,Miami,Atlantic Coast Conference,2024,2025,NA,TRUE
115754,4431588,HighSchool,2021,13,Ja'Tavion Sanders,Ryan,Texas,ATH,75.5,235,5,0.9932,Denton,TX,USA,33.2150386,-97.1330516,48121,ATH,Ja'Tavion Sanders,TE,TE,Texas,Big Twelve Conference,2024,2025,4,TRUE
115760,4431553,HighSchool,2021,19,Donovan Jackson,Episcopal,Ohio State,IOL,76.5,308,5,0.99,Bellaire,TX,USA,29.7057858,-95.4588299,48201,OTHER,Donovan Jackson,G,OL,Ohio State,Big Ten Conference,2025,2025,1,TRUE
115764,4432710,HighSchool,2021,23,TreVeyon Henderson,Hopewell,Ohio State,RB,71,195,5,0.9872,Hopewell,VA,USA,36.7468036,-79.4639158,51143,RB,TreVeyon Henderson,RB,RB,Ohio State,Big Ten Conference,2025,2025,2,TRUE
115766,4433970,HighSchool,2021,25,J.J. McCarthy,IMG Academy,Michigan,QB,75,190,5,0.9866,La Grange Park,IL,USA,41.8333646,-87.8677324,17031,QB,J.J. McCarthy,QB,QB,Michigan,Big Ten Conference,2024,2025,1,TRUE
115768,4431506,HighSchool,2021,27,Ja'Corey Brooks,IMG Academy,Alabama,WR,75,185,5,0.9861,Miami,FL,USA,25.7742658,-80.1936589,12086,WR,Ja'Corey Brooks,WR,WR,Louisville,Atlantic Coast Conference,2025,2025,NA,TRUE
115769,4433971,HighSchool,2021,28,Kyle McCord,St. Joseph's,Ohio State,QB,75,215,5,0.9858,Philadelphia,PA,USA,39.9527237,-75.1635262,42101,QB,Kyle McCord,QB,QB,Syracuse; Ohio State,Atlantic Coast Conference,2025,2025,6,TRUE
115773,4431545,HighSchool,2021,32,Will Shipley,Weddington,Clemson,RB,71,198,5,0.9839,Matthews,NC,USA,35.1170873,-80.723718,37119,RB,Will Shipley,RB,RB,Clemson,Atlantic Coast Conference,2024,2025,4,TRUE
115774,4431519,HighSchool,2021,33,Barrett Carter,North Gwinnett,Clemson,LB,73,220,5,0.9835,Suwanee,GA,USA,34.0514898,-84.0712997,13135,LB,Barrett Carter,LB,LB,Clemson,Atlantic Coast Conference,2025,2025,4,TRUE
115776,4431573,HighSchool,2021,35,Smael Mondon Jr.,Paulding County,Georgia,LB,75,220,5,0.9834,Dallas,GA,USA,33.9237141,-84.8407732,13223,LB,Smael Mondon Jr.,LB,LB,Georgia,Southeastern Conference,2025,2025,5,TRUE
115777,4431595,HighSchool,2021,36,Kingsley Suamataia,Orem,Oregon,OT,77,280,4,0.9823,Orem,UT,USA,40.2971825,-111.694943,49049,OL,Kingsley Suamataia,OT,OL,BYU; Oregon,Big Twelve Conference,2024,2025,2,TRUE
115778,4432777,HighSchool,2021,37,Jeremiah Trotter Jr.,St. Joseph's,Clemson,LB,72,210,4,0.9818,Philadelphia,PA,USA,39.9527237,-75.1635262,42101,LB,Jeremiah Trotter Jr.,LB,LB,Clemson,Atlantic Coast Conference,2024,2025,5,TRUE
115782,4431280,HighSchool,2021,41,Troy Franklin,Menlo-Atherton,Oregon,WR,74,170,4,0.9808,Menlo Park,CA,USA,37.4519671,-122.1779927,06081,WR,Troy Franklin,WR,WR,Oregon,Pacific Twelve Conference,2024,2025,4,TRUE
115783,4431536,HighSchool,2021,42,Donovan Edwards,West Bloomfield,Michigan,RB,71,190,4,0.9806,West Bloomfield,MI,USA,42.5679,-83.3733,36069,RB,Donovan Edwards,RB,RB,Michigan,Big Ten Conference,2025,2025,NA,TRUE
115785,4431194,HighSchool,2021,44,Billy Bowman,Ryan,Oklahoma,ATH,70,175,4,0.9799,Denton,TX,USA,33.2150386,-97.1330516,48121,ATH,Billy Bowman Jr.,SAF,DB,Oklahoma,Southeastern Conference,2025,2025,4,TRUE
115792,4592837,HighSchool,2021,51,Terrion Arnold,John Paul II Catholic,Alabama,S,72,180,4,0.9745,Tallahassee,FL,USA,30.4380832,-84.2809332,12073,DB,Terrion Arnold,CB,DB,Alabama,Southeastern Conference,2024,2025,1,TRUE
115794,4600415,HighSchool,2021,53,Michael Hall Jr.,Streetsboro,Ohio State,DL,75,290,4,0.9742,Streetsboro,OH,USA,41.239223,-81.345941,39133,DL,Mike Hall Jr.,DT,DL,Ohio State,Big Ten Conference,2024,2025,2,TRUE
115797,4431452,HighSchool,2021,56,Drake Maye,Myers Park,North Carolina,QB,77,210,4,0.9724,Charlotte,NC,USA,35.2272,-80.843083,37119,QB,Drake Maye,QB,QB,North Carolina,Atlantic Coast Conference,2024,2025,1,TRUE
115802,4431196,HighSchool,2021,61,Jake Briningstool,Ravenwood,Clemson,TE,77,215,4,0.9713,Brentwood,TN,USA,36.0325687,-86.7825235,47187,TE,Jake Briningstool,TE,TE,Clemson,Atlantic Coast Conference,2025,2025,NA,TRUE
115803,4683062,HighSchool,2021,62,Xavier Worthy,Central East,Texas,WR,73,160,4,0.9712,Fresno,CA,USA,36.7295295,-119.70886126075588,06019,WR,Xavier Worthy,WR,WR,Texas,Big Twelve Conference,2024,2025,1,TRUE
115809,4431586,HighSchool,2021,68,Chop Robinson,Quince Orchard,Maryland,EDGE,75,220,4,0.9698,Gaithersburg,MD,USA,39.1434406,-77.2013705,24031,OTHER,Chop Robinson,LB,LB,Penn State; Maryland,Big Ten Conference,2024,2025,1,TRUE
115810,4689114,HighSchool,2021,69,Jaxson Dart,Corner Canyon,USC,QB,75,210,4,0.9693,Draper,UT,USA,40.5246711,-111.8638226,49035,QB,Jaxson Dart,QB,QB,Mississippi; USC,Southeastern Conference,2025,2025,1,TRUE
115814,4596480,HighSchool,2021,73,Jordan Hancock,North Gwinnett,Ohio State,CB,73,170,4,0.968,Suwanee,GA,USA,34.0514898,-84.0712997,13135,DB,Jordan Hancock,CB,DB,Ohio State,Big Ten Conference,2025,2025,5,TRUE
115823,4432734,HighSchool,2021,82,Jalen Milroe,Tompkins,Alabama,QB,75,206,4,0.9631,Katy,TX,USA,29.7857853,-95.8243956,48157,QB,Jalen Milroe,QB,QB,Alabama,Southeastern Conference,2025,2025,3,TRUE
115827,4431210,HighSchool,2021,86,Beaux Collins,St. John Bosco,Clemson,WR,74.5,195,4,0.9624,Bellflower,CA,USA,33.8825705,-118.1167679,06037,WR,Beaux Collins,WR,WR,Notre Dame; Clemson,Independent,2025,2025,NA,TRUE
115831,4431212,HighSchool,2021,90,Junior Colson,Ravenwood,Michigan,LB,74,228,4,0.9597,Brentwood,TN,USA,36.0325687,-86.7825235,47187,LB,Junior Colson,LB,LB,Michigan,Big Ten Conference,2024,2025,3,TRUE
115832,4431252,HighSchool,2021,91,Garrett Dellinger,Clarkston,LSU,OT,77,280,4,0.9595,Clarkston,MI,USA,42.735863,-83.4188304,26125,OL,Garrett Dellinger,G,OL,LSU,Southeastern Conference,2025,2025,7,TRUE
115834,4590292,HighSchool,2021,93,Thomas Fidone II,Lewis Central,Nebraska,TE,77,225,4,0.9593,Council Bluffs,IA,USA,41.2621283,-95.8613912,19155,TE,Thomas Fidone II,TE,TE,Nebraska,Big Ten Conference,2025,2025,7,TRUE
115835,4431582,HighSchool,2021,94,Payton Page,Dudley,Clemson,DL,76,360,4,0.9585,Greensboro,NC,USA,36.0726355,-79.7919754,37081,DL,Payton Page,DT,DL,Clemson,Atlantic Coast Conference,2025,2025,NA,TRUE
115838,4432708,HighSchool,2021,97,Marvin Harrison Jr.,St. Joseph's Prep,Ohio State,WR,75,190,4,0.9583,Philadelphia,PA,USA,39.9527237,-75.1635262,42101,WR,Marvin Harrison Jr.,WR,WR,Ohio State,Big Ten Conference,2024,2025,1,TRUE
115839,4646773,HighSchool,2021,98,Dylan Fairchild,West Forsyth,Georgia,IOL,77,298,4,0.9582,Cumming,GA,USA,34.2073196,-84.1401926,13117,OTHER,Dylan Fairchild,G,OL,Georgia,Southeastern Conference,2025,2025,3,TRUE
115846,4432665,HighSchool,2021,105,Brock Bowers,Napa,Georgia,TE,75,225,4,0.9531,Napa,CA,USA,38.2971367,-122.2855293,06055,TE,Brock Bowers,TE,TE,Georgia,Southeastern Conference,2024,2025,1,TRUE
115850,4431463,HighSchool,2021,109,Wyatt Milum,Spring Valley,West Virginia,OT,78,273,4,0.9507,Huntington,WV,USA,38.4192496,-82.445154,54011,OL,Wyatt Milum,OT,OL,West Virginia,Big Twelve Conference,2025,2025,3,TRUE
115859,4601278,HighSchool,2021,118,Nate Wiggins,Westlake,Clemson,CB,74,170,4,0.9451,Atlanta,GA,USA,33.7490987,-84.3901849,13121,DB,Nate Wiggins,CB,DB,Clemson,Atlantic Coast Conference,2024,2025,1,TRUE
115869,4432695,HighSchool,2021,128,Power Echols,Chambers,North Carolina,LB,73,206,4,0.9408,Charlotte,NC,USA,35.2272,-80.843083,37119,LB,Power Echols,LB,LB,North Carolina,Atlantic Coast Conference,2025,2025,NA,TRUE
115877,4567802,HighSchool,2021,136,Drew Kendall,Noble And Greenough School,Boston College,IOL,76,260,4,0.9392,Dedham,MA,USA,42.2489143,-71.1755732,25021,OTHER,Drew Kendall,C,OL,Boston College,Atlantic Coast Conference,2025,2025,5,TRUE
115881,4362794,HighSchool,2021,140,Isaiah Johnson,St. Bernard,Arizona State,CB,74,180,4,0.9381,Playa Del Rey,CA,USA,33.9550828,-118.4367496,06037,DB,Cam Johnson,WR,WR,Northwestern; Arizona State; Vanderbilt,Big Ten Conference,2024,2024,NA,TRUE
115882,4683815,HighSchool,2021,141,Trevin Wallace,Wayne County,Kentucky,LB,74,209,4,0.938,Jesup,GA,USA,31.6074365,-81.8853924,13305,LB,Trevin Wallace,LB,LB,Kentucky,Southeastern Conference,2024,2025,3,TRUE
115891,4629149,HighSchool,2021,150,Tyrion Ingram-Dawkins,Gaffney,Georgia,DL,77,298,4,0.9356,Gaffney,SC,USA,35.0717945,-81.6498195,45021,DL,Tyrion Ingram-Dawkins,DT,DL,Georgia,Southeastern Conference,2025,2025,5,TRUE
115898,4603189,HighSchool,2021,157,Sai'vion Jones,St. James,LSU,EDGE,77,240,4,0.9333,Saint James,LA,USA,29.9828,-90.8309,36103,OTHER,Sai'vion Jones,DE,DL,LSU,Southeastern Conference,2025,2025,3,TRUE
115901,4432731,HighSchool,2021,160,Moliki Matavao,Liberty,Oregon,TE,78,240,4,0.9324,Henderson,NV,USA,36.0301134,-114.9826194,32003,TE,Moliki Matavao,TE,TE,UCLA,Big Ten Conference,2025,2025,7,TRUE
115903,4431431,HighSchool,2021,162,Corey Kiner,Roger Bacon,LSU,RB,70,210,4,0.9317,Cincinnati,OH,USA,39.1014537,-84.5124602,39061,RB,Corey Kiner,RB,RB,Cincinnati; LSU,Big Twelve Conference,2025,2025,NA,TRUE
115906,4432715,HighSchool,2021,165,Ketron Jackson,Royse City,Arkansas,WR,74,186,4,0.929,Royse City,TX,USA,32.9761045,-96.331334,48397,WR,Landon Jackson,DE,DL,Arkansas; LSU,Southeastern Conference,2025,2025,3,TRUE
115908,4602197,HighSchool,2021,167,Andrew Mukuba,LBJ,Clemson,S,72,185,4,0.9278,Austin,TX,USA,30.2711286,-97.7436995,48453,DB,Andrew Mukuba,SAF,DB,Texas; Clemson,Southeastern Conference,2025,2025,2,TRUE
115915,4431534,HighSchool,2021,174,Ethan Downs,Weatherford,Oklahoma,EDGE,76,240,4,0.9261,Weatherford,OK,USA,35.5261633,-98.7075744,40039,OTHER,Ethan Downs,DE,DL,Oklahoma,Southeastern Conference,2025,2025,NA,TRUE
115927,4431517,HighSchool,2021,186,Calen Bullock,John Muir,USC,ATH,74,175,4,0.9238,Pasadena,CA,USA,34.1476452,-118.1444779,06037,ATH,Calen Bullock,SAF,DB,USC,Pacific Twelve Conference,2024,2025,3,TRUE
115929,4431562,HighSchool,2021,188,Phil Mafah,Grayson,Clemson,RB,73,215,4,0.9237,Loganville,GA,USA,33.8389977,-83.9007382,13297,RB,Phil Mafah,RB,RB,Clemson,Atlantic Coast Conference,2025,2025,7,TRUE
115938,4875295,HighSchool,2021,197,Jackson Powers-Johnson,Corner Canyon,Oregon,IOL,75,284,4,0.9216,Draper,UT,USA,40.5246711,-111.8638226,49035,OTHER,Jackson Powers-Johnson,G,OL,Oregon,Pacific Twelve Conference,2024,2025,2,TRUE
115939,4569680,HighSchool,2021,198,Jamon Dumas-Johnson,St. Frances Academy,Georgia,LB,73,235,4,0.9215,Baltimore,MD,USA,39.2908816,-76.610759,24510,LB,Jamon Johnson,LB,LB,Kentucky; Georgia,Southeastern Conference,2025,2025,NA,TRUE
115940,4432668,HighSchool,2021,199,Denzel Burke,Saguaro,Ohio State,ATH,72,189,4,0.9213,Scottsdale,AZ,USA,33.4942189,-111.9260184,04013,ATH,Denzel Burke,CB,DB,Ohio State,Big Ten Conference,2025,2025,5,TRUE
115942,4678006,HighSchool,2021,201,Elijah Arroyo,Independence,Miami,TE,76,210,4,0.9212,Frisco,TX,USA,33.1506744,-96.8236116,48085,TE,Elijah Arroyo,TE,TE,Miami,Atlantic Coast Conference,2025,2025,2,TRUE
115947,4596602,HighSchool,2021,206,Brashard Smith,Miami Palmetto,Miami,WR,68.5,190,4,0.9198,Miami,FL,USA,25.7742658,-80.1936589,12086,WR,Brashard Smith,RB,RB,SMU; Miami,Atlantic Coast Conference,2025,2025,7,TRUE
115953,4432789,HighSchool,2021,212,Hunter Wohler,Muskego,Wisconsin,S,73,190,4,0.9184,Muskego,WI,USA,42.905848,-88.1389779,55133,DB,Hunter Wohler,SAF,DB,Wisconsin,Big Ten Conference,2025,2025,7,TRUE
115957,4570037,HighSchool,2021,216,Terrance Ferguson,Heritage,Oregon,TE,77,230,4,0.9178,Littleton,CO,USA,39.613321,-105.0166498,08005,TE,Terrance Ferguson,TE,TE,Oregon,Big Ten Conference,2025,2025,2,TRUE
115963,4431433,HighSchool,2021,222,Kalen King,Cass Technical,Penn State,CB,71,170,4,0.9168,Detroit,MI,USA,42.3315509,-83.046640300000007,26163,DB,Kalen King,CB,DB,Penn State,Big Ten Conference,2024,2025,7,TRUE
115968,4685247,HighSchool,2021,227,Braelon Allen,Fond Du Lac,Wisconsin,LB,74,215,4,0.9159,Fond Du Lac,WI,USA,43.7748763,-88.4458033,55039,LB,Braelon Allen,RB,RB,Wisconsin,Big Ten Conference,2024,2025,4,TRUE
115972,4569682,HighSchool,2021,231,Audric Estime,St Joseph Regional,Notre Dame,RB,73.5,215,4,0.9146,Montvale,NJ,USA,41.0467635,-74.0229173,34003,RB,Audric Estimé,RB,RB,Notre Dame,Independent,2024,2025,5,TRUE
115977,4431523,HighSchool,2021,236,Connor Colby,John F. Kennedy,Iowa,IOL,77,305,4,0.914,Cedar Rapids,IA,USA,41.9758872,-91.6704053,19113,OTHER,Connor Colby,G,OL,Iowa,Big Ten Conference,2025,2025,7,TRUE
115980,4602699,HighSchool,2021,239,Kamari Lassiter,American Christian,Georgia,CB,72,185,4,0.9137,Tuscaloosa,AL,USA,33.2095614,-87.5675258,01125,DB,Kamari Lassiter,CB,DB,Georgia,Southeastern Conference,2024,2025,2,TRUE
115988,4432762,HighSchool,2021,247,Shedeur Sanders,Trinity Christian School,Jackson State,QB,73,198,4,0.9126,Cedar Hill,TX,USA,32.5888072,-96.9553675,48113,QB,Shedeur Sanders,QB,QB,Colorado; Jackson State University,Big Twelve Conference,2025,2025,5,TRUE
115992,4595348,HighSchool,2021,251,Malik Nabers,Southside,LSU,WR,72,190,4,0.9112,Youngsville,LA,USA,30.0996471,-91.9901206,22055,WR,Malik Nabers,WR,WR,LSU,Southeastern Conference,2024,2025,1,TRUE
116005,4595352,HighSchool,2021,264,Alijah Clark,Camden,Rutgers,CB,74,180,4,0.9086,Camden,NJ,USA,39.9448402,-75.1198911,34007,DB,Alijah Clark,SAF,DB,Syracuse; Rutgers,Atlantic Coast Conference,2025,2025,NA,TRUE
116011,4431405,HighSchool,2021,270,Tysheem Johnson,Neumann Goretti,Ole Miss,S,70,190,4,0.9071,Philadelphia,PA,USA,39.9527237,-75.1635262,42101,DB,Tysheem Johnson,SAF,DB,Oregon; Mississippi,Big Ten Conference,2025,2025,NA,TRUE
116013,4685721,HighSchool,2021,272,Raheim Sanders,Rockledge,Arkansas,ATH,74,210,4,0.9069,Rockledge,FL,USA,28.313751500000002,-80.72421890178558,12009,ATH,Drew Sanders,LB,LB,Arkansas; Alabama,Southeastern Conference,2023,2025,3,TRUE
116018,4683450,HighSchool,2021,277,Tommy Akingbesote,Charles Herbert Flowers,Maryland,DL,76,270,4,0.906,Upper Marlboro,MD,USA,38.8165274,-76.7519753,24033,DL,Tommy Akingbesote,DT,DL,Maryland,Big Ten Conference,2025,2025,7,TRUE
116022,4432758,HighSchool,2021,281,Jaylen Reed,Martin Luther King,Penn State,S,72,190,4,0.9057,Detroit,MI,USA,42.3315509,-83.046640300000007,26163,DB,Jaylen Reed,SAF,DB,Penn State,Big Ten Conference,2025,2025,6,TRUE
116061,4596363,HighSchool,2021,320,Kamren Kinchens,Northwestern,Miami,S,71,201,4,0.8994,Miami,FL,USA,25.7742658,-80.1936589,12086,DB,Kamren Kinchens,SAF,DB,Miami,Atlantic Coast Conference,2024,2025,3,TRUE
116064,4594277,HighSchool,2021,323,Jaylin Smith,Bishop Alemany,USC,ATH,71,180,4,0.8993,Mission Hills,CA,USA,34.687584,-120.43901754304565,06083,ATH,Jaylin Smith,CB,DB,USC,Big Ten Conference,2025,2025,3,TRUE
116075,4602389,HighSchool,2021,334,Jeffrey Bassa,Kearns,Oregon,S,75,200,4,0.8978,Salt Lake City,UT,USA,40.7596198,-111.8867975,49035,DB,Jeffrey Bassa,LB,LB,Oregon,Big Ten Conference,2025,2025,5,TRUE
116077,4602969,HighSchool,2021,334,Bryson Nesbit,South Mecklenburg,North Carolina,TE,78,235,4,0.8978,Charlotte,NC,USA,35.2272,-80.843083,37119,TE,Bryson Nesbit,TE,TE,North Carolina,Atlantic Coast Conference,2025,2025,NA,TRUE
116081,4596448,HighSchool,2021,340,Bucky Irving,Hillcrest,Minnesota,RB,70,175,4,0.8972,Country Club Hills,IL,USA,41.5680898,-87.7203257,17031,RB,Bucky Irving,RB,RB,Oregon; Minnesota,Pacific Twelve Conference,2024,2025,4,TRUE
116084,4603186,HighSchool,2021,342,Jack Bech,St. Thomas More,LSU,WR,74,215,4,0.8967,Lafayette,LA,USA,30.2240897,-92.0198427,22055,WR,Jack Bech,WR,WR,TCU; LSU,Big Twelve Conference,2025,2025,2,TRUE
116088,4569659,HighSchool,2021,342,Josh Simmons,Helix,San Diego State,IOL,78,280,4,0.8967,La Mesa,CA,USA,32.7678288,-117.0230839,06073,OTHER,Josh Simmons,OT,OL,Ohio State; San Diego State,Big Ten Conference,2025,2025,1,TRUE
116096,4819231,HighSchool,2021,354,Keagan Johnson,Bellevue West,Iowa,ATH,73,180,4,0.8956,Bellevue,NE,USA,41.1366494,-95.8907373,31153,ATH,Kaleb Johnson,RB,RB,Iowa,Big Ten Conference,2025,2025,3,TRUE
116100,4682618,HighSchool,2021,359,Cooper DeJean,Battle Creek-Ida Grove,Iowa,S,74,195,4,0.895,Ida Grove,IA,USA,42.3449871,-95.4716666,19093,DB,Cooper DeJean,CB,DB,Iowa,Big Ten Conference,2024,2025,2,TRUE
116107,4686104,HighSchool,2021,366,George Wilson,Green Run,Florida State,EDGE,77,214,4,0.8934,Virginia Beach,VA,USA,36.8529841,-75.9774183,51810,OTHER,Johnny Wilson,WR,WR,Florida State; Arizona State,Atlantic Coast Conference,2024,2025,6,TRUE
116122,4635008,HighSchool,2021,377,Keon Coleman,Opelousas Catholic School,Michigan State,WR,76,200,4,0.8926,Opelousas,LA,USA,30.5335302,-92.081509,22097,WR,Keon Coleman,WR,WR,Florida State; Michigan State,Atlantic Coast Conference,2024,2025,2,TRUE
116124,4597500,HighSchool,2021,383,Adonai Mitchell,Cane Ridge,Georgia,WR,75,190,4,0.8922,Antioch,TN,USA,36.0806394,-83.7799037,47093,WR,Adonai Mitchell,WR,WR,Texas; Georgia,Big Twelve Conference,2024,2025,2,TRUE
116128,4431520,HighSchool,2021,387,Chaz Chambliss,Carrollton,Georgia,LB,74,239,4,0.8914,Carrollton,GA,USA,33.5801103,-85.0766113,13045,LB,Chaz Chambliss,LB,LB,Georgia,Southeastern Conference,2025,2025,NA,TRUE
116141,4683487,HighSchool,2021,400,Joe Alt,Totino-Grace,Notre Dame,OT,79,283,4,0.8901,Minneapolis,MN,USA,44.9772995,-93.2654692,27053,OL,Joe Alt,OT,OL,Notre Dame,Independent,2024,2025,1,TRUE
116143,4683215,HighSchool,2021,402,Danny Stutsman,Foundation Academy,Oklahoma,LB,74.5,215,3,0.89,Winter Garden,FL,USA,28.5656649,-81.5856742,12095,LB,Danny Stutsman,LB,LB,Oklahoma,Southeastern Conference,2025,2025,4,TRUE
116154,4588300,HighSchool,2021,413,Kobe King,Cass Technical,Penn State,LB,72.5,223,3,0.8889,Detroit,MI,USA,42.3315509,-83.046640300000007,26163,LB,Kobe King,LB,LB,Penn State,Big Ten Conference,2025,2025,6,TRUE
116162,4682652,HighSchool,2021,421,Devin Neal,Lawrence,Kansas,RB,71,208,3,0.8888,Lawrence,KS,USA,38.9719384,-95.2359496,20045,RB,Devin Neal,RB,RB,Kansas,Big Twelve Conference,2025,2025,6,TRUE
116173,4432705,HighSchool,2021,432,Bryson Green,Allen,Oklahoma State,WR,72.5,203,3,0.8875,Allen,TX,USA,33.1031744,-96.6705503,48085,WR,Bryson Green,WR,WR,Wisconsin; Oklahoma State,Big Ten Conference,2025,2025,NA,TRUE
116175,4431214,HighSchool,2021,434,Hayden Conner,Taylor,Texas,OT,77.5,317,3,0.8873,Katy,TX,USA,29.7857853,-95.8243956,48157,OL,Hayden Conner,G,OL,Texas,Southeastern Conference,2025,2025,6,TRUE
116180,4683059,HighSchool,2021,439,Collin Oliver,Santa Fe,Oklahoma State,LB,74,220,3,0.8867,Edmond,OK,USA,35.6571367,-97.4649038,40109,LB,Collin Oliver,LB,LB,Oklahoma State,Big Twelve Conference,2025,2025,5,TRUE
116191,4599198,HighSchool,2021,450,Jared Wilson,West Forsyth,Georgia,IOL,76,325,3,0.8856,Clemmons,NC,USA,36.0215258,-80.3819984,37067,OTHER,Jared Wilson,G,OL,Georgia,Southeastern Conference,2025,2025,3,TRUE
116196,5085888,HighSchool,2021,453,Easton Mascarenas-Arnold,Mission Viejo,Oregon State,LB,72,215,3,0.8852,Mission Viejo,CA,USA,33.5965685,-117.659405,06059,LB,Easton Mascarenas-Arnold,LB,LB,USC; Oregon State,Big Ten Conference,2025,2025,NA,TRUE
116240,4683243,HighSchool,2021,493,Mitchell Evans,Wadsworth,Notre Dame,TE,79,240,3,0.8815,Wadsworth,OH,USA,41.0256101,-81.7298519,39103,TE,Mitchell Evans,TE,TE,Notre Dame,Independent,2025,2025,5,TRUE
116319,4709392,HighSchool,2021,579,Anthony Tyus III,Portage Northern,Northwestern,RB,73,207,3,0.8756,Portage,MI,USA,42.2011538,-85.5800022,26077,RB,Anthony Tyus III,RB,RB,Ohio,Mid-American Conference,2025,2025,NA,TRUE
116328,4602648,HighSchool,2021,583,Kevin Knowles II,McArthur,Florida State,CB,70,168,3,0.8752,Hollywood,FL,USA,26.0112014,-80.1494901,12011,DB,Kevin Knowles,DB,DB,Florida State,Atlantic Coast Conference,2025,2025,NA,TRUE
116509,4688380,HighSchool,2021,773,Xavier Ward,Eleanor Roosevelt,Washington State,QB,74,195,3,0.8659,Corona,CA,USA,33.8752945,-117.5664449,06065,QB,Cam Ward,QB,QB,Miami; Washington State; Incarnate Word,Atlantic Coast Conference,2025,2025,1,TRUE
117220,4686361,HighSchool,2021,1527,Cam Little,Southmoore,Arkansas,K,74,170,3,0.8378,Moore,OK,USA,35.3395135,-97.4867045,40027,ST,Cam Little,K,SPEC,Arkansas,Southeastern Conference,2024,2025,6,TRUE
117356,4569923,HighSchool,2021,1654,Andres Borregales,Champagnat Catholic - Hialeah,Miami,K,71,140,3,0.8333,Hialeah,FL,USA,25.8575963,-80.2781057,12086,ST,Andy Borregales,K,SPEC,Miami,Atlantic Coast Conference,2025,2025,6,TRUE
117445,4361915,HighSchool,2021,1758,Dre Pinckney,Boiling Springs,Coastal Carolina,S,70.5,170,3,0.83,Boiling Springs,SC,USA,35.04136,-81.97882024148419,45083,DB,Sam Pinckney,WR,WR,Coastal Carolina; Georgia State,Sun Belt Conference,2024,2024,NA,TRUE
117628,4691043,HighSchool,2021,1941,Nikko Reed,Moreau Catholic,Colorado,ATH,70,160,3,0.8226,Hayward,CA,USA,37.6688205,-122.0807964,06001,ATH,Nikko Reed,CB,DB,Oregon; Colorado,Big Ten Conference,2025,2025,NA,TRUE
117675,4709980,HighSchool,2021,1981,Johnathan Baldwin,Dobie,UNLV,S,72,185,3,0.8206,Houston,TX,USA,29.7589382,-95.3676974,48201,DB,Johnathan Baldwin,CB,DB,UNLV,Mountain West Conference,2025,2025,NA,TRUE
117692,4877475,HighSchool,2021,1991,Cam'Ron Silmon,Trinity Christian School,Jackson State,S,70,170,3,0.8204,Cedar Hill,TX,USA,32.5888072,-96.9553675,48113,DB,Cam'Ron Silmon-Craig,DB,DB,Colorado; Jackson State University,Big Twelve Conference,2025,2025,NA,TRUE
117782,4875266,HighSchool,2021,2090,BJ Green,Prince Avenue Christian School,Arizona State,LB,73,240,3,0.8167,Powder Springs,GA,USA,33.8595492,-84.683824,13067,LB,BJ Green II,DE,DL,Colorado; Arizona State,Big Twelve Conference,2025,2025,NA,TRUE
117789,4877824,HighSchool,2021,2090,Zach Horton,Northside,James Madison,TE,76,249,3,0.8167,Roanoke,VA,USA,37.270973,-79.9414313,51770,TE,Zach Horton,TE,TE,Indiana; James Madison,Big Ten Conference,2025,2025,NA,TRUE
117924,4683276,HighSchool,2021,2236,Zeek Biggers,West Rowan,Georgia Tech,DL,79,330,3,0.8111,Mount Ulla,NC,USA,35.6584725,-80.7267361,37159,DL,Zeek Biggers,DT,DL,Georgia Tech,Atlantic Coast Conference,2025,2025,7,TRUE
117977,3821571,HighSchool,2021,2280,Jakelyn Morgan,Tyler Legacy,Arizona,CB,73,175,3,0.8081,Tyler,TX,USA,32.3512601,-95.3010624,48423,DB,Jordan Morgan,OT,OL,Arizona,Pacific Twelve Conference,2024,2025,1,TRUE
118145,4261090,HighSchool,2021,2458,Terrell Jackson,Trinity Christian Academy,Air Force,CB,73,170,3,0.7994,Jacksonville,FL,USA,30.3321838,-81.655651,12031,DB,Jordan Jackson,DT,DL,Air Force,Mountain West Conference,2022,2025,6,TRUE
113544,4685415,HighSchool,2022,1,Travis Hunter,Collins Hill,Jackson State,CB,73,165,5,0.9999,Suwanee,GA,USA,34.0514898,-84.0712997,13135,DB,Travis Hunter,WR,WR,Colorado; Jackson State University,Big Twelve Conference,2025,2025,1,TRUE
113545,4685503,HighSchool,2022,2,Walter Nolen,Powell,Texas A&M,DL,76,325,5,0.9997,Powell,TN,USA,36.0317472,-84.0279677,47093,DL,Walter Nolen,DT,DL,Mississippi; Texas A&M,Southeastern Conference,2025,2025,1,TRUE
113546,4685278,HighSchool,2022,3,Luther Burden III,East St. Louis,Missouri,WR,72,200,5,0.9974,East St. Louis,IL,USA,38.6244952,-90.1509429,17163,WR,Luther Burden III,WR,WR,Missouri,Southeastern Conference,2025,2025,2,TRUE
113547,4685623,HighSchool,2022,4,Mykel Williams,Hardaway,Georgia,DL,77,265,5,0.9958,Columbus,GA,USA,32.4609764,-84.9877094,13215,DL,Mykel Williams,DE,DL,Georgia,Southeastern Conference,2025,2025,1,TRUE
113552,4685562,HighSchool,2022,9,Shemar Stewart,Monsignor Pace,Texas A&M,DL,78,272,5,0.9945,Opa Locka,FL,USA,25.896733849999997,-80.25949640850294,12086,DL,Shemar Stewart,DE,DL,Texas A&M,Southeastern Conference,2025,2025,1,TRUE
113559,4685326,HighSchool,2022,16,Josh Conerly Jr.,Rainier Beach,Oregon,OT,77,283,5,0.9918,Seattle,WA,USA,47.6038321,-122.3300624,53033,OL,Josh Conerly Jr.,OT,OL,Oregon,Big Ten Conference,2025,2025,1,TRUE
113562,4685530,HighSchool,2022,19,Malaki Starks,Jefferson,Georgia,ATH,73,200,5,0.9905,Jefferson,GA,USA,34.1170537,-83.5723876,13157,ATH,Malaki Starks,SAF,DB,Georgia,Southeastern Conference,2025,2025,1,TRUE
113564,4685287,HighSchool,2022,21,Jihaad Campbell,IMG Academy,Alabama,EDGE,75,215,5,0.9899,Erial,NJ,USA,39.773448,-75.006278,34007,OTHER,Jihaad Campbell,LB,LB,Alabama,Southeastern Conference,2025,2025,1,TRUE
113576,4685260,HighSchool,2022,33,Kelvin Banks Jr.,Summer Creek,Texas,OT,77,300,5,0.9842,Humble,TX,USA,29.9988312,-95.2621553,48201,OL,Kelvin Banks Jr.,OT,OL,Texas,Southeastern Conference,2025,2025,1,TRUE
113579,4685298,HighSchool,2022,36,Will Campbell,Neville,LSU,OT,78,300,4,0.983,Monroe,LA,USA,32.5093109,-92.1193012,22073,OL,Will Campbell,OT,OL,LSU,Southeastern Conference,2025,2025,1,TRUE
113589,4685597,HighSchool,2022,46,Jalon Walker,Salisbury,Georgia,LB,74,220,4,0.9803,Salisbury,NC,USA,35.6709727,-80.4742261,37159,LB,Jalon Walker,DE,DL,Georgia,Southeastern Conference,2025,2025,1,TRUE
113594,4685472,HighSchool,2022,51,Tetairoa McMillan,Servite,Arizona,WR,76,185,4,0.9779,Anaheim,CA,USA,33.8347516,-117.911732,06059,WR,Tetairoa McMillan,WR,WR,Arizona,Big Twelve Conference,2025,2025,1,TRUE
113595,4808839,HighSchool,2022,52,Isaiah Bond,Buford,Alabama,ATH,70.5,175,4,0.9773,Buford,GA,USA,34.1206564,-84.0043513,13135,ATH,Isaiah Bond,WR,WR,Texas; Alabama,Southeastern Conference,2025,2025,NA,TRUE
113600,4685263,HighSchool,2022,57,Tyler Booker,IMG Academy,Alabama,OT,77,325,4,0.9766,New Haven,CT,USA,41.3082138,-72.9250518,09009,OL,Tyler Booker,G,OL,Alabama,Southeastern Conference,2025,2025,1,TRUE
113632,4685596,HighSchool,2022,89,Azareye'h Thomas,Niceville,Florida State,ATH,74,181,4,0.9609,Niceville,FL,USA,30.5168639,-86.482172,12091,ATH,Azareye'h Thomas,CB,DB,Florida State,Atlantic Coast Conference,2025,2025,3,TRUE
113653,4685736,HighSchool,2022,110,Emery Jones Jr.,Baton Rouge Catholic,LSU,IOL,76,341,4,0.9549,Baton Rouge,LA,USA,30.4459596,-91.18738,22033,OTHER,Emery Jones Jr.,OT,OL,LSU,Southeastern Conference,2025,2025,3,TRUE
113677,4685382,HighSchool,2022,134,Omarion Hampton,Cleveland,North Carolina,RB,72,215,4,0.9456,Clayton,NC,USA,35.650711,-78.4563914,37101,RB,Omarion Hampton,RB,RB,North Carolina,Atlantic Coast Conference,2025,2025,1,TRUE
113733,4685350,HighSchool,2022,190,Trevor Etienne,Jennings,Florida,RB,69,218,4,0.9261,Jennings,LA,USA,30.2224284,-92.657085,29189,RB,Trevor Etienne,RB,RB,Georgia; Florida,Southeastern Conference,2025,2025,4,TRUE
113738,4685279,HighSchool,2022,195,Jaydon Blue,Klein Cain,Texas,RB,71.5,205,4,0.9226,Houston,TX,USA,29.7589382,-95.3676974,48201,RB,Jaydon Blue,RB,RB,Texas,Southeastern Conference,2025,2025,5,TRUE
113739,4685397,HighSchool,2022,196,Jordan James,Oakland,Oregon,RB,70,205,4,0.9224,Murfreesboro,TN,USA,35.845999,-86.3920452,47149,RB,Jordan James,RB,RB,Oregon,Big Ten Conference,2025,2025,5,TRUE
113745,5081394,HighSchool,2022,202,James Pearce Jr.,Chambers,Tennessee,EDGE,77,220,4,0.9205,Charlotte,NC,USA,35.2272,-80.843083,37119,OTHER,James Pearce Jr.,DE,DL,Tennessee,Southeastern Conference,2025,2025,1,TRUE
113750,4833355,HighSchool,2022,207,Nic Scourton,Bryan,Purdue,DL,75,258,4,0.9191,Bryan,TX,USA,30.6743643,-96.3699632,48041,DL,Nic Scourton,LB,LB,Texas A&M; Purdue,Southeastern Conference,2025,2025,2,TRUE
113753,4701936,HighSchool,2022,210,Matthew Golden,Klein Cain,Houston,WR,72,190,4,0.9181,Houston,TX,USA,29.7589382,-95.3676974,48201,WR,Matthew Golden,WR,WR,Texas; Houston,Southeastern Conference,2025,2025,1,TRUE
113781,4711533,HighSchool,2022,238,Ollie Gordon II,Trinity,Oklahoma State,RB,73,210,4,0.9125,Euless,TX,USA,32.8457865,-97.0667142473263,48439,RB,Ollie Gordon II,RB,RB,Oklahoma State,Big Twelve Conference,2025,2025,6,TRUE
113790,4873232,HighSchool,2022,247,Mason Graham,Servite,Michigan,DL,76,295,4,0.911,Anaheim,CA,USA,33.8347516,-117.911732,06059,DL,Mason Graham,DT,DL,Michigan,Big Ten Conference,2025,2025,1,TRUE
113830,4725996,HighSchool,2022,287,Abdul Carter,La Salle College,Penn State,LB,76,235,4,0.9028,Glenside,PA,USA,40.1023326,-75.1521195,42091,LB,Abdul Carter,LB,LB,Penn State,Big Ten Conference,2025,2025,1,TRUE
113833,4831989,HighSchool,2022,290,Deone Walker,Cass Technical,Kentucky,DL,78,350,4,0.9023,Detroit,MI,USA,42.3315509,-83.046640300000007,26163,DL,Deone Walker,DT,DL,Kentucky,Southeastern Conference,2025,2025,4,TRUE
113846,4723086,HighSchool,2022,302,Colston Loveland,Gooding,Michigan,TE,77,230,4,0.9011,Gooding,ID,USA,42.9389067,-114.7131938,16047,TE,Colston Loveland,TE,TE,Michigan,Big Ten Conference,2025,2025,1,TRUE
113847,4685270,HighSchool,2022,304,Stone Blanton,Madison-Ridgeland Academy,South Carolina,LB,74,220,4,0.9011,Madison,MS,USA,32.4618086,-90.1153638,28089,LB,Stone Blanton,LB,LB,Mississippi State; South Carolina,Southeastern Conference,2025,2025,NA,TRUE
113863,4816107,HighSchool,2022,311,Benjamin Morrison,Brophy College Preparatory,Notre Dame,CB,72.5,175,4,0.9,Phoenix,AZ,USA,33.4484367,-112.0741417,04013,DB,Benjamin Morrison,CB,DB,Notre Dame,Independent,2025,2025,2,TRUE
113885,4685617,HighSchool,2022,342,Kevin Winston Jr.,DeMatha Catholic,Penn State,S,73,190,4,0.8978,Hyattsville,MD,USA,38.9529442,-76.9408647,24033,DB,Kevin Winston Jr.,SAF,DB,Penn State,Big Ten Conference,2025,2025,3,TRUE
113906,4428863,HighSchool,2022,363,Trejon Williams,Jefferson,Oregon,S,71,180,4,0.8964,Portland,OR,USA,45.5202471,-122.6741949,41051,DB,Evan Williams,SAF,DB,Oregon; Fresno State,Pacific Twelve Conference,2024,2025,4,TRUE
113950,4685590,HighSchool,2022,407,Cameron Williams,Duncanville,Texas,OT,77,360,4,0.8919,Duncanville,TX,USA,32.6518004,-96.9083366,48113,OL,Cameron Williams,OT,OL,Texas,Southeastern Conference,2025,2025,6,TRUE
113978,4869523,HighSchool,2022,435,Nick Emmanwori,Irmo,South Carolina,S,75,208,3,0.8889,Irmo,SC,USA,34.08846885,-81.18021121302588,45063,DB,Nick Emmanwori,SAF,DB,South Carolina,Southeastern Conference,2025,2025,2,TRUE
113987,4894654,HighSchool,2022,444,Kenneth Grant,Merrillville,Michigan,DL,76,335,3,0.8881,Merrillville,IN,USA,41.4828144,-87.3328139,18089,DL,Kenneth Grant,DT,DL,Michigan,Big Ten Conference,2025,2025,1,TRUE
113989,5081397,HighSchool,2022,444,Dylan Sampson,Dutchtown,Tennessee,RB,69,180,3,0.8881,Geismar,LA,USA,30.2043633,-91.0226013,22005,RB,Dylan Sampson,RB,RB,Tennessee,Southeastern Conference,2025,2025,4,TRUE
114034,4808766,HighSchool,2022,492,Mason Taylor,St. Thomas Aquinas,LSU,TE,76.5,230,3,0.885,Fort Lauderdale,FL,USA,26.1223084,-80.1433786,12011,TE,Mason Taylor,TE,TE,LSU,Southeastern Conference,2025,2025,2,TRUE
114054,4789907,HighSchool,2022,502,Armand Membou,Lee's Summit North,Missouri,IOL,76,320,3,0.8837,Lee's Summit,MO,USA,38.9107156,-94.3821295,29095,OTHER,Armand Membou,OT,OL,Missouri,Southeastern Conference,2025,2025,1,TRUE
114148,4808830,HighSchool,2022,600,Damien Martinez,Lewisville,Oregon State,RB,70,220,3,0.8781,Lewisville,TX,USA,33.046233,-96.994174,48121,RB,Damien Martinez,RB,RB,Miami; Oregon State,Atlantic Coast Conference,2025,2025,7,TRUE
114798,4890973,HighSchool,2022,1284,Ashton Jeanty,Lone Star,Boise State,RB,69,195,3,0.8496,Frisco,TX,USA,33.1506744,-96.8236116,48085,RB,Ashton Jeanty,RB,RB,Boise State,Mountain West Conference,2025,2025,1,TRUE
114956,4613202,HighSchool,2022,1442,Kendall Williams,Lincoln,Washington State,DL,76,285,3,0.843,San Diego,CA,USA,32.7174209,-117.1627714,06073,DL,Kyle Williams,WR,WR,Washington State,Pacific Twelve Conference,2025,2025,3,TRUE
115383,4912847,HighSchool,2022,1869,Jacob Parrish,Olathe North,Kansas State,ATH,71,165,3,0.8215,Olathe,KS,USA,38.8838856,-94.81887,20091,ATH,Jacob Parrish,CB,DB,Kansas State,Big Twelve Conference,2025,2025,3,TRUE
111255,4700136,HighSchool,2023,9,Francis Mauigoa,IMG Academy,Miami,OT,77.5,330,5,0.994,Bradenton,FL,USA,27.4989278,-82.5748194,12081,OL,Francisco Mauigoa,LB,LB,Miami; Washington State,Atlantic Coast Conference,2025,2025,5,TRUE
111603,4363547,HighSchool,2023,357,Gabarri Johnson,Lincoln,Missouri,QB,72,200,4,0.8978,Tacoma,WA,USA,47.2495798,-122.4398746,53053,QB,Marcellus Johnson,OT,OL,Missouri; Eastern Michigan,Southeastern Conference,2024,2025,NA,TRUE
111999,4686308,HighSchool,2023,752,Sam West,Greensburg Community,Indiana,TE,77,205,3,0.8739,Greensburg,IN,USA,39.3372722,-85.483581,18031,TE,CJ West,DT,DL,Indiana; Kent State,Big Ten Conference,2025,2025,4,TRUE
112982,4581750,HighSchool,2023,1745,EJ Smith,Warren,Nevada,LB,72,230,3,0.8367,Downey,CA,USA,33.942215,-118.1235646,06037,LB,Jaden Smith,WR,WR,Nevada; Tarleton State; Montana State,Mountain West Conference,2025,2025,NA,TRUE
